Data;Ultimo;Abertura;Maxima;Minima;Volume;Variacao;b_Variacao_Positivo;Retorno_pct;SMA_3;SMA_7;SMA_14
02/01/1995;4.301;4.354;4.398;4.300;4100000000;-0,0122;0;-0,047198326;4.034;3.761;3.878
03/01/1995;4.098;4.370;4.386;4.094;8350000000;-0,0472;0;-0,031722792;3.944;3.724;3.853
04/01/1995;3.968;4.098;4.098;3.861;11950000000;-0,0317;0;0,017389113;3.831;3.744;3.844
05/01/1995;4.037;3.968;4.040;3.944;8760000000;0,0174;1;-0,052018826;3.575;3.746;3.836
06/01/1995;3.827;4.037;4.106;3.813;12020000000;-0,052;0;-0,051998955;3.466;3.801;3.833
09/01/1995;3.628;3.827;3.836;3.570;9450000000;-0,052;0;-0,098676957;3.537;3.865;3.830
10/01/1995;3.270;3.628;3.692;3.175;13160000000;-0,0987;0;0,070030581;3.815;3.942;3.874
11/01/1995;3.499;3.270;3.505;3.109;13970000000;0,07;1;0,097742212;4.000;3.994;3.909
12/01/1995;3.841;3.499;3.841;3.499;15010000000;0,0977;1;0,068471752;4.123;3.982;3.913
13/01/1995;4.104;3.841;4.108;3.785;13620000000;0,0685;1;-0,011695906;4.115;3.945;3.902
16/01/1995;4.056;4.104;4.104;3.865;9290000000;-0,0117;0;0,037968442;4.032;3.926;3.885
17/01/1995;4.210;4.056;4.256;3.985;8850000000;0,038;1;-0,031353919;3.916;3.865;3.845
18/01/1995;4.078;4.210;4.221;4.078;8940000000;-0,0314;0;-0,065963708;3.810;3.794;3.807
19/01/1995;3.809;4.078;4.078;3.776;7670000000;-0,066;0;0,013914413;3.820;3.805;3.778
20/01/1995;3.862;3.809;3.871;3.635;8570000000;0,0139;1;-0,026929052;3.842;3.824;3.739
23/01/1995;3.758;3.862;3.862;3.680;4920000000;-0,0269;0;0,021820117;3.850;3.844;3.706
24/01/1995;3.840;3.758;3.864;3.758;5680000000;0,0218;1;0,02265625;3.764;3.858;3.659
26/01/1995;3.927;3.840;3.973;3.840;6890000000;0,0227;1;-0,036414566;3.750;3.845;3.598
27/01/1995;3.784;3.927;3.951;3.734;6920000000;-0,0364;0;-0,053646934;3.819;3.824;3.532
30/01/1995;3.581;3.784;3.784;3.423;7870000000;-0,0536;0;0,084892488;3.924;3.820;3.492
31/01/1995;3.885;3.581;3.914;3.547;9730000000;0,0849;1;0,027027027;3.944;3.751;3.426
01/02/1995;3.990;3.885;4.067;3.885;10210000000;0,027;1;-0,023057644;3.891;3.654;3.341
02/02/1995;3.898;3.990;3.990;3.829;8220000000;-0,0231;0;0,011800924;3.804;3.567;3.268
03/02/1995;3.944;3.898;3.975;3.837;11830000000;0,0118;1;-0,028904665;3.674;3.460;3.216
06/02/1995;3.830;3.944;3.987;3.811;6230000000;-0,0289;0;-0,050391645;3.532;3.351;3.176
07/02/1995;3.637;3.830;3.830;3.637;7090000000;-0,0504;0;-0,022271103;3.422;3.241;3.130
08/02/1995;3.556;3.637;3.706;3.553;7790000000;-0,0223;0;-0,043307087;3.335;3.165;3.089
09/02/1995;3.402;3.556;3.556;3.284;8700000000;-0,0433;0;-0,027630805;3.265;3.102;3.051
10/02/1995;3.308;3.402;3.402;3.256;7320000000;-0,0276;0;-0,003929867;3.185;3.028;3.001
13/02/1995;3.295;3.308;3.433;3.288;7370000000;-0,0039;0;-0,031259484;3.042;2.968;2.935
14/02/1995;3.192;3.295;3.295;3.138;11040000000;-0,0313;0;-0,038533835;2.985;2.971;2.859
15/02/1995;3.069;3.192;3.285;3.061;12930000000;-0,0385;0;-0,066797002;2.950;3.000;2.832
16/02/1995;2.864;3.069;3.069;2.810;10500000000;-0,0668;0;0,05551676;2.926;3.018;2.818
17/02/1995;3.023;2.864;3.023;2.864;12490000000;0,0555;1;-0,02017863;2.876;3.013;2.818
20/02/1995;2.962;3.023;3.054;2.955;11310000000;-0,0202;0;-0,057056043;2.961;3.000;2.816
21/02/1995;2.793;2.962;2.963;2.782;10960000000;-0,0571;0;0,028284998;3.120;2.974;2.841
22/02/1995;2.872;2.793;2.883;2.762;11470000000;0,0283;1;0,120125348;3.159;2.902;2.849
23/02/1995;3.217;2.872;3.217;2.872;12090000000;0,1201;1;0,016785825;3.083;2.747;2.824
24/02/1995;3.271;3.217;3.346;3.184;11820000000;0,0168;1;-0,086212168;2.948;2.664;2.805
02/03/1995;2.989;3.271;3.267;2.970;6000000000;-0,0862;0;-0,00033456;2.824;2.618;2.806
03/03/1995;2.988;2.989;3.018;2.842;9450000000;-0,0003;0;-0,040495315;2.615;2.623;2.818
06/03/1995;2.867;2.988;3.036;2.856;8400000000;-0,0405;0;-0,08754796;2.372;2.633;2.853
07/03/1995;2.616;2.867;2.956;2.607;11620000000;-0,0875;0;-0,096712538;2.396;2.708;2.907
08/03/1995;2.363;2.616;2.701;2.351;13000000000;-0,0967;0;-0,095217943;2.498;2.796;2.971
09/03/1995;2.138;2.363;2.449;2.110;15760000000;-0,0952;0;0,256314312;2.791;2.901;3.046
10/03/1995;2.686;2.138;2.686;2.145;18400000000;0,2563;1;-0,005584512;2.876;2.947;3.078
13/03/1995;2.671;2.686;2.788;2.542;12250000000;-0,0056;0;0,129539498;3.033;2.994;3.100
14/03/1995;3.017;2.671;3.056;2.725;14100000000;0,1295;1;-0,025853497;3.021;3.013;3.091
15/03/1995;2.939;3.017;3.083;2.901;10100000000;-0,0259;0;0,069071113;2.998;3.073;3.104
16/03/1995;3.142;2.939;3.142;2.915;9490000000;0,0691;1;-0,051241248;2.952;3.106;3.107
17/03/1995;2.981;3.142;3.165;2.899;12940000000;-0,0512;0;-0,037235827;2.960;3.145;3.127
20/03/1995;2.870;2.981;3.039;2.844;8160000000;-0,0372;0;0,04738676;3.052;3.192;3.150
21/03/1995;3.006;2.870;3.035;2.874;8710000000;0,0474;1;-0,000665336;3.170;3.209;3.157
22/03/1995;3.004;3.006;3.149;2.944;11610000000;-0,0007;0;0,047270306;3.293;3.205;3.158
23/03/1995;3.146;3.004;3.146;2.915;9710000000;0,0473;1;0,06834075;3.330;3.169;3.149
24/03/1995;3.361;3.146;3.388;3.146;11720000000;0,0683;1;0,003272835;3.275;3.136;3.132
27/03/1995;3.372;3.361;3.495;3.336;9720000000;0,0033;1;-0,034400949;3.193;3.108;3.119
28/03/1995;3.256;3.372;3.372;3.238;8890000000;-0,0344;0;-0,017813268;3.101;3.108;3.124
29/03/1995;3.198;3.256;3.310;3.154;9540000000;-0,0178;0;-0,022514071;3.000;3.107;3.138
30/03/1995;3.126;3.198;3.356;3.117;11210000000;-0,0225;0;-0,047024952;2.999;3.106;3.165
31/03/1995;2.979;3.126;3.126;2.947;11840000000;-0,047;0;-0,028533065;3.066;3.111;3.217
03/04/1995;2.894;2.979;2.983;2.867;7390000000;-0,0285;0;0,079820318;3.187;3.129;3.283
04/04/1995;3.125;2.894;3.125;2.894;15830000000;0,0798;1;0,0176;3.209;3.128;3.335
05/04/1995;3.180;3.125;3.192;3.073;12410000000;0,0176;1;0,023584906;3.187;3.130;3.380
06/04/1995;3.255;3.180;3.302;3.180;17680000000;0,0236;1;-0,019047619;3.108;3.141;3.424
07/04/1995;3.193;3.255;3.257;3.160;10250000000;-0,019;0;-0,024741622;3.051;3.168;3.480
10/04/1995;3.114;3.193;3.193;3.105;5770000000;-0,0247;0;-0,030828516;3.051;3.225;3.546
11/04/1995;3.018;3.114;3.114;2.944;9460000000;-0,0308;0;0,000994036;3.109;3.322;3.617
12/04/1995;3.021;3.018;3.031;2.897;10510000000;0,001;1;0,030453492;3.213;3.437;3.681
17/04/1995;3.113;3.021;3.163;3.014;14000000000;0,0305;1;0,026019916;3.303;3.543;3.749
18/04/1995;3.194;3.113;3.198;3.081;13680000000;0,026;1;0,042892924;3.409;3.631;3.810
19/04/1995;3.331;3.194;3.338;3.182;13770000000;0,0429;1;0,015911138;3.532;3.707;3.854
20/04/1995;3.384;3.331;3.402;3.270;11020000000;0,0159;1;0,038120567;3.679;3.792;3.898
24/04/1995;3.513;3.384;3.516;3.377;11810000000;0,0381;1;0,0529462;3.792;3.867;3.925
25/04/1995;3.699;3.513;3.777;3.478;15420000000;0,0529;1;0,034333604;3.830;3.912;3.935
26/04/1995;3.826;3.699;3.908;3.699;15820000000;0,0343;1;0,006534239;3.842;3.924;3.945
27/04/1995;3.851;3.826;3.913;3.782;15220000000;0,0065;1;-0,009607894;3.884;3.955;3.956
28/04/1995;3.814;3.851;3.924;3.787;10930000000;-0,0096;0;0,012585212;3.961;3.988;3.966
02/05/1995;3.862;3.814;3.879;3.727;8040000000;0,0126;1;0,029518384;4.009;4.001;3.978
03/05/1995;3.976;3.862;4.053;3.862;13910000000;0,0295;1;0,017102616;3.989;4.004;3.983
04/05/1995;4.044;3.976;4.064;3.945;12960000000;0,0171;1;-0,008902077;3.996;3.983;3.987
05/05/1995;4.008;4.044;4.081;3.986;7940000000;-0,0089;0;-0,023453094;4.010;3.958;3.988
08/05/1995;3.914;4.008;4.008;3.901;8920000000;-0,0235;0;0,038579458;4.022;3.965;3.987
09/05/1995;4.065;3.914;4.092;3.914;9520000000;0,0386;1;-0,003690037;4.000;3.957;3.975
10/05/1995;4.050;4.065;4.151;4.044;14590000000;-0,0037;0;-0,024444444;3.948;3.943;3.951
11/05/1995;3.951;4.050;4.079;3.928;11850000000;-0,0244;0;0,011895723;3.909;3.955;3.934
12/05/1995;3.998;3.951;3.998;3.923;8840000000;0,0119;1;-0,026013007;3.898;3.962;3.918
15/05/1995;3.894;3.998;4.044;3.882;7200000000;-0,026;0;-0,015151515;3.936;3.991;3.923
16/05/1995;3.835;3.894;3.896;3.787;9600000000;-0,0152;0;0,033637549;3.974;4.018;3.940
17/05/1995;3.964;3.835;3.977;3.835;10710000000;0,0336;1;0,011099899;3.997;4.009;3.938
18/05/1995;4.008;3.964;4.038;3.964;11520000000;0,0111;1;-0,014471058;4.011;3.993;3.923
19/05/1995;3.950;4.008;4.008;3.888;10130000000;-0,0145;0;0,021265823;4.061;3.959;3.914
22/05/1995;4.034;3.950;4.042;3.935;7970000000;0,0213;1;0,003718394;4.056;3.914;3.888
23/05/1995;4.049;4.034;4.110;4.028;11120000000;0,0037;1;0,012595703;4.008;3.875;3.863
24/05/1995;4.100;4.049;4.146;4.042;11000000000;0,0126;1;-0,019756098;3.940;3.855;3.841
25/05/1995;4.019;4.100;4.185;4.015;16260000000;-0,0198;0;-0,028365265;3.836;3.862;3.816
26/05/1995;3.905;4.019;4.019;3.905;11540000000;-0,0284;0;-0,002304738;3.775;3.866;3.802
29/05/1995;3.896;3.905;3.905;3.797;8460000000;-0,0023;0;-0,048511294;3.734;3.853;3.788
30/05/1995;3.707;3.896;3.912;3.700;13320000000;-0,0485;0;0,003776639;3.820;3.869;3.779
31/05/1995;3.721;3.707;3.824;3.689;8880000000;0,0038;1;0,014243483;3.934;3.862;3.773
01/06/1995;3.774;3.721;3.784;3.662;11360000000;0,0142;1;0,050874404;3.987;3.852;3.760
02/06/1995;3.966;3.774;3.982;3.774;17580000000;0,0509;1;0,024457892;3.935;3.827;3.733
05/06/1995;4.063;3.966;4.067;3.966;13950000000;0,0245;1;-0,031996062;3.853;3.770;3.695
06/06/1995;3.933;4.063;4.063;3.900;16390000000;-0,032;0;-0,031782354;3.766;3.739;3.676
07/06/1995;3.808;3.933;3.935;3.782;17040000000;-0,0318;0;0,00262605;3.731;3.723;3.669
08/06/1995;3.818;3.808;3.880;3.726;14990000000;0,0026;1;-0,038501833;3.722;3.689;3.659
09/06/1995;3.671;3.818;3.819;3.637;14140000000;-0,0385;0;0,009261782;3.720;3.683;3.654
12/06/1995;3.705;3.671;3.715;3.590;8450000000;0,0093;1;0,022672065;3.724;3.668;3.646
13/06/1995;3.789;3.705;3.790;3.673;9880000000;0,0227;1;-0,032726313;3.693;3.639;3.635
14/06/1995;3.665;3.789;3.789;3.649;12390000000;-0,0327;0;0,014461119;3.664;3.621;3.638
16/06/1995;3.718;3.665;3.730;3.635;6610000000;0,0145;1;-0,00591716;3.635;3.613;3.645
19/06/1995;3.696;3.718;3.765;3.674;13410000000;-0,0059;0;-0,03219697;3.603;3.615;3.664
20/06/1995;3.577;3.696;3.698;3.563;12680000000;-0,0322;0;0,015376013;3.606;3.630;3.691
21/06/1995;3.632;3.577;3.639;3.518;12430000000;0,0154;1;-0,009085903;3.574;3.626;3.710
22/06/1995;3.599;3.632;3.659;3.575;11610000000;-0,0091;0;-0,003612114;3.595;3.625;3.740
23/06/1995;3.586;3.599;3.672;3.545;10520000000;-0,0036;0;-0,01366425;3.638;3.632;3.770
26/06/1995;3.537;3.586;3.587;3.516;6580000000;-0,0137;0;0,035057959;3.685;3.655;3.805
27/06/1995;3.661;3.537;3.693;3.537;13870000000;0,0351;1;0,014750068;3.665;3.678;3.831
28/06/1995;3.715;3.661;3.744;3.661;10060000000;0,0148;1;-0,009959623;3.625;3.713;3.845
29/06/1995;3.678;3.715;3.715;3.664;7630000000;-0,01;0;-0,020391517;3.610;3.753;3.856
30/06/1995;3.603;3.678;3.710;3.601;7260000000;-0,0204;0;-0,002497918;3.643;3.794;3.880
03/07/1995;3.594;3.603;3.629;3.574;4230000000;-0,0025;0;0,011129661;3.718;3.856;3.899
04/07/1995;3.634;3.594;3.641;3.586;5820000000;0,0111;1;0,018161805;3.828;3.909;3.918
05/07/1995;3.700;3.634;3.732;3.589;10970000000;0,0182;1;0,032702703;3.914;3.956;3.934
06/07/1995;3.821;3.700;3.821;3.700;10700000000;0,0327;1;0,036901335;3.936;3.984;3.938
07/07/1995;3.962;3.821;3.969;3.820;13150000000;0,0369;1;-0,001009591;3.958;3.978;3.935
10/07/1995;3.958;3.962;4.013;3.942;13000000000;-0,001;0;-0,017433047;3.974;3.959;3.930
11/07/1995;3.889;3.958;3.963;3.878;13090000000;-0,0174;0;0,035227565;4.020;3.966;3.929
12/07/1995;4.026;3.889;4.027;3.862;10350000000;0,0352;1;-0,004470939;4.017;3.943;3.918
13/07/1995;4.008;4.026;4.080;3.990;11130000000;-0,0045;0;0,004740519;3.987;3.927;3.911
14/07/1995;4.027;4.008;4.028;3.935;9760000000;0,0047;1;-0,002731562;3.921;3.912;3.911
17/07/1995;4.016;4.027;4.051;3.963;6370000000;-0,0027;0;-0,024153386;3.896;3.892;3.924
18/07/1995;3.919;4.016;4.018;3.904;11330000000;-0,0242;0;-0,022965042;3.877;3.891;3.958
19/07/1995;3.829;3.919;3.934;3.819;11740000000;-0,023;0;0,028728127;3.900;3.900;3.993
20/07/1995;3.939;3.829;3.943;3.829;13770000000;0,0287;1;-0,019548109;3.893;3.891;4.017
21/07/1995;3.862;3.939;3.951;3.858;11530000000;-0,0195;0;0,009839461;3.899;3.892;4.051
24/07/1995;3.900;3.862;3.903;3.852;7220000000;0,0098;1;0,004615385;3.903;3.895;4.072
25/07/1995;3.918;3.900;3.945;3.887;8080000000;0,0046;1;-0,009954058;3.893;3.910;4.084
26/07/1995;3.879;3.918;3.921;3.858;7250000000;-0,01;0;0,008765146;3.893;3.956;4.103
27/07/1995;3.913;3.879;3.924;3.816;4880000000;0,0088;1;-0,00638896;3.879;4.025;4.125
28/07/1995;3.888;3.913;3.952;3.875;8870000000;-0,0064;0;-0,002572016;3.889;4.085;4.150
31/07/1995;3.878;3.888;3.888;3.846;6610000000;-0,0026;0;-0,001805054;3.938;4.143;4.175
01/08/1995;3.871;3.878;3.893;3.818;9610000000;-0,0018;0;0,012141565;4.048;4.209;4.206
02/08/1995;3.918;3.871;3.971;3.871;7170000000;0,0121;1;0,027565084;4.207;4.249;4.234
03/08/1995;4.026;3.918;4.026;3.878;12420000000;0,0276;1;0,043219076;4.302;4.257;4.265
04/08/1995;4.200;4.026;4.201;4.026;18700000000;0,0432;1;0,046190476;4.328;4.250;4.283
07/08/1995;4.394;4.200;4.394;4.194;13780000000;0,0462;1;-0,018889395;4.309;4.226;4.288
08/08/1995;4.311;4.394;4.394;4.248;9660000000;-0,0189;0;-0,007190907;4.270;4.214;4.302
09/08/1995;4.280;4.311;4.364;4.251;16580000000;-0,0072;0;0,013317757;4.204;4.208;4.308
10/08/1995;4.337;4.280;4.337;4.253;9320000000;0,0133;1;-0,033202675;4.143;4.202;4.301
11/08/1995;4.193;4.337;4.337;4.148;11180000000;-0,0332;0;-0,026711185;4.153;4.218;4.310
14/08/1995;4.081;4.193;4.193;4.043;5840000000;-0,0267;0;0,018377849;4.203;4.274;4.336
15/08/1995;4.156;4.081;4.236;4.079;9990000000;0,0184;1;0,01612127;4.229;4.315;4.362
16/08/1995;4.223;4.156;4.236;4.077;9650000000;0,0161;1;0,001420791;4.254;4.349;4.386
17/08/1995;4.229;4.223;4.298;4.206;9020000000;0,0014;1;0,001418775;4.280;4.390;4.409
18/08/1995;4.235;4.229;4.277;4.213;9570000000;0,0014;1;0,015112161;4.359;4.409;4.430
21/08/1995;4.299;4.235;4.304;4.231;14480000000;0,0151;1;0,001628286;4.407;4.400;4.455
22/08/1995;4.306;4.299;4.353;4.262;13110000000;0,0016;1;0,038318625;4.458;4.401;4.483
23/08/1995;4.471;4.306;4.489;4.306;15090000000;0,0383;1;-0,005815254;4.473;4.398;4.502
24/08/1995;4.445;4.471;4.538;4.417;10460000000;-0,0058;0;0,003149606;4.447;4.408;4.528
25/08/1995;4.459;4.445;4.489;4.408;8340000000;0,0031;1;0,01255887;4.373;4.423;4.553
28/08/1995;4.515;4.459;4.555;4.459;7870000000;0,0126;1;-0,03255814;4.305;4.428;4.577
29/08/1995;4.368;4.515;4.515;4.359;7700000000;-0,0326;0;-0,03021978;4.332;4.452;4.612
30/08/1995;4.236;4.368;4.368;4.186;10070000000;-0,0302;0;0,017469311;4.427;4.509;4.650
31/08/1995;4.310;4.236;4.343;4.215;9000000000;0,0175;1;0,032482599;4.511;4.565;4.678
01/09/1995;4.450;4.310;4.455;4.310;12330000000;0,0325;1;0,015730337;4.544;4.606;4.694
04/09/1995;4.520;4.450;4.520;4.445;6010000000;0,0157;1;0,009513274;4.548;4.648;4.698
05/09/1995;4.563;4.520;4.565;4.493;17430000000;0,0095;1;-0,002849003;4.574;4.682;4.697
06/09/1995;4.550;4.563;4.582;4.528;9160000000;-0,0028;0;-0,003956044;4.625;4.725;4.697
08/09/1995;4.532;4.550;4.568;4.530;5740000000;-0,004;0;0,023609885;4.693;4.772;4.699
11/09/1995;4.639;4.532;4.639;4.517;7550000000;0,0236;1;0,01401164;4.750;4.792;4.701
12/09/1995;4.704;4.639;4.731;4.639;20030000000;0,014;1;0,007015306;4.783;4.790;4.689
13/09/1995;4.737;4.704;4.829;4.660;22070000000;0,007;1;0,015410597;4.821;4.781;4.673
14/09/1995;4.810;4.737;4.870;4.734;19110000000;0,0154;1;-0,001663202;4.838;4.748;4.645
15/09/1995;4.802;4.810;4.849;4.771;10690000000;-0,0017;0;0,010204082;4.830;4.711;4.624
18/09/1995;4.851;4.802;4.883;4.802;9520000000;0,0102;1;0,002061431;4.777;4.668;4.600
19/09/1995;4.861;4.851;4.885;4.812;17410000000;0,0021;1;-0,017280395;4.715;4.626;4.571
20/09/1995;4.777;4.861;4.882;4.767;12990000000;-0,0173;0;-0,017374921;4.649;4.611;4.545
21/09/1995;4.694;4.777;4.783;4.676;12140000000;-0,0174;0;-0,004260758;4.599;4.589;4.531
22/09/1995;4.674;4.694;4.694;4.608;13610000000;-0,0043;0;-0,020325203;4.557;4.564;4.519
25/09/1995;4.579;4.674;4.674;4.568;7040000000;-0,0203;0;-0,00764359;4.553;4.542;4.517
26/09/1995;4.544;4.579;4.637;4.530;8870000000;-0,0076;0;0,000880282;4.595;4.536;4.523
27/09/1995;4.548;4.544;4.576;4.484;10770000000;0,0009;1;0,004177661;4.592;4.531;4.527
28/09/1995;4.567;4.548;4.616;4.548;10220000000;0,0042;1;0,022553098;4.571;4.516;4.528
29/09/1995;4.670;4.567;4.674;4.556;7790000000;0,0226;1;-0,028265525;4.489;4.478;4.528
02/10/1995;4.538;4.670;4.685;4.538;10020000000;-0,0283;0;-0,007492287;4.476;4.473;4.530
03/10/1995;4.504;4.538;4.556;4.424;11400000000;-0,0075;0;-0,01731794;4.480;4.475;4.532
04/10/1995;4.426;4.504;4.507;4.412;6820000000;-0,0173;0;0,016493448;4.490;4.492;4.526
05/10/1995;4.499;4.426;4.521;4.424;8850000000;0,0165;1;0,003556346;4.461;4.510;4.494
06/10/1995;4.515;4.499;4.545;4.486;6280000000;0,0036;1;-0,012846069;4.456;4.522;4.468
09/10/1995;4.457;4.515;4.515;4.436;6390000000;-0,0128;0;-0,01054521;4.475;4.540;4.440
10/10/1995;4.410;4.457;4.457;4.345;9740000000;-0,0105;0;0,020634921;4.522;4.577;4.420
11/10/1995;4.501;4.410;4.502;4.410;10390000000;0,0206;1;0,002888247;4.562;4.586;4.391
13/10/1995;4.514;4.501;4.538;4.496;5140000000;0,0029;1;0,007975188;4.591;4.588;4.366
16/10/1995;4.550;4.514;4.552;4.484;11990000000;0,008;1;0,015604396;4.603;4.559;4.333
17/10/1995;4.621;4.550;4.621;4.550;11960000000;0,0156;1;-0,004111664;4.619;4.479;4.297
18/10/1995;4.602;4.621;4.632;4.582;11440000000;-0,0041;0;-0,003694046;4.606;4.413;4.262
19/10/1995;4.585;4.602;4.602;4.572;4920000000;-0,0037;0;0,018320611;4.587;4.339;4.228
20/10/1995;4.669;4.585;4.672;4.585;8400000000;0,0183;1;-0,022488756;4.479;4.262;4.178
23/10/1995;4.564;4.669;4.669;4.563;9810000000;-0,0225;0;-0,007887818;4.311;4.196;4.122
24/10/1995;4.528;4.564;4.573;4.477;10570000000;-0,0079;0;-0,040636042;4.182;4.143;4.070
25/10/1995;4.344;4.528;4.559;4.344;13520000000;-0,0406;0;-0,065377532;4.090;4.107;4.046
26/10/1995;4.060;4.344;4.344;4.059;18590000000;-0,0654;0;0,019950739;4.113;4.115;4.046
27/10/1995;4.141;4.060;4.178;3.923;25060000000;0,02;1;-0,017387105;4.099;4.111;4.033
30/10/1995;4.069;4.141;4.174;4.054;7210000000;-0,0174;0;0,014499877;4.129;4.117;4.033
31/10/1995;4.128;4.069;4.140;4.066;7850000000;0,0145;1;-0,006782946;4.118;4.093;4.031
01/11/1995;4.100;4.128;4.170;4.073;6400000000;-0,0068;0;0,014390244;4.121;4.048;4.038
03/11/1995;4.159;4.100;4.180;4.098;6080000000;0,0144;1;-0,015628757;4.107;3.997;4.032
06/11/1995;4.094;4.159;4.168;4.082;5900000000;-0,0156;0;0,004152418;4.114;3.984;4.033
07/11/1995;4.111;4.094;4.115;4.003;10360000000;0,0042;1;0,001459499;4.063;3.977;4.029
08/11/1995;4.117;4.111;4.173;4.051;12890000000;0,0015;1;-0,000971581;3.953;3.956;4.033
09/11/1995;4.113;4.117;4.158;4.072;6310000000;-0,001;0;-0,037685388;3.847;3.948;4.052
10/11/1995;3.958;4.113;4.126;3.931;11640000000;-0,0377;0;-0,043203638;3.863;3.969;4.080
13/11/1995;3.787;3.953;3.953;3.760;7430000000;-0,0432;0;0,002640613;3.955;4.027;4.119
14/11/1995;3.797;3.787;3.843;3.714;9380000000;0,0026;1;0,054516724;4.011;4.068;4.154
16/11/1995;4.004;3.800;4.004;3.800;11440000000;0,0545;1;0,014985015;4.030;4.082;4.175
17/11/1995;4.064;4.004;4.106;3.996;9840000000;0,015;1;-0,024114173;4.044;4.080;4.193
20/11/1995;3.966;4.064;4.064;3.903;8140000000;-0,0241;0;0,023701462;4.119;4.111;4.217
21/11/1995;4.060;3.966;4.060;3.897;13310000000;0,0237;1;0,011330049;4.126;4.156;4.235
22/11/1995;4.106;4.060;4.158;4.033;12810000000;0,0113;1;0,020701413;4.126;4.191;4.253
23/11/1995;4.191;4.106;4.198;4.051;5430000000;0,0207;1;-0,026008113;4.079;4.211;4.266
24/11/1995;4.082;4.191;4.209;4.071;8580000000;-0,026;0;0,005634493;4.112;4.240;4.273
27/11/1995;4.105;4.082;4.128;3.983;10900000000;0,0056;1;-0,013398295;4.204;4.268;4.277
28/11/1995;4.050;4.105;4.170;4.044;11840000000;-0,0134;0;0,032592593;4.302;4.306;4.277
29/11/1995;4.182;4.050;4.182;4.048;12390000000;0,0326;1;0,047106648;4.353;4.323;4.267
30/11/1995;4.379;4.187;4.391;4.185;17760000000;0,0471;1;-0,007535967;4.320;4.313;4.255
01/12/1995;4.346;4.379;4.388;4.249;11820000000;-0,0075;0;-0,00276116;4.306;4.316;4.248
04/12/1995;4.334;4.346;4.390;4.296;11630000000;-0,0028;0;-0,012228888;4.301;4.321;4.249
05/12/1995;4.281;4.334;4.346;4.264;7100000000;-0,0122;0;0,005372577;4.307;4.307;4.254
06/12/1995;4.304;4.281;4.393;4.278;13450000000;0,0054;1;0,00348513;4.308;4.286;4.257
07/12/1995;4.319;4.304;4.351;4.278;5860000000;0,0035;1;-0,004630702;4.324;4.248;4.256
08/12/1995;4.299;4.319;4.356;4.292;6360000000;-0,0046;0;0,001628286;4.347;4.211;4.263
11/12/1995;4.306;4.299;4.310;4.267;5420000000;0,0016;1;0,013934046;4.306;4.196;4.289
12/12/1995;4.366;4.306;4.376;4.305;9060000000;0,0139;1;0,00091617;4.237;4.180;4.312
13/12/1995;4.370;4.366;4.392;4.350;16530000000;0,0009;1;-0,042791762;4.133;4.176;4.335
14/12/1995;4.183;4.370;4.371;4.136;17410000000;-0,0428;0;-0,005737509;4.083;4.202;4.375
15/12/1995;4.159;4.183;4.217;4.110;8600000000;-0,0057;0;-0,024765569;4.099;4.229;4.410
18/12/1995;4.056;4.159;4.159;4.015;15050000000;-0,0248;0;-0,005177515;4.164;4.264;4.451
19/12/1995;4.035;4.056;4.074;3.958;9840000000;-0,0052;0;0,042379182;4.267;4.314;4.502
20/12/1995;4.206;4.035;4.206;4.035;9180000000;0,0424;1;0,010936757;4.320;4.382;4.548
21/12/1995;4.252;4.206;4.260;4.190;11220000000;0,0109;1;0,021401693;4.351;4.444;4.594
22/12/1995;4.343;4.252;4.373;4.252;9560000000;0,0214;1;0,004835367;4.336;4.494;4.630
26/12/1995;4.364;4.346;4.383;4.346;5930000000;0,0048;1;-0,004124656;4.345;4.548;4.663
27/12/1995;4.346;4.364;4.397;4.336;8490000000;-0,0041;0;-0,010814542;4.457;4.592;4.698
28/12/1995;4.299;4.346;4.348;4.272;13380000000;-0,0108;0;0,021167713;4.585;4.638;4.742
02/01/1996;4.390;4.299;4.393;4.299;10450000000;0,0212;1;0,066287016;4.686;4.689;4.778
03/01/1996;4.681;4.392;4.686;4.392;23370000000;0,0663;1;0,000640889;4.706;4.713;4.799
04/01/1996;4.684;4.682;4.746;4.651;19030000000;0,0006;1;0,002134927;4.696;4.743;4.818
05/01/1996;4.694;4.684;4.711;4.582;14150000000;0,0021;1;0,010012782;4.672;4.765;4.833
08/01/1996;4.741;4.695;4.797;4.695;11200000000;0,01;1;-0,018350559;4.675;4.779;4.847
09/01/1996;4.654;4.741;4.741;4.621;12470000000;-0,0184;0;-0,006875806;4.739;4.804;4.881
10/01/1996;4.622;4.654;4.677;4.562;12770000000;-0,0069;0;0,027477283;4.830;4.845;4.919
11/01/1996;4.749;4.622;4.749;4.619;10750000000;0,0275;1;0,020635923;4.863;4.866;4.956
12/01/1996;4.847;4.749;4.853;4.748;14470000000;0,0206;1;0,009903033;4.859;4.886;4.997
15/01/1996;4.895;4.847;4.897;4.811;11820000000;0,0099;1;-0,009805924;4.839;4.893;5.028
16/01/1996;4.847;4.895;4.964;4.832;12740000000;-0,0098;0;-0,002269445;4.860;4.902;5.064
17/01/1996;4.836;4.847;4.860;4.793;10820000000;-0,0023;0;-0,000413565;4.879;4.916;5.096
18/01/1996;4.834;4.836;4.839;4.753;10770000000;-0,0004;0;0,015515101;4.929;4.958;5.131
19/01/1996;4.909;4.834;4.913;4.803;11800000000;0,0155;1;-0,003055612;4.941;4.993;5.159
22/01/1996;4.894;4.909;4.922;4.838;9470000000;-0,0031;0;0,018594197;4.946;5.047;5.191
23/01/1996;4.985;4.897;4.985;4.897;18900000000;0,0186;1;-0,008024072;4.929;5.108;5.220
24/01/1996;4.945;4.986;5.020;4.920;13360000000;-0,008;0;-0,007482305;4.992;5.163;5.247
26/01/1996;4.908;4.945;4.945;4.832;14250000000;-0,0075;0;0,005501222;5.073;5.227;5.273
29/01/1996;4.935;4.908;4.948;4.875;10490000000;0,0055;1;0,040121581;5.185;5.276;5.290
30/01/1996;5.133;4.938;5.148;4.938;22470000000;0,0401;1;0,003701539;5.277;5.304;5.298
31/01/1996;5.152;5.134;5.172;5.084;15130000000;0,0037;1;0,022709627;5.338;5.325;5.307
01/02/1996;5.269;5.152;5.292;5.098;21300000000;0,0227;1;0,026950085;5.366;5.335;5.305
02/02/1996;5.411;5.269;5.411;5.257;26300000000;0,027;1;-0,01441508;5.323;5.332;5.289
05/02/1996;5.333;5.411;5.411;5.293;14590000000;-0,0144;0;0,003937746;5.320;5.332;5.280
06/02/1996;5.354;5.333;5.380;5.296;16830000000;0,0039;1;-0,013261113;5.304;5.320;5.252
07/02/1996;5.283;5.354;5.362;5.280;10540000000;-0,0133;0;0,007571456;5.322;5.304;5.237
08/02/1996;5.323;5.283;5.324;5.193;16000000000;0,0076;1;-0,003381552;5.343;5.292;5.225
09/02/1996;5.305;5.323;5.352;5.271;11040000000;-0,0034;0;0,006409048;5.352;5.288;5.217
12/02/1996;5.339;5.305;5.344;5.249;15550000000;0,0064;1;0,008803147;5.330;5.274;5.191
13/02/1996;5.386;5.339;5.398;5.315;10600000000;0,0088;1;-0,01021166;5.259;5.247;5.146
14/02/1996;5.331;5.386;5.386;5.274;8120000000;-0,0102;0;-0,010692178;5.228;5.228;5.103
15/02/1996;5.274;5.331;5.331;5.256;11960000000;-0,0107;0;-0,01915055;5.228;5.183;5.067
16/02/1996;5.173;5.274;5.280;5.150;9220000000;-0,0192;0;0,012565243;5.252;5.170;5.036
22/02/1996;5.238;5.173;5.240;5.117;7560000000;0,0126;1;0,006872852;5.237;5.158;5.005
23/02/1996;5.274;5.238;5.358;5.238;12940000000;0,0069;1;-0,005498673;5.212;5.147;4.974
26/02/1996;5.245;5.274;5.288;5.231;8640000000;-0,0055;0;-0,009914204;5.117;5.108;4.946
27/02/1996;5.193;5.245;5.245;5.177;8920000000;-0,0099;0;0,001155402;5.080;5.046;4.924
28/02/1996;5.199;5.193;5.231;5.168;11310000000;0,0012;1;-0,046355068;5.065;4.978;4.900
29/02/1996;4.958;5.199;5.199;4.940;14110000000;-0,0464;0;0,025211779;5.145;4.951;4.893
01/03/1996;5.083;4.958;5.121;4.958;13180000000;0,0252;1;0,013771395;5.109;4.902;4.886
04/03/1996;5.153;5.083;5.154;5.081;9040000000;0,0138;1;0,008732777;4.976;4.853;4.879
05/03/1996;5.198;5.153;5.224;5.087;9620000000;0,0087;1;-0,042901116;4.818;4.802;4.867
06/03/1996;4.975;5.198;5.198;4.970;10930000000;-0,0429;0;-0,044020101;4.750;4.784;4.867
07/03/1996;4.756;4.975;4.975;4.659;26880000000;-0,044;0;-0,007148865;4.744;4.803;4.887
08/03/1996;4.722;4.756;4.836;4.643;28690000000;-0,0071;0;0,010588734;4.772;4.821;4.906
11/03/1996;4.772;4.722;4.772;4.596;13760000000;0,0106;1;-0,006915339;4.795;4.835;4.919
12/03/1996;4.739;4.772;4.805;4.710;16500000000;-0,0069;0;0,014138004;4.833;4.869;4.938
13/03/1996;4.806;4.739;4.848;4.739;14770000000;0,0141;1;0,007282563;4.860;4.904;4.951
14/03/1996;4.841;4.806;4.870;4.779;8600000000;0,0073;1;0,002272258;4.864;4.932;4.961
15/03/1996;4.852;4.841;4.854;4.777;6960000000;0,0023;1;0,00721352;4.869;4.950;4.961
18/03/1996;4.887;4.852;4.923;4.850;7210000000;0,0072;1;-0,007161858;4.900;4.972;4.960
19/03/1996;4.852;4.887;4.920;4.839;8280000000;-0,0072;0;0,003297609;4.966;4.990;4.962
20/03/1996;4.868;4.852;4.872;4.746;24440000000;0,0033;1;0,023007395;5.021;5.003;4.963
21/03/1996;4.980;4.868;5.003;4.868;20850000000;0,023;1;0,014257028;5.022;5.007;4.966
22/03/1996;5.051;4.980;5.062;4.980;10030000000;0,0143;1;-0,003761631;5.018;4.998;4.964
25/03/1996;5.032;5.051;5.112;5.032;14420000000;-0,0038;0;-0,009936407;5.001;4.990;4.961
26/03/1996;4.982;5.032;5.047;4.928;11710000000;-0,0099;0;0,011641911;4.992;4.972;4.962
27/03/1996;5.040;4.982;5.043;4.936;11630000000;0,0116;1;-0,011904762;4.981;4.947;4.960
28/03/1996;4.980;5.040;5.040;4.943;11660000000;-0,0119;0;-0,00502008;4.983;4.934;4.967
29/03/1996;4.955;4.980;5.015;4.923;11550000000;-0,005;0;0,010898083;4.991;4.924;4.976
01/04/1996;5.009;4.955;5.022;4.952;9570000000;0,0109;1;-0,004591735;4.939;4.925;4.979
02/04/1996;4.986;5.009;5.032;4.972;8280000000;-0,0046;0;-0,001604493;4.899;4.930;4.984
03/04/1996;4.978;4.986;4.987;4.914;6020000000;-0,0016;0;-0,024909602;4.870;4.932;4.994
08/04/1996;4.854;4.978;4.978;4.831;5350000000;-0,0249;0;0,002472188;4.880;4.953;5.015
09/04/1996;4.866;4.854;4.894;4.834;6920000000;0,0025;1;0,004932182;4.930;4.973;5.035
10/04/1996;4.890;4.866;4.927;4.861;11810000000;0,0049;1;-0,001022495;4.974;4.999;5.054
11/04/1996;4.885;4.890;4.910;4.842;6780000000;-0,001;0;0,026816786;5.009;5.027;5.073
12/04/1996;5.016;4.885;5.016;4.885;9800000000;0,0268;1;0,001196172;5.005;5.034;5.079
15/04/1996;5.022;5.016;5.023;4.967;17320000000;0,0012;1;-0,006571087;4.998;5.037;5.089
16/04/1996;4.989;5.022;5.026;4.975;11110000000;-0,0066;0;0,003006615;5.027;5.056;5.110
17/04/1996;5.004;4.989;5.016;4.963;8780000000;0,003;1;-0,00039968;5.053;5.076;5.135
18/04/1996;5.002;5.004;5.013;4.954;7310000000;-0,0004;0;0,014794082;5.073;5.097;5.163
19/04/1996;5.076;5.002;5.081;4.995;12600000000;0,0148;1;0,000788022;5.063;5.110;5.182
22/04/1996;5.080;5.076;5.137;5.070;8550000000;0,0008;1;-0,003543307;5.077;5.119;5.210
23/04/1996;5.062;5.080;5.080;5.032;10030000000;-0,0035;0;-0,002963256;5.104;5.125;5.237
24/04/1996;5.047;5.062;5.091;5.038;8340000000;-0,003;0;0,014860313;5.138;5.140;5.265
25/04/1996;5.122;5.047;5.122;5.047;8240000000;0,0149;1;0,004099961;5.152;5.163;5.290
26/04/1996;5.143;5.122;5.161;5.121;7220000000;0,0041;1;0,001166634;5.153;5.194;5.320
29/04/1996;5.149;5.143;5.149;5.098;9340000000;0,0012;1;0,002913187;5.137;5.228;5.356
30/04/1996;5.164;5.149;5.175;5.134;5170000000;0,0029;1;-0,00348567;5.134;5.254;5.387
02/05/1996;5.146;5.164;5.192;5.130;12210000000;-0,0035;0;-0,00855033;5.180;5.302;5.426
03/05/1996;5.102;5.146;5.170;5.099;7430000000;-0,0086;0;0,00999608;5.266;5.348;5.456
06/05/1996;5.153;5.102;5.154;5.097;8560000000;0,01;1;0,025422084;5.344;5.390;5.488
07/05/1996;5.284;5.153;5.285;5.139;10420000000;0,0254;1;0,014383043;5.365;5.417;5.513
08/05/1996;5.360;5.284;5.364;5.269;13680000000;0,0144;1;0,005223881;5.405;5.446;5.538
09/05/1996;5.388;5.360;5.407;5.337;9180000000;0,0052;1;-0,0077951;5.418;5.484;5.555
10/05/1996;5.346;5.388;5.412;5.338;9450000000;-0,0078;0;0,02506547;5.450;5.521;5.579
13/05/1996;5.480;5.346;5.484;5.346;8680000000;0,0251;1;-0,009489051;5.449;5.549;5.597
14/05/1996;5.428;5.480;5.508;5.414;9800000000;-0,0095;0;0,002579219;5.493;5.564;5.612
15/05/1996;5.442;5.428;5.500;5.422;12350000000;0,0026;1;0,006247703;5.564;5.587;5.623
16/05/1996;5.476;5.448;5.495;5.379;12530000000;0,0062;1;0,015339664;5.606;5.609;5.630
17/05/1996;5.560;5.476;5.573;5.476;11480000000;0,0153;1;0,017266187;5.647;5.630;5.628
20/05/1996;5.656;5.560;5.662;5.532;16310000000;0,0173;1;-0,009547383;5.605;5.626;5.613
21/05/1996;5.602;5.656;5.676;5.590;10310000000;-0,0095;0;0,014280614;5.605;5.638;5.600
22/05/1996;5.682;5.602;5.684;5.551;11330000000;0,0143;1;-0,02657515;5.587;5.645;5.589
23/05/1996;5.531;5.682;5.682;5.519;13870000000;-0,0266;0;0,012655939;5.647;5.660;5.587
24/05/1996;5.601;5.531;5.603;5.531;8370000000;0,0127;1;0,004820568;5.655;5.659;5.590
27/05/1996;5.628;5.601;5.632;5.585;6240000000;0,0048;1;0,01474769;5.675;5.651;5.602
28/05/1996;5.711;5.628;5.722;5.628;21080000000;0,0147;1;-0,014883558;5.681;5.625;5.611
29/05/1996;5.626;5.711;5.713;5.622;11700000000;-0,0149;0;0,011020263;5.684;5.601;5.625
30/05/1996;5.688;5.626;5.690;5.610;13520000000;0,011;1;0,007032349;5.654;5.561;5.634
31/05/1996;5.728;5.688;5.764;5.662;12130000000;0,007;1;-0,016236034;5.601;5.533;5.658
03/06/1996;5.635;5.728;5.728;5.623;6180000000;-0,0162;0;-0,006388642;5.566;5.515;5.698
04/06/1996;5.599;5.635;5.696;5.580;10270000000;-0,0064;0;-0,005536703;5.518;5.520;5.733
05/06/1996;5.568;5.599;5.617;5.544;10200000000;-0,0055;0;-0,006824713;5.467;5.554;5.780
07/06/1996;5.530;5.568;5.568;5.496;8640000000;-0,0068;0;-0,013200723;5.467;5.597;5.826
10/06/1996;5.457;5.530;5.576;5.434;9200000000;-0,0132;0;-0,008063038;5.483;5.649;5.868
11/06/1996;5.413;5.457;5.478;5.400;12710000000;-0,0081;0;0,021984112;5.557;5.707;5.921
12/06/1996;5.532;5.413;5.536;5.398;16360000000;0,022;1;-0,005061461;5.648;5.782;5.972
13/06/1996;5.504;5.532;5.532;5.444;9240000000;-0,0051;0;0,023800872;5.758;5.881;6.033
14/06/1996;5.635;5.504;5.635;5.483;17900000000;0,0238;1;0,030168589;5.819;5.945;6.090
17/06/1996;5.805;5.635;5.808;5.635;22750000000;0,0302;1;0,005167959;5.825;6.006;6.124
18/06/1996;5.835;5.805;5.873;5.799;12300000000;0,0052;1;-0,003084833;5.898;6.055;6.160
19/06/1996;5.817;5.835;5.864;5.792;17260000000;-0,0031;0;0,00103146;6.026;6.088;6.208
20/06/1996;5.823;5.817;5.824;5.780;12530000000;0,001;1;0,03949854;6.112;6.135;6.253
21/06/1996;6.053;5.823;6.066;5.821;21770000000;0,0395;1;0,024615893;6.170;6.163;6.285
24/06/1996;6.202;6.053;6.216;6.053;20530000000;0,0246;1;-0,019348597;6.164;6.185;6.317
25/06/1996;6.082;6.202;6.205;6.077;9060000000;-0,0193;0;0,023840842;6.151;6.235;6.342
26/06/1996;6.227;6.082;6.279;6.075;12270000000;0,0238;1;-0,007226594;6.127;6.243;6.347
27/06/1996;6.182;6.227;6.304;6.145;12470000000;-0,0072;0;-0,022322873;6.149;6.266;6.350
28/06/1996;6.044;6.182;6.212;6.020;14890000000;-0,0223;0;0,018530774;6.253;6.329;6.360
01/07/1996;6.156;6.044;6.174;6.044;9870000000;0,0185;1;0,014619883;6.345;6.370;6.378
02/07/1996;6.246;6.156;6.289;6.156;17040000000;0,0146;1;0,017611271;6.358;6.408;6.382
03/07/1996;6.356;6.246;6.373;6.246;16600000000;0,0176;1;0,011957206;6.352;6.450;6.372
04/07/1996;6.432;6.356;6.473;6.311;16210000000;0,012;1;-0,022699005;6.371;6.450;6.345
05/07/1996;6.286;6.432;6.432;6.274;54060000000;-0,0227;0;0,008431435;6.424;6.451;6.332
08/07/1996;6.339;6.286;6.382;6.244;15820000000;0,0084;1;0,023505285;6.480;6.433;6.305
09/07/1996;6.488;6.339;6.526;6.339;12290000000;0,0235;1;-0,00662762;6.535;6.391;6.264
10/07/1996;6.445;6.488;6.544;6.380;12870000000;-0,0066;0;0,009775019;6.531;6.386;6.242
11/07/1996;6.508;6.445;6.520;6.385;13480000000;0,0098;1;0,022126613;6.459;6.356;6.215
12/07/1996;6.652;6.508;6.713;6.506;11560000000;0,0221;1;-0,032922429;6.314;6.295;6.188
15/07/1996;6.433;6.652;6.676;6.429;9480000000;-0,0329;0;-0,021762786;6.232;6.240;6.183
16/07/1996;6.293;6.433;6.459;6.055;15270000000;-0,0218;0;-0,012394724;6.272;6.212;6.180
17/07/1996;6.215;6.293;6.445;6.201;12360000000;-0,0124;0;-0,004183427;6.300;6.177;6.174
18/07/1996;6.189;6.215;6.313;6.155;8570000000;-0,0042;0;0,036031669;6.311;6.137;6.172
19/07/1996;6.412;6.189;6.430;6.189;11400000000;0,036;1;-0,017623206;6.191;6.098;6.161
22/07/1996;6.299;6.412;6.445;6.275;7140000000;-0,0176;0;-0,012065407;6.123;6.073;6.155
23/07/1996;6.223;6.299;6.331;6.217;9800000000;-0,0121;0;-0,027639402;6.038;6.081;6.161
24/07/1996;6.051;6.223;6.223;6.038;16000000000;-0,0276;0;0,007436787;5.991;6.126;6.174
25/07/1996;6.096;6.051;6.112;5.898;15490000000;0,0074;1;-0,020997375;6.007;6.147;6.183
26/07/1996;5.968;6.096;6.162;5.968;8280000000;-0,021;0;-0,009886059;6.058;6.170;6.210
29/07/1996;5.909;5.968;6.008;5.889;5740000000;-0,0099;0;0,039600609;6.181;6.207;6.242
30/07/1996;6.143;5.909;6.149;5.879;10790000000;0,0396;1;-0,003255738;6.255;6.223;6.253
31/07/1996;6.123;6.143;6.272;6.086;10680000000;-0,0033;0;0,02515107;6.295;6.237;6.268
01/08/1996;6.277;6.123;6.308;6.123;12770000000;0,0252;1;0,013860124;6.246;6.241;6.271
02/08/1996;6.364;6.277;6.401;6.277;8080000000;0,0139;1;-0,018856065;6.180;6.222;6.262
05/08/1996;6.244;6.364;6.366;6.228;7630000000;-0,0189;0;-0,018097373;6.184;6.219;6.259
06/08/1996;6.131;6.244;6.244;6.092;9580000000;-0,0181;0;0,005545588;6.215;6.250;6.252
07/08/1996;6.165;6.131;6.191;6.099;6590000000;0,0055;1;0,014922952;6.261;6.277;6.249
08/08/1996;6.257;6.165;6.261;6.136;7340000000;0,0149;1;-0,005433914;6.252;6.282;6.252
09/08/1996;6.223;6.257;6.338;6.197;9710000000;-0,0054;0;0,01301623;6.253;6.298;6.255
12/08/1996;6.304;6.223;6.315;6.158;12340000000;0,013;1;-0,012055838;6.268;6.300;6.252
13/08/1996;6.228;6.304;6.335;6.179;10390000000;-0,0121;0;-0,000160565;6.309;6.303;6.252
14/08/1996;6.227;6.228;6.289;6.188;12270000000;-0,0002;0;0,019431508;6.331;6.300;6.256
15/08/1996;6.348;6.227;6.374;6.227;12310000000;0,0194;1;0,00078765;6.327;6.254;6.250
16/08/1996;6.353;6.348;6.395;6.331;9810000000;0,0008;1;-0,009601763;6.315;6.221;6.243
19/08/1996;6.292;6.353;6.356;6.266;23590000000;-0,0096;0;0,007151939;6.300;6.222;6.246
20/08/1996;6.337;6.292;6.338;6.271;8970000000;0,0072;1;-0,003471674;6.256;6.212;6.250
21/08/1996;6.315;6.337;6.381;6.284;14540000000;-0,0035;0;-0,010451306;6.160;6.204;6.257
22/08/1996;6.249;6.315;6.328;6.237;5580000000;-0,0105;0;-0,007361178;6.119;6.202;6.265
23/08/1996;6.203;6.249;6.249;6.141;8290000000;-0,0074;0;-0,028212155;6.150;6.211;6.278
26/08/1996;6.028;6.203;6.214;6.016;5750000000;-0,0282;0;0,016257465;6.230;6.247;6.309
27/08/1996;6.126;6.028;6.126;6.028;6570000000;0,0163;1;0,027587333;6.275;6.265;6.338
28/08/1996;6.295;6.126;6.303;6.126;13290000000;0,0276;1;-0,003971406;6.254;6.271;6.354
29/08/1996;6.270;6.295;6.355;6.238;9180000000;-0,004;0;-0,001754386;6.254;6.287;6.370
30/08/1996;6.259;6.270;6.290;6.170;6230000000;-0,0018;0;-0,004313788;6.260;6.310;6.391
02/09/1996;6.232;6.259;6.269;6.220;2320000000;-0,0043;0;0,006097561;6.267;6.328;6.417
03/09/1996;6.270;6.232;6.284;6.132;10360000000;0,0061;1;0,001116427;6.289;6.345;6.437
04/09/1996;6.277;6.270;6.280;6.237;6330000000;0,0011;1;-0,003664171;6.324;6.372;6.457
05/09/1996;6.254;6.277;6.295;6.233;8240000000;-0,0037;0;0,012951711;6.378;6.412;6.475
06/09/1996;6.335;6.265;6.353;6.261;10900000000;0,013;1;0,007576953;6.386;6.437;6.490
09/09/1996;6.383;6.335;6.387;6.331;6120000000;0,0076;1;0,005169983;6.388;6.452;6.495
10/09/1996;6.416;6.383;6.417;6.379;8800000000;0,0052;1;-0,0090399;6.404;6.473;6.497
11/09/1996;6.358;6.416;6.427;6.345;8040000000;-0,009;0;0,005190311;6.463;6.506;6.509
12/09/1996;6.391;6.358;6.414;6.358;8920000000;0,0052;1;0,011422313;6.503;6.529;6.524
13/09/1996;6.464;6.391;6.497;6.391;15800000000;0,0114;1;0,010829208;6.512;6.542;6.536
16/09/1996;6.534;6.464;6.539;6.464;8290000000;0,0108;1;-0,003367003;6.521;6.539;6.542
17/09/1996;6.512;6.534;6.558;6.482;10540000000;-0,0034;0;-0,003378378;6.546;6.542;6.552
18/09/1996;6.490;6.512;6.512;6.458;9770000000;-0,0034;0;0,010785824;6.567;6.538;6.562
19/09/1996;6.560;6.490;6.562;6.468;9150000000;0,0108;1;0,004268293;6.566;6.522;6.567
20/09/1996;6.588;6.560;6.632;6.560;9970000000;0,0043;1;-0,005464481;6.541;6.512;6.568
23/09/1996;6.552;6.588;6.589;6.514;9160000000;-0,0055;0;0,000763126;6.536;6.520;6.574
24/09/1996;6.557;6.552;6.621;6.542;8500000000;0,0008;1;-0,006557877;6.503;6.530;6.587
25/09/1996;6.514;6.564;6.573;6.499;8210000000;-0,0066;0;0,003377341;6.481;6.544;6.603
26/09/1996;6.536;6.514;6.545;6.502;5890000000;0,0034;1;-0,011780906;6.476;6.561;6.619
27/09/1996;6.459;6.536;6.545;6.453;7830000000;-0,0118;0;-0,001857873;6.525;6.585;6.643
30/09/1996;6.447;6.459;6.477;6.422;10370000000;-0,0019;0;0,011633318;6.585;6.611;6.669
01/10/1996;6.522;6.447;6.526;6.431;10610000000;0,0116;1;0,012879485;6.615;6.624;6.680
02/10/1996;6.606;6.522;6.612;6.522;11530000000;0,0129;1;0,003178928;6.631;6.627;6.683
04/10/1996;6.627;6.606;6.659;6.592;11010000000;0,0032;1;-0,00211257;6.632;6.644;6.680
07/10/1996;6.613;6.627;6.627;6.575;6570000000;-0,0021;0;0,005897475;6.637;6.661;6.672
08/10/1996;6.652;6.613;6.659;6.610;10320000000;0,0059;1;-0,003156945;6.622;6.678;6.654
09/10/1996;6.631;6.652;6.670;6.592;7850000000;-0,0032;0;-0,000603227;6.622;6.701;6.648
10/10/1996;6.627;6.631;6.635;6.592;7190000000;-0,0006;0;-0,002716161;6.662;6.726;6.642
11/10/1996;6.609;6.627;6.678;6.597;7870000000;-0,0027;0;0,003328794;6.703;6.736;6.637
14/10/1996;6.631;6.609;6.631;6.579;5290000000;0,0033;1;0,017191977;6.748;6.738;6.638
15/10/1996;6.745;6.631;6.747;6.631;8350000000;0,0172;1;-0,001630838;6.766;6.716;6.631
16/10/1996;6.734;6.745;6.776;6.671;14060000000;-0,0016;0;0,004752005;6.788;6.683;6.629
17/10/1996;6.766;6.734;6.786;6.714;10120000000;0,0048;1;0,00472953;6.758;6.631;6.625
18/10/1996;6.798;6.766;6.816;6.743;9320000000;0,0047;1;0,000147102;6.708;6.595;6.615
21/10/1996;6.799;6.798;6.852;6.762;20300000000;0,0001;1;-0,018090896;6.638;6.559;6.598
22/10/1996;6.676;6.799;6.799;6.660;7880000000;-0,0181;0;-0,004044338;6.580;6.538;6.591
23/10/1996;6.649;6.676;6.676;6.543;10270000000;-0,004;0;-0,009023913;6.498;6.537;6.582
24/10/1996;6.589;6.649;6.649;6.563;17310000000;-0,009;0;-0,013052056;6.485;6.547;6.581
25/10/1996;6.503;6.589;6.595;6.493;9360000000;-0,0131;0;-0,015685068;6.498;6.575;6.583
28/10/1996;6.401;6.503;6.545;6.401;7090000000;-0,0157;0;0,023277613;6.542;6.618;6.594
29/10/1996;6.550;6.401;6.557;6.317;14280000000;0,0233;1;-0,001068702;6.572;6.635;6.594
30/10/1996;6.543;6.550;6.591;6.487;10560000000;-0,0011;0;-0,001528351;6.611;6.637;6.594
31/10/1996;6.533;6.543;6.548;6.477;8820000000;-0,0015;0;0,016531456;6.666;6.645;6.601
01/11/1996;6.641;6.533;6.670;6.533;18440000000;0,0165;1;0,002559855;6.687;6.628;6.601
04/11/1996;6.658;6.641;6.691;6.614;12720000000;0,0026;1;0,00600781;6.690;6.615;6.600
05/11/1996;6.698;6.658;6.756;6.658;13690000000;0,006;1;0,001045088;6.644;6.590;6.596
06/11/1996;6.705;6.698;6.758;6.683;9640000000;0,001;1;-0,005667412;6.603;6.569;6.588
07/11/1996;6.667;6.705;6.705;6.636;7400000000;-0,0057;0;-0,016049198;6.555;6.553;6.586
08/11/1996;6.560;6.667;6.683;6.559;12350000000;-0,016;0;0,003506098;6.559;6.551;6.594
11/11/1996;6.583;6.560;6.596;6.553;6760000000;0,0035;1;-0,009114386;6.539;6.557;6.604
12/11/1996;6.523;6.583;6.624;6.512;10750000000;-0,0091;0;0,007358577;6.550;6.574;6.627
13/11/1996;6.571;6.523;6.572;6.482;9320000000;0,0074;1;-0,007304824;6.545;6.585;6.643
14/11/1996;6.523;6.571;6.595;6.509;9660000000;-0,0073;0;0,005059022;6.551;6.601;6.673
18/11/1996;6.556;6.523;6.559;6.479;8560000000;0,0051;1;0,000152532;6.575;6.606;6.696
19/11/1996;6.557;6.556;6.572;6.517;15290000000;0,0002;1;-0,00244014;6.604;6.619;6.716
20/11/1996;6.541;6.557;6.561;6.514;9520000000;-0,0024;0;0,012994955;6.640;6.636;6.738
21/11/1996;6.626;6.541;6.633;6.541;8380000000;0,013;1;0,002867492;6.642;6.652;6.742
22/11/1996;6.645;6.626;6.692;6.626;11850000000;0,0029;1;0,000601956;6.624;6.680;6.743
25/11/1996;6.649;6.645;6.690;6.637;6710000000;0,0006;1;-0,002556775;6.623;6.701;6.745
26/11/1996;6.632;6.649;6.676;6.618;7270000000;-0,0026;0;-0,006031363;6.634;6.746;6.747
27/11/1996;6.592;6.632;6.635;6.562;10960000000;-0,006;0;0,008040049;6.682;6.786;6.761
28/11/1996;6.645;6.592;6.646;6.574;6460000000;0,008;1;0,003160271;6.746;6.813;6.780
29/11/1996;6.666;6.645;6.692;6.639;8000000000;0,0032;1;0,01050105;6.790;6.840;6.796
02/12/1996;6.736;6.666;6.739;6.656;4880000000;0,0105;1;0,014994062;6.861;6.832;6.810
03/12/1996;6.837;6.736;6.855;6.736;10080000000;0,015;1;-0,005704256;6.873;6.807;6.816
04/12/1996;6.798;6.837;6.879;6.785;9470000000;-0,0057;0;0,021918211;6.885;6.790;6.827
05/12/1996;6.947;6.798;6.964;6.792;10460000000;0,0219;1;-0,01065208;6.855;6.748;6.832
06/12/1996;6.873;6.947;6.947;6.738;14910000000;-0,0107;0;-0,005383384;6.790;6.735;6.844
09/12/1996;6.836;6.873;6.913;6.820;5530000000;-0,0054;0;0,002925688;6.731;6.746;6.852
10/12/1996;6.856;6.836;6.868;6.816;5680000000;0,0029;1;-0,02596266;6.672;6.751;6.862
11/12/1996;6.678;6.856;6.856;6.659;23350000000;-0,026;0;-0,002994909;6.664;6.789;6.897
12/12/1996;6.658;6.678;6.741;6.628;7910000000;-0,003;0;0,003304296;6.706;6.825;6.942
13/12/1996;6.680;6.658;6.691;6.614;7880000000;0,0033;1;-0,003892216;6.783;6.865;6.996
16/12/1996;6.654;6.680;6.686;6.612;26360000000;-0,0039;0;0,019687406;6.862;6.915;7.053
17/12/1996;6.785;6.654;6.794;6.599;20180000000;0,0197;1;0,018422992;6.915;6.952;7.102
18/12/1996;6.910;6.785;6.916;6.784;20950000000;0,0184;1;-0,00260492;6.916;6.958;7.138
19/12/1996;6.892;6.910;6.966;6.873;14290000000;-0,0026;0;0,007254788;6.938;6.973;7.190
20/12/1996;6.942;6.892;6.942;6.892;5890000000;0,0073;1;-0,00417747;6.959;7.005;7.242
23/12/1996;6.913;6.942;6.942;6.888;3530000000;-0,0042;0;0,006509475;7.002;7.060;7.295
26/12/1996;6.958;6.913;6.964;6.868;4560000000;0,0065;1;0,007042254;7.001;7.127;7.357
27/12/1996;7.007;6.958;7.010;6.958;9770000000;0,007;1;0,004709576;6.998;7.190;7.416
30/12/1996;7.040;7.007;7.052;7.007;4030000000;0,0047;1;-0,011931818;7.038;7.253;7.477
02/01/1997;6.956;7.040;7.040;6.955;5920000000;-0,0119;0;0,006037953;7.152;7.318;7.539
03/01/1997;6.998;6.956;7.009;6.952;6090000000;0,006;1;0,023149471;7.295;7.407;7.603
06/01/1997;7.160;6.998;7.172;6.994;9930000000;0,0231;1;0,019273743;7.393;7.480;7.646
07/01/1997;7.298;7.160;7.317;7.160;13200000000;0,0193;1;0,017676076;7.453;7.531;7.679
08/01/1997;7.427;7.298;7.463;7.298;12330000000;0,0177;1;0,003635384;7.448;7.586;7.709
09/01/1997;7.454;7.427;7.490;7.325;8310000000;0,0036;1;0,003219748;7.504;7.641;7.729
10/01/1997;7.478;7.454;7.493;7.348;11360000000;0,0032;1;-0,008825889;7.567;7.702;7.751
13/01/1997;7.412;7.478;7.478;7.360;12570000000;-0,0088;0;0,028197518;7.648;7.760;7.791
14/01/1997;7.621;7.412;7.632;7.412;9460000000;0,0282;1;0,00616717;7.713;7.798;7.825
15/01/1997;7.668;7.621;7.671;7.557;9900000000;0,0062;1;-0,001564945;7.769;7.812;7.856
16/01/1997;7.656;7.668;7.742;7.633;13060000000;-0,0016;0;0,020898642;7.852;7.826;7.892
17/01/1997;7.816;7.656;7.827;7.643;9930000000;0,0209;1;0,002430911;7.853;7.831;7.916
20/01/1997;7.835;7.816;7.836;7.735;4620000000;0,0024;1;0,008934269;7.871;7.817;7.951
21/01/1997;7.905;7.835;7.923;7.752;10270000000;0,0089;1;-0,011005693;7.823;7.801;8.005
22/01/1997;7.818;7.905;7.932;7.788;9480000000;-0,011;0;0,009337426;7.803;7.822;8.073
23/01/1997;7.891;7.818;7.894;7.776;16900000000;0,0093;1;-0,016601191;7.790;7.851;8.131
24/01/1997;7.760;7.891;7.891;7.740;10710000000;-0,0166;0;-0,000128866;7.782;7.900;8.206
27/01/1997;7.759;7.760;7.833;7.744;6820000000;-0,0001;0;0,011728316;7.792;7.959;8.291
28/01/1997;7.850;7.759;7.871;7.755;13350000000;0,0117;1;-0,014394904;7.830;8.001;8.357
29/01/1997;7.737;7.850;7.852;7.723;8500000000;-0,0144;0;0,006720951;7.950;8.084;8.426
30/01/1997;7.789;7.737;7.802;7.720;7470000000;0,0067;1;0,022595969;8.054;8.210;8.492
31/01/1997;7.965;7.789;7.992;7.786;16160000000;0,0226;1;0,016446955;8.123;8.324;8.563
03/02/1997;8.096;7.965;8.104;7.963;16300000000;0,0164;1;0,000741107;8.140;8.411;8.639
04/02/1997;8.102;8.096;8.125;8.052;9280000000;0,0007;1;0,008516416;8.212;8.513;8.698
05/02/1997;8.171;8.102;8.232;8.102;17350000000;0,0085;1;-0,002814833;8.379;8.624;8.741
06/02/1997;8.148;8.171;8.172;8.105;15920000000;-0,0028;0;0,020741286;8.584;8.713;8.790
07/02/1997;8.317;8.148;8.317;8.127;11530000000;0,0207;1;0,042563424;8.712;8.768;8.837
12/02/1997;8.671;8.317;8.679;8.317;7050000000;0,0426;1;0,010840733;8.760;8.775;8.858
13/02/1997;8.765;8.671;8.932;8.497;29070000000;0,0108;1;-0,007415859;8.822;8.803;8.880
14/02/1997;8.700;8.765;8.909;8.645;17800000000;-0,0074;0;0,013333333;8.846;8.867;8.910
17/02/1997;8.816;8.700;8.824;8.637;13390000000;0,0133;1;0,015199637;8.808;8.883;8.936
18/02/1997;8.950;8.816;8.952;8.739;11630000000;0,0152;1;-0,02;8.731;8.858;8.970
19/02/1997;8.771;8.950;9.063;8.749;15290000000;-0,02;0;-0,007866834;8.794;8.866;9.026
20/02/1997;8.702;8.771;8.808;8.635;18230000000;-0,0079;0;0,00206849;8.943;8.906;9.070
21/02/1997;8.720;8.702;8.744;8.652;12040000000;0,0021;1;0,027408257;9.012;8.940;9.113
24/02/1997;8.959;8.720;8.965;8.645;12960000000;0,0274;1;0,021207724;8.951;8.957;9.151
25/02/1997;9.149;8.959;9.181;8.959;17670000000;0,0212;1;-0,024155645;8.845;8.953;9.159
26/02/1997;8.928;9.149;9.150;8.810;17800000000;-0,0242;0;-0,016913082;8.861;8.989;9.177
27/02/1997;8.777;8.928;8.983;8.722;13530000000;-0,0169;0;0,005924576;8.923;9.081;9.199
28/02/1997;8.829;8.777;8.829;8.685;14730000000;0,0059;1;0,016876203;9.004;9.186;9.233
03/03/1997;8.978;8.829;8.982;8.707;12890000000;0,0169;1;-0,001893517;9.054;9.235;9.256
04/03/1997;8.961;8.978;9.157;8.930;12660000000;-0,0019;0;0,0126102;9.127;9.285;9.282
05/03/1997;9.074;8.961;9.096;8.926;12280000000;0,0126;1;0,005730659;9.242;9.346;9.304
06/03/1997;9.126;9.074;9.189;9.069;11310000000;0,0057;1;0,006026737;9.388;9.365;9.315
07/03/1997;9.181;9.126;9.224;9.063;9550000000;0,006;1;0,025923102;9.434;9.364;9.305
10/03/1997;9.419;9.181;9.423;9.180;12420000000;0,0259;1;0,015500584;9.399;9.317;9.285
11/03/1997;9.565;9.419;9.568;9.346;12900000000;0,0155;1;-0,025927862;9.377;9.279;9.261
12/03/1997;9.317;9.565;9.565;9.291;13580000000;-0,0259;0;-0,000321992;9.359;9.277;9.260
13/03/1997;9.314;9.317;9.352;9.235;9930000000;-0,0003;0;0,019862572;9.311;9.279;9.288
14/03/1997;9.499;9.314;9.507;9.314;8340000000;0,0199;1;-0,02484472;9.174;9.262;9.312
17/03/1997;9.263;9.499;9.499;9.226;10150000000;-0,0248;0;-0,009824031;9.188;9.264;9.346
18/03/1997;9.172;9.263;9.323;9.153;10120000000;-0,0098;0;-0,009158308;9.231;9.245;9.392
19/03/1997;9.088;9.172;9.185;9.043;10620000000;-0,0092;0;0,02365757;9.311;9.252;9.438
20/03/1997;9.303;9.088;9.337;9.088;11130000000;0,0237;1;-0,000107492;9.337;9.243;9.454
21/03/1997;9.302;9.303;9.430;9.279;14320000000;-0,0001;0;0,002795098;9.327;9.243;9.465
24/03/1997;9.328;9.302;9.332;9.190;10040000000;0,0028;1;0,005574614;9.232;9.297;9.476
25/03/1997;9.380;9.328;9.472;9.326;8230000000;0,0056;1;-0,011513859;9.151;9.362;9.490
26/03/1997;9.272;9.380;9.382;9.244;7130000000;-0,0115;0;-0,024590164;9.140;9.429;9.500
31/03/1997;9.044;9.272;9.272;9.020;8460000000;-0,0246;0;0,010393631;9.226;9.539;9.527
01/04/1997;9.138;9.044;9.140;8.982;9090000000;0,0104;1;0,01083388;9.415;9.624;9.551
02/04/1997;9.237;9.138;9.254;9.121;11000000000;0,0108;1;0,007036917;9.615;9.665;9.580
03/04/1997;9.302;9.237;9.364;9.221;9260000000;0,007;1;0,043324016;9.760;9.687;9.609
04/04/1997;9.705;9.302;9.705;9.302;9470000000;0,0433;1;0,013601236;9.798;9.656;9.611
07/04/1997;9.837;9.914;9.937;9.705;6910000000;0,0136;1;-0,010064044;9.763;9.617;9.605
08/04/1997;9.738;9.837;9.884;9.702;6880000000;-0,0101;0;0,00831793;9.690;9.572;9.614
09/04/1997;9.819;9.738;9.914;9.738;10680000000;0,0083;1;-0,008758529;9.569;9.515;9.625
10/04/1997;9.733;9.819;9.906;9.728;6290000000;-0,0088;0;-0,022089798;9.488;9.478;9.650
11/04/1997;9.518;9.733;9.733;9.502;7560000000;-0,0221;0;-0,006513974;9.504;9.494;9.684
14/04/1997;9.456;9.518;9.538;9.418;5650000000;-0,0065;0;0,003595601;9.492;9.531;9.738
15/04/1997;9.490;9.456;9.610;9.456;10060000000;0,0036;1;0,00800843;9.469;9.565;9.788
16/04/1997;9.566;9.490;9.576;9.449;8500000000;0,008;1;-0,015366925;9.438;9.593;9.850
17/04/1997;9.419;9.566;9.566;9.399;10400000000;-0,0154;0;0,000318505;9.510;9.656;9.926
18/04/1997;9.422;9.419;9.452;9.360;15440000000;0,0003;1;0,005518998;9.606;9.736;10.016
22/04/1997;9.474;9.422;9.480;9.419;23740000000;0,0055;1;0,016888326;9.692;9.822;10.100
23/04/1997;9.634;9.474;9.636;9.466;19720000000;0,0169;1;0,007784928;9.734;9.873;10.147
24/04/1997;9.709;9.634;9.747;9.633;11500000000;0,0078;1;0,002368936;9.784;9.946;10.193
25/04/1997;9.732;9.709;9.756;9.670;6710000000;0,0024;1;0,003082614;9.867;10.010;10.247
28/04/1997;9.762;9.732;9.787;9.702;4790000000;0,0031;1;0,00983405;9.971;10.106;10.301
29/04/1997;9.858;9.762;9.859;9.762;10620000000;0,0098;1;0,012578616;10.017;10.197;10.356
30/04/1997;9.982;9.858;10.000;9.847;10330000000;0,0126;1;0,00921659;10.096;10.297;10.409
02/05/1997;10.074;9.982;10.116;9.982;7900000000;0,0092;1;-0,007941235;10.131;10.379;10.457
05/05/1997;9.994;10.074;10.099;9.994;7120000000;-0,0079;0;0,022513508;10.279;10.420;10.512
06/05/1997;10.219;9.994;10.264;9.994;15340000000;0,0225;1;-0,00381642;10.370;10.439;10.565
07/05/1997;10.180;10.219;10.236;10.118;11230000000;-0,0038;0;0,02524558;10.537;10.485;10.633
08/05/1997;10.437;10.180;10.503;10.155;11340000000;0,0252;1;0,005269714;10.607;10.495;10.695
09/05/1997;10.492;10.437;10.596;10.437;11790000000;0,0053;1;0,018013725;10.537;10.516;10.755
12/05/1997;10.681;10.492;10.699;10.492;10630000000;0,018;1;-0,003089598;10.428;10.521;10.804
13/05/1997;10.648;10.681;10.725;10.577;10970000000;-0,0031;0;-0,034278738;10.379;10.535;10.837
14/05/1997;10.283;10.648;10.650;10.188;13490000000;-0,0343;0;0,0069046;10.453;10.603;10.890
15/05/1997;10.354;10.283;10.560;10.256;11000000000;0,0069;1;0,01400425;10.549;10.690;10.944
16/05/1997;10.499;10.354;10.511;10.354;9370000000;0,014;1;0,00066673;10.621;10.781;11.004
19/05/1997;10.506;10.499;10.556;10.471;7220000000;0,0007;1;0,0128498;10.700;10.894;11.067
20/05/1997;10.641;10.506;10.641;10.374;16690000000;0,0128;1;0,006954234;10.741;10.995;11.124
21/05/1997;10.715;10.641;10.836;10.641;15190000000;0,007;1;0,002799813;10.823;11.087;11.179
22/05/1997;10.745;10.715;10.863;10.686;14380000000;0,0028;1;0,001768264;10.953;11.139;11.258
23/05/1997;10.764;10.745;10.808;10.717;9310000000;0,0018;1;0,018301747;11.132;11.177;11.334
26/05/1997;10.961;10.764;10.961;10.754;6770000000;0,0183;1;0,015691999;11.260;11.198;11.405
27/05/1997;11.133;10.961;11.134;10.923;14280000000;0,0157;1;0,015090272;11.336;11.227;11.475
28/05/1997;11.301;11.133;11.330;11.072;14610000000;0,0151;1;0,003893461;11.272;11.240;11.540
30/05/1997;11.345;11.301;11.458;11.150;11420000000;0,0039;1;0,001410313;11.167;11.252;11.601
02/06/1997;11.361;11.345;11.398;11.326;10150000000;0,0014;1;-0,022093126;11.082;11.271;11.656
03/06/1997;11.110;11.361;11.414;11.058;11660000000;-0,0221;0;-0,00720072;11.157;11.377;11.736
04/06/1997;11.030;11.110;11.181;11.010;13090000000;-0,0072;0;0,006890299;11.279;11.491;11.848
05/06/1997;11.106;11.030;11.141;10.988;13660000000;0,0069;1;0,020529444;11.386;11.612;11.987
06/06/1997;11.334;11.106;11.338;11.106;18510000000;0,0205;1;0,005470266;11.438;11.724;12.097
09/06/1997;11.396;11.334;11.510;11.333;12250000000;0,0055;1;0,002895753;11.590;11.840;12.194
10/06/1997;11.429;11.396;11.492;11.319;10280000000;0,0029;1;0,0053373;11.723;11.951;12.275
11/06/1997;11.490;11.429;11.490;11.360;12270000000;0,0053;1;0,031505657;11.878;12.041;12.383
12/06/1997;11.852;11.490;11.876;11.490;11100000000;0,0315;1;-0,002024975;11.967;12.096;12.484
13/06/1997;11.828;11.852;11.975;11.752;22220000000;-0,002;0;0,010652689;12.093;12.204;12.588
16/06/1997;11.954;11.828;11.954;11.760;20530000000;0,0107;1;0,013802911;12.177;12.361;12.698
17/06/1997;12.119;11.954;12.218;11.944;7410000000;0,0138;1;0,00717881;12.177;12.469;12.797
18/06/1997;12.206;12.119;12.229;12.020;7870000000;0,0072;1;-8,19E-05;12.188;12.548;12.897
19/06/1997;12.205;12.206;12.424;12.181;9840000000;-0,0001;0;-0,006882425;12.316;12.600;12.998
20/06/1997;12.121;12.205;12.218;12.024;6950000000;-0,0069;0;0,00973517;12.626;12.726;13.071
23/06/1997;12.239;12.121;12.323;12.109;4600000000;0,0097;1;0,028433696;12.838;12.872;13.104
24/06/1997;12.587;12.239;12.673;12.239;7080000000;0,0284;1;0,037022325;12.895;12.971;13.035
25/06/1997;13.053;12.587;13.056;12.587;11190000000;0,037;1;-0,013713323;12.733;13.034;13.005
26/06/1997;12.874;13.053;13.223;12.831;9970000000;-0,0137;0;-0,009088085;12.776;13.124;12.924
27/06/1997;12.757;12.874;12.920;12.665;8090000000;-0,0091;0;-0,014815395;12.943;13.247;12.811
30/06/1997;12.568;12.758;12.773;12.501;6090000000;-0,0148;0;0,034532145;13.182;13.396;12.720
01/07/1997;13.002;12.568;13.013;12.556;7100000000;0,0345;1;0,019843101;13.346;13.417;12.665
02/07/1997;13.260;13.002;13.271;12.992;8260000000;0,0198;1;0,00188537;13.427;13.337;12.606
03/07/1997;13.285;13.260;13.414;13.137;7190000000;0,0019;1;0,015732029;13.538;13.099;12.551
04/07/1997;13.494;13.285;13.500;13.242;6690000000;0,0157;1;0,000592856;13.576;12.977;12.482
07/07/1997;13.502;13.494;13.597;13.412;6360000000;0,0006;1;0,008517257;13.460;12.723;12.442
08/07/1997;13.617;13.502;13.617;13.240;8450000000;0,0085;1;-0,000587501;13.153;12.375;12.401
10/07/1997;13.609;13.617;14.005;13.567;7550000000;-0,0006;0;-0,033507238;12.489;12.044;12.359
11/07/1997;13.153;13.609;13.609;13.114;7490000000;-0,0335;0;-0,034592869;12.318;11.913;12.339
14/07/1997;12.698;13.153;13.424;12.453;6520000000;-0,0346;0;-0,085131517;11.995;11.874;12.307
15/07/1997;11.617;12.698;12.701;11.504;9940000000;-0,0851;0;0,088060601;11.850;12.004;12.336
16/07/1997;12.640;11.617;12.646;11.617;12170000000;0,0881;1;-0,072151899;11.401;11.987;12.284
17/07/1997;11.728;12.641;12.787;11.655;10560000000;-0,0722;0;-0,046555252;11.570;12.160;12.340
18/07/1997;11.182;11.728;11.740;10.765;11250000000;-0,0466;0;0,009837238;11.985;12.426;12.422
21/07/1997;11.292;11.182;11.318;10.967;6240000000;0,0098;1;0,08351045;12.395;12.673;12.482
22/07/1997;12.235;11.292;12.253;11.292;10620000000;0,0835;1;0,015692685;12.491;12.764;12.461
23/07/1997;12.427;12.235;12.706;11.759;9700000000;0,0157;1;0,007805585;12.662;12.740;12.417
24/07/1997;12.524;12.427;12.642;12.326;7510000000;0,0078;1;-7,98E-05;12.835;12.667;12.369
25/07/1997;12.523;12.524;12.573;12.400;4070000000;-0,0001;0;0,033139024;13.000;12.580;12.325
28/07/1997;12.938;12.523;13.061;12.523;10490000000;0,0331;1;0,00819292;12.978;12.520;12.210
29/07/1997;13.044;12.938;13.188;12.860;8980000000;0,0082;1;-0,00191659;12.717;12.417;12.089
30/07/1997;13.019;13.044;13.239;12.937;6280000000;-0,0019;0;-0,01129119;12.383;12.290;11.959
31/07/1997;12.872;13.019;13.046;12.775;5620000000;-0,0113;0;-0,047622747;12.062;12.158;11.815
01/08/1997;12.259;12.872;12.872;12.178;7410000000;-0,0476;0;-0,019740599;12.150;12.094;11.738
04/08/1997;12.017;12.259;12.259;11.868;6080000000;-0,0197;0;-0,008987268;12.252;12.071;11.676
05/08/1997;11.909;12.017;12.224;11.887;5560000000;-0,009;0;0,051557645;12.325;12.070;11.642
06/08/1997;12.523;11.909;12.544;11.864;6730000000;0,0516;1;-0,015970614;12.134;11.900;11.578
07/08/1997;12.323;12.523;12.620;12.268;6330000000;-0,016;0;-0,01574292;11.963;11.760;11.534
08/08/1997;12.129;12.323;12.324;12.018;5040000000;-0,0157;0;-0,014840465;11.870;11.628;11.473
11/08/1997;11.949;12.129;12.239;11.845;3890000000;-0,0148;0;-0,011632773;11.855;11.471;11.377
12/08/1997;11.810;11.949;12.150;11.798;6020000000;-0,0116;0;0,003471634;11.697;11.381;11.256
13/08/1997;11.851;11.810;12.045;11.696;6580000000;0,0035;1;0,004556578;11.526;11.282;11.199
14/08/1997;11.905;11.851;12.097;11.811;6300000000;0,0046;1;-0,047879042;11.295;11.213;11.143
15/08/1997;11.335;11.905;11.905;11.316;6790000000;-0,0479;0;0,000264667;11.133;11.255;11.150
18/08/1997;11.338;11.335;11.370;10.945;12270000000;0,0003;1;-0,01120127;11.080;11.309;11.186
19/08/1997;11.211;11.338;11.481;11.160;7830000000;-0,0112;0;-0,032289715;11.062;11.317;11.220
20/08/1997;10.849;11.211;11.211;10.764;6850000000;-0,0323;0;0,030509724;11.253;11.283;11.283
21/08/1997;11.180;10.849;11.207;10.849;6410000000;0,0305;1;-0,0019678;11.402;11.130;11.296
22/08/1997;11.158;11.180;11.180;10.920;4180000000;-0,002;0;0,023660154;11.589;11.116;11.291
25/08/1997;11.422;11.158;11.422;11.155;3700000000;0,0237;1;0,01786027;11.537;11.073;11.282
26/08/1997;11.626;11.422;11.651;11.323;6570000000;0,0179;1;0,007999312;11.198;11.045;11.228
27/08/1997;11.719;11.626;11.802;11.589;7740000000;0,008;1;-0,038569844;10.662;11.062;11.191
28/08/1997;11.267;11.719;11.721;11.260;6670000000;-0,0386;0;-0,058400639;10.594;11.122;11.209
29/08/1997;10.609;11.267;11.267;10.518;8430000000;-0,0584;0;-0,047129795;10.764;11.283;11.288
01/09/1997;10.109;10.609;10.643;9.921;7370000000;-0,0471;0;0,094371352;11.204;11.462;11.398
02/09/1997;11.063;10.111;11.065;10.111;8720000000;0,0944;1;0,005061918;11.463;11.466;11.444
03/09/1997;11.119;11.063;11.353;10.949;9000000000;0,0051;1;0,028060077;11.651;11.491;11.472
04/09/1997;11.431;11.119;11.456;11.011;5710000000;0,0281;1;0,035604934;11.753;11.410;11.476
05/09/1997;11.838;11.465;11.928;11.465;9590000000;0,0356;1;-0,01292448;11.594;11.319;11.443
08/09/1997;11.685;11.838;12.020;11.666;9030000000;-0,0129;0;0,00427899;11.397;11.296;11.432
09/09/1997;11.735;11.685;11.822;11.572;5300000000;0,0043;1;-0,031870473;11.249;11.293;11.424
10/09/1997;11.361;11.735;11.773;11.297;4400000000;-0,0319;0;-0,023501452;11.084;11.335;11.455
11/09/1997;11.094;11.361;11.362;10.809;7450000000;-0,0235;0;0,017847485;11.120;11.421;11.532
12/09/1997;11.292;11.094;11.377;10.918;5300000000;0,0178;1;-0,037814382;11.198;11.453;11.611
15/09/1997;10.865;11.292;11.320;10.851;4140000000;-0,0378;0;0,031201104;11.481;11.541;11.731
16/09/1997;11.204;10.865;11.271;10.791;7210000000;0,0312;1;0,028561228;11.629;11.567;11.837
17/09/1997;11.524;11.204;11.553;11.152;7290000000;0,0286;1;0,016487331;11.687;11.568;11.905
18/09/1997;11.714;11.524;11.782;11.459;9240000000;0,0165;1;-0,005463548;11.621;11.554;11.956
19/09/1997;11.650;11.714;11.830;11.570;5880000000;-0,0055;0;0,004120172;11.565;11.575;12.030
22/09/1997;11.698;11.650;11.880;11.650;6080000000;0,0041;1;-0,015558215;11.461;11.643;12.104
23/09/1997;11.516;11.698;11.698;11.406;4690000000;-0,0156;0;-0,002952414;11.467;11.769;12.189
24/09/1997;11.482;11.516;11.647;11.463;5800000000;-0,003;0;-0,008448006;11.511;11.920;12.290
25/09/1997;11.385;11.482;11.476;11.309;4710000000;-0,0084;0;0,013087396;11.648;12.106;12.393
26/09/1997;11.534;11.385;11.558;11.385;4030000000;0,0131;1;0,006936015;11.861;12.242;12.468
29/09/1997;11.614;11.534;11.614;11.485;2360000000;0,0069;1;0,015756845;12.122;12.359;12.530
30/09/1997;11.797;11.614;11.840;11.619;5360000000;0,0158;1;0,03187251;12.370;12.485;12.595
01/10/1997;12.173;11.797;12.183;11.799;7580000000;0,0319;1;0,01840138;12.542;12.566;12.655
02/10/1997;12.397;12.173;12.471;12.173;9270000000;0,0184;1;0,011615713;12.570;12.609;12.695
03/10/1997;12.541;12.397;12.814;12.281;10740000000;0,0116;1;0,011721553;12.534;12.659;12.649
06/10/1997;12.688;12.541;12.770;12.541;5740000000;0,0117;1;-0,016314628;12.533;12.680;12.567
07/10/1997;12.481;12.688;12.737;12.458;9690000000;-0,0163;0;-0,003845846;12.618;12.694;12.377
08/10/1997;12.433;12.481;12.530;12.270;8940000000;-0,0038;0;0,020188209;12.706;12.701;12.235
09/10/1997;12.684;12.433;12.725;12.325;8650000000;0,0202;1;0,004178493;12.777;12.704;12.031
10/10/1997;12.737;12.684;12.778;12.609;5660000000;0,0042;1;-0,003061946;12.808;12.744;11.753
13/10/1997;12.698;12.737;12.817;12.615;3980000000;-0,0031;0;0,015514254;12.768;12.781;11.488
14/10/1997;12.895;12.698;12.911;12.635;7490000000;0,0155;1;-0,005040713;12.632;12.639;11.271
15/10/1997;12.830;12.895;12.960;12.750;7070000000;-0,005;0;-0,019641465;12.590;12.455;11.087
16/10/1997;12.578;12.830;12.910;12.568;6340000000;-0,0196;0;-0,007155351;12.736;12.061;10.902
17/10/1997;12.488;12.578;12.704;12.385;5830000000;-0,0072;0;0,017296605;12.892;11.769;10.684
20/10/1997;12.704;12.488;12.718;12.446;15650000000;0,0173;1;0,024559194;12.624;11.357;10.408
21/10/1997;13.016;12.704;13.037;12.704;9860000000;0,0246;1;-0,004609711;12.133;10.762;10.121
22/10/1997;12.956;13.016;13.019;12.835;10020000000;-0,0046;0;-0,081583822;11.087;10.195;9.818
23/10/1997;11.899;12.956;12.955;11.881;8290000000;-0,0816;0;-0,029750399;10.603;9.904;9.527
24/10/1997;11.545;11.899;12.308;11.234;9710000000;-0,0298;0;-0,149675184;10.027;9.719;9.279
27/10/1997;9.817;11.545;11.545;9.800;11750000000;-0,1497;0;0,064174391;9.707;9.744;9.201
28/10/1997;10.447;9.817;10.594;8.564;10990000000;0,0642;1;-0,060208672;9.220;9.599;9.104
29/10/1997;9.818;10.447;10.759;9.493;13850000000;-0,0602;0;-0,09808515;9.233;9.458;9.047
30/10/1997;8.855;9.818;9.819;8.855;15180000000;-0,0981;0;0,014793902;9.699;9.480;9.081
31/10/1997;8.986;8.855;9.609;8.456;12510000000;0,0148;1;0,09703984;10.033;9.441;9.096
03/11/1997;9.858;8.986;9.883;8.986;9690000000;0,097;1;0,04017042;9.892;9.150;9.065
04/11/1997;10.254;9.858;10.277;9.625;10090000000;0,0402;1;-0,025941096;9.418;8.838;8.980
05/11/1997;9.988;10.254;10.334;9.922;9790000000;-0,0259;0;-0,05536644;9.091;8.658;8.920
06/11/1997;9.435;9.988;9.989;9.382;8960000000;-0,0554;0;-0,06391097;8.850;8.608;8.916
07/11/1997;8.832;9.434;9.434;8.443;10500000000;-0,0639;0;0,019701087;8.513;8.636;8.972
10/11/1997;9.006;8.833;9.266;8.823;6840000000;0,0197;1;-0,03275594;8.202;8.683;9.000
11/11/1997;8.711;9.006;9.067;8.704;8000000000;-0,0328;0;-0,102054873;8.208;8.751;9.067
12/11/1997;7.822;8.555;8.555;7.766;10900000000;-0,1021;0;0,031961135;8.628;8.979;9.220
13/11/1997;8.072;7.822;8.236;7.522;12950000000;0,032;1;0,081640238;8.947;9.122;9.357
14/11/1997;8.731;8.074;8.778;8.074;10510000000;0,0816;1;0,040201581;9.147;9.182;9.451
17/11/1997;9.082;8.734;9.258;8.734;8970000000;0,0402;1;-0,005945827;9.183;9.224;9.522
18/11/1997;9.028;9.083;9.084;8.691;7370000000;-0,0059;0;0,033673017;9.314;9.308;9.597
19/11/1997;9.332;9.028;9.353;8.904;8380000000;0,0337;1;-0,015323618;9.227;9.317;9.633
20/11/1997;9.189;9.332;9.479;9.132;9350000000;-0,0153;0;0,025356404;9.214;9.383;9.653
21/11/1997;9.422;9.189;9.670;9.189;14170000000;0,0254;1;-0,037359372;9.198;9.460;9.630
24/11/1997;9.070;9.422;9.420;9.047;15380000000;-0,0374;0;0,00893054;9.381;9.592;9.636
25/11/1997;9.151;9.070;9.168;8.862;18310000000;0,0089;1;0,024259644;9.462;9.720;9.665
26/11/1997;9.373;9.152;9.451;9.152;9060000000;0,0243;1;0,026245599;9.554;9.821;9.691
27/11/1997;9.619;9.373;9.619;9.371;8540000000;0,0262;1;-0,023287244;9.669;9.886;9.708
28/11/1997;9.395;9.619;9.623;9.382;4660000000;-0,0233;0;0,026929218;9.868;9.950;9.714
01/12/1997;9.648;9.395;9.653;9.395;6660000000;0,0269;1;0,032752902;10.001;9.923;9.678
02/12/1997;9.964;9.650;9.981;9.650;8430000000;0,0328;1;0,002810116;10.039;9.801;9.644
03/12/1997;9.992;9.964;10.072;9.906;7920000000;0,0028;1;0,005404323;10.068;9.680;9.613
04/12/1997;10.046;10.060;10.212;10.043;9110000000;0,0054;1;0,003384432;10.000;9.609;9.595
05/12/1997;10.080;10.046;10.086;9.946;5190000000;0,0034;1;-9,92E-05;9.793;9.561;9.593
08/12/1997;10.079;10.080;10.210;10.059;4520000000;-0,0001;0;-0,02371267;9.470;9.529;9.601
09/12/1997;9.840;10.075;10.075;9.793;5870000000;-0,0237;0;-0,03851626;9.239;9.478;9.647
10/12/1997;9.461;9.838;9.838;9.349;6690000000;-0,0385;0;-0,037311066;9.269;9.432;9.729
11/12/1997;9.108;9.454;9.454;8.852;7790000000;-0,0373;0;0,00428195;9.480;9.487;9.806
12/12/1997;9.147;9.109;9.362;8.941;6510000000;0,0043;1;0,044167487;9.716;9.545;9.858
15/12/1997;9.551;9.147;9.551;9.035;11320000000;0,0442;1;0,020102607;9.693;9.580;9.866
16/12/1997;9.743;9.551;9.854;9.551;6680000000;0,0201;1;0,011392795;9.492;9.624;9.821
17/12/1997;9.854;9.743;9.923;9.712;7430000000;0,0114;1;-0,037649685;9.372;9.673;9.776
18/12/1997;9.483;9.854;9.854;9.426;6600000000;-0,0376;0;-0,03627544;9.396;9.816;9.771
19/12/1997;9.139;9.481;9.481;8.909;8440000000;-0,0363;0;0,038844513;9.614;10.026;9.786
22/12/1997;9.494;9.139;9.504;9.139;4700000000;0,0388;1;0,006319781;9.800;10.124;9.761
23/12/1997;9.554;9.494;9.641;9.469;5310000000;0,0063;1;0,025225037;10.015;10.171;9.754
26/12/1997;9.795;9.554;9.795;9.554;2130000000;0,0252;1;0,026237876;10.243;10.151;9.751
29/12/1997;10.052;9.795;10.075;9.794;33980000000;0,0262;1;0,01442499;10.428;10.018;9.716
30/12/1997;10.197;10.052;10.208;10.052;5290000000;0,0144;1;0,027753261;10.424;9.879;9.658
02/01/1998;10.480;10.197;10.498;10.197;4030000000;0,0278;1;0,012118321;10.224;9.727;9.603
05/01/1998;10.607;10.480;10.655;10.427;7690000000;0,0121;1;-0,039785048;9.907;9.547;9.522
06/01/1998;10.185;10.607;10.607;10.135;9440000000;-0,0398;0;-0,030044183;9.551;9.398;9.474
07/01/1998;9.879;10.185;10.215;9.760;9310000000;-0,03;0;-0,02247191;9.334;9.336;9.457
08/01/1998;9.657;9.874;9.874;9.494;8160000000;-0,0225;0;-0,055814435;9.253;9.350;9.466
09/01/1998;9.118;9.655;9.655;9.118;7960000000;-0,0558;0;0,011954376;9.330;9.414;9.513
12/01/1998;9.227;9.118;9.254;8.441;7280000000;0,012;1;0,020374986;9.301;9.437;9.548
13/01/1998;9.415;9.228;9.587;9.228;8160000000;0,0204;1;-0,00701009;9.312;9.479;9.588
14/01/1998;9.349;9.416;9.744;9.324;10060000000;-0,007;0;-0,022355332;9.447;9.496;9.639
15/01/1998;9.140;9.349;9.358;9.082;5440000000;-0,0224;0;0,033698031;9.590;9.549;9.698
16/01/1998;9.448;9.144;9.457;9.144;4250000000;0,0337;1;0,032281964;9.569;9.578;9.734
19/01/1998;9.753;9.448;9.767;9.448;3340000000;0,0323;1;-0,018968523;9.554;9.581;9.752
20/01/1998;9.568;9.753;9.817;9.529;5220000000;-0,019;0;-0,019126254;9.521;9.612;9.800
21/01/1998;9.385;9.568;9.568;9.348;6450000000;-0,0191;0;0,034523175;9.563;9.660;9.864
22/01/1998;9.709;9.385;9.746;9.234;7470000000;0,0345;1;-0,02482233;9.544;9.698;9.919
23/01/1998;9.468;9.709;9.782;9.417;6450000000;-0,0248;0;0,004752852;9.646;9.782;9.982
26/01/1998;9.513;9.468;9.667;9.465;5610000000;0,0048;1;0,014506465;9.737;9.847;10.045
27/01/1998;9.651;9.513;9.725;9.513;7490000000;0,0145;1;0,012641177;9.760;9.889;10.087
28/01/1998;9.773;9.651;9.848;9.651;7030000000;0,0126;1;0,001330195;9.826;9.923;10.133
29/01/1998;9.786;9.773;9.910;9.755;8640000000;0,0013;1;-0,006744329;9.916;9.988;10.171
30/01/1998;9.720;9.786;9.840;9.638;5800000000;-0,0067;0;0,026028807;10.000;10.068;10.208
02/02/1998;9.973;9.913;9.992;9.716;7270000000;0,026;1;0,0082222;9.991;10.141;10.233
03/02/1998;10.055;9.973;10.055;9.810;7700000000;0,0082;1;-0,008354053;9.977;10.183;10.268
04/02/1998;9.971;10.055;10.056;9.886;7880000000;-0,0084;0;-0,002306689;10.066;10.243;10.310
05/02/1998;9.948;9.971;10.159;9.875;10530000000;-0,0023;0;0,006332931;10.176;10.284;10.354
06/02/1998;10.011;9.948;10.030;9.925;5130000000;0,0063;1;0,022874838;10.334;10.342;10.414
09/02/1998;10.240;10.011;10.256;10.007;8870000000;0,0229;1;0,003710938;10.371;10.354;10.464
10/02/1998;10.278;10.240;10.313;10.232;8250000000;0,0037;1;0,020140105;10.409;10.348;10.508
11/02/1998;10.485;10.278;10.495;10.278;9910000000;0,0201;1;-0,012875536;10.325;10.324;10.541
12/02/1998;10.350;10.485;10.486;10.238;6340000000;-0,0129;0;0,003961353;10.348;10.352;10.599
13/02/1998;10.391;10.350;10.393;10.291;8230000000;0,004;1;-0,015205466;10.325;10.376;10.654
16/02/1998;10.233;10.366;10.366;10.200;4060000000;-0,0152;0;0,018274211;10.326;10.424;10.722
17/02/1998;10.420;10.233;10.420;10.233;7590000000;0,0183;1;-0,00940499;10.292;10.485;10.779
18/02/1998;10.322;10.420;10.445;10.286;12490000000;-0,0094;0;-0,008331719;10.367;10.573;10.853
19/02/1998;10.236;10.322;10.322;10.163;6100000000;-0,0083;0;0,008108636;10.474;10.668;10.948
20/02/1998;10.319;10.236;10.319;10.198;5680000000;0,0081;1;0,021998256;10.558;10.758;11.040
25/02/1998;10.546;10.319;10.546;10.291;2820000000;0,022;1;0,001043049;10.658;10.845;11.130
26/02/1998;10.557;10.546;10.626;10.516;5870000000;0,001;1;0,001326134;10.785;10.933;11.226
27/02/1998;10.571;10.557;10.577;10.421;4750000000;0,0013;1;0,02591997;10.894;11.020;11.316
02/03/1998;10.845;10.572;10.901;10.572;7510000000;0,0259;1;0,008667589;10.929;11.074;11.392
03/03/1998;10.939;10.845;10.949;10.797;9100000000;0,0087;1;-0,003656641;11.002;11.133;11.471
04/03/1998;10.899;10.939;10.939;10.798;12650000000;-0,0037;0;0,004495825;11.091;11.229;11.543
05/03/1998;10.948;10.899;10.990;10.749;11950000000;0,0045;1;0,019272927;11.169;11.322;11.600
06/03/1998;11.159;10.948;11.204;10.948;9230000000;0,0193;1;0,00071691;11.190;11.415;11.657
09/03/1998;11.167;11.159;11.296;11.137;9600000000;0,0007;1;0,001253694;11.253;11.518;11.709
10/03/1998;11.181;11.167;11.228;11.121;5780000000;0,0013;1;0,003756372;11.382;11.611;11.750
11/03/1998;11.223;11.181;11.331;11.181;5930000000;0,0038;1;0,011850664;11.508;11.711;11.801
12/03/1998;11.356;11.223;11.365;11.183;6440000000;0,0119;1;0,018492427;11.658;11.808;11.836
13/03/1998;11.566;11.358;11.604;11.358;9550000000;0,0185;1;0,003026111;11.768;11.857;11.856
16/03/1998;11.601;11.564;11.614;11.495;9010000000;0,003;1;0,017843289;11.845;11.879;11.859
17/03/1998;11.808;11.601;11.808;11.568;10350000000;0,0178;1;0,007283198;11.882;11.898;11.869
18/03/1998;11.894;11.808;11.964;11.724;10510000000;0,0073;1;-0,005212712;11.930;11.899;11.865
19/03/1998;11.832;11.894;11.913;11.793;8460000000;-0,0052;0;0,007352941;11.954;11.888;11.876
20/03/1998;11.919;11.832;11.971;11.812;7080000000;0,0074;1;0,009984059;11.900;11.892;11.890
23/03/1998;12.038;11.919;12.041;11.803;7020000000;0,01;1;-0,011048347;11.869;11.863;11.907
24/03/1998;11.905;12.038;12.082;11.897;9350000000;-0,011;0;-0,01251575;11.867;11.856;11.935
25/03/1998;11.756;11.905;11.998;11.734;8920000000;-0,0125;0;0,016076897;11.865;11.839;11.959
26/03/1998;11.945;11.756;11.945;11.689;9380000000;0,0161;1;-0,003767267;11.866;11.839;11.970
27/03/1998;11.900;11.945;12.112;11.864;9030000000;-0,0038;0;-0,012605042;11.845;11.832;11.980
30/03/1998;11.750;11.900;11.902;11.717;6270000000;-0,0126;0;0,016765957;11.881;11.864;11.976
31/03/1998;11.947;11.753;11.975;11.753;10560000000;0,0168;1;-0,009207332;11.776;11.889;11.949
01/04/1998;11.837;11.947;11.950;11.752;10470000000;-0,0092;0;0,001774098;11.813;11.950;11.942
02/04/1998;11.858;11.837;11.959;11.750;12800000000;0,0018;1;-0,018890201;11.810;12.013;11.884
03/04/1998;11.634;11.858;11.858;11.494;16440000000;-0,0189;0;0,026989857;11.923;12.079;11.866
06/04/1998;11.948;11.634;11.968;11.634;12010000000;0,027;1;-0,008453298;11.981;12.102;11.836
07/04/1998;11.847;11.948;11.993;11.815;12330000000;-0,0085;0;0,010804423;12.122;12.128;11.824
08/04/1998;11.975;11.847;12.008;11.807;8350000000;0,0108;1;0,012192067;12.230;12.089;11.791
13/04/1998;12.121;11.975;12.121;11.975;8850000000;0,0122;1;0,012292715;12.220;12.010;11.750
14/04/1998;12.270;12.121;12.273;12.121;9110000000;0,0123;1;0,002363488;12.166;11.933;11.671
15/04/1998;12.299;12.270;12.339;12.160;12810000000;0,0024;1;-0,016911944;12.076;11.755;11.583
16/04/1998;12.091;12.299;12.299;12.042;9500000000;-0,0169;0;0,001488711;11.947;11.653;11.521
17/04/1998;12.109;12.091;12.109;11.965;15010000000;0,0015;1;-0,006689239;11.768;11.570;11.440
20/04/1998;12.028;12.109;12.202;11.988;20080000000;-0,0067;0;-0,027020286;11.668;11.520;11.352
22/04/1998;11.703;12.028;12.028;11.661;14380000000;-0,027;0;-0,011193711;11.452;11.492;11.286
23/04/1998;11.572;11.703;11.918;11.551;11200000000;-0,0112;0;0,013480816;11.387;11.490;11.227
24/04/1998;11.728;11.572;11.755;11.548;9500000000;0,0135;1;-0,057213506;11.321;11.409;11.168
27/04/1998;11.057;11.728;11.620;11.051;10540000000;-0,0572;0;0,028940942;11.527;11.410;11.107
28/04/1998;11.377;11.057;11.395;11.057;14010000000;0,0289;1;0,013272392;11.571;11.388;11.033
29/04/1998;11.528;11.377;11.610;11.311;9590000000;0,0133;1;0,012925052;11.580;11.310;10.953
30/04/1998;11.677;11.528;11.784;11.532;10750000000;0,0129;1;-0,014558534;11.409;11.184;10.853
04/05/1998;11.507;11.719;11.789;11.457;9080000000;-0,0146;0;0,004171374;11.261;11.080;10.762
05/05/1998;11.555;11.507;11.559;11.346;8610000000;0,0042;1;-0,033751623;11.149;10.963;10.652
06/05/1998;11.165;11.555;11.625;11.152;8880000000;-0,0338;0;-0,009135692;11.089;10.926;10.529
07/05/1998;11.063;11.165;11.233;11.009;11880000000;-0,0091;0;0,014191449;11.000;10.804;10.435
08/05/1998;11.220;11.063;11.342;11.063;7620000000;0,0142;1;-0,021122995;10.853;10.678;10.358
11/05/1998;10.983;11.220;11.369;10.948;6780000000;-0,0211;0;-0,016844214;10.770;10.596;10.277
12/05/1998;10.798;10.983;10.985;10.591;7480000000;-0,0168;0;-0,001759585;10.806;10.521;10.192
13/05/1998;10.779;10.798;10.853;10.675;8460000000;-0,0018;0;-0,004174784;10.615;10.444;10.147
14/05/1998;10.734;10.779;10.981;10.724;8100000000;-0,0042;0;0,016023849;10.485;10.341;10.084
15/05/1998;10.906;10.736;10.924;10.736;5600000000;0,016;1;-0,064276545;10.319;10.131;10.033
18/05/1998;10.205;10.906;10.908;10.010;8710000000;-0,0643;0;0,013522783;10.340;10.066;10.045
19/05/1998;10.343;10.205;10.452;10.205;9120000000;0,0135;1;0,006284444;10.306;10.038;10.059
20/05/1998;10.408;10.343;10.519;10.007;11650000000;0,0063;1;-0,013355111;10.175;9.958;10.056
21/05/1998;10.269;10.408;10.592;10.243;7900000000;-0,0134;0;-0,002824033;9.897;9.863;10.028
22/05/1998;10.240;10.269;10.279;10.072;6630000000;-0,0028;0;-0,021972656;9.733;9.850;9.981
25/05/1998;10.015;10.240;10.240;9.891;3930000000;-0,022;0;-0,05781328;9.779;9.828;9.914
26/05/1998;9.436;10.015;10.017;9.414;8430000000;-0,0578;0;0,033064858;9.916;9.936;9.900
27/05/1998;9.748;9.436;9.748;8.971;16540000000;0,0331;1;0,041444399;9.868;10.024;9.911
28/05/1998;10.152;9.748;10.213;9.685;10540000000;0,0414;1;-0,030043341;9.867;10.080;9.867
29/05/1998;9.847;10.152;10.162;9.843;9260000000;-0,03;0;-0,024576013;9.870;10.155;9.856
01/06/1998;9.605;9.750;9.750;9.486;7790000000;-0,0246;0;0,056741281;10.066;10.192;9.857
02/06/1998;10.150;9.609;10.151;9.609;8830000000;0,0567;1;-0,028965517;10.139;10.111;9.842
03/06/1998;9.856;10.150;10.287;9.761;10060000000;-0,029;0;0,033989448;10.367;10.000;9.841
04/06/1998;10.191;9.856;10.211;9.853;7550000000;0,034;1;0,017564518;10.427;9.865;9.793
05/06/1998;10.370;10.191;10.447;10.151;9110000000;0,0176;1;0,016393443;10.259;9.798;9.728
08/06/1998;10.540;10.370;10.563;10.267;7830000000;0,0164;1;-0,016129032;9.941;9.655;9.662
09/06/1998;10.370;10.540;10.550;10.333;7570000000;-0,0161;0;-0,048408872;9.509;9.557;9.612
10/06/1998;9.868;10.369;10.369;9.835;6250000000;-0,0484;0;-0,028678557;9.303;9.522;9.616
12/06/1998;9.585;9.863;9.863;9.311;8540000000;-0,0287;0;-0,053312467;9.407;9.572;9.638
15/06/1998;9.074;9.582;9.582;9.062;18780000000;-0,0533;0;0,019285872;9.562;9.681;9.713
16/06/1998;9.249;9.077;9.321;9.077;8700000000;0,0193;1;0,070061628;9.708;9.721;9.767
17/06/1998;9.897;9.416;9.908;9.416;15510000000;0,0701;1;-0,036172578;9.615;9.659;9.789
18/06/1998;9.539;9.897;9.897;9.461;9550000000;-0,0362;0;0,015515253;9.748;9.669;9.846
19/06/1998;9.687;9.539;9.746;9.539;9280000000;0,0155;1;-0,006916486;9.799;9.667;9.892
22/06/1998;9.620;9.687;9.690;9.517;5690000000;-0,0069;0;0,032952183;9.768;9.709;9.949
23/06/1998;9.937;9.622;9.955;9.622;7370000000;0,033;1;-0,009660863;9.611;9.704;10.000
24/06/1998;9.841;9.937;9.941;9.776;9700000000;-0,0097;0;-0,031907326;9.532;9.744;10.057
25/06/1998;9.527;9.856;9.978;9.527;9090000000;-0,0319;0;-0,006612785;9.582;9.814;10.156
26/06/1998;9.464;9.528;9.565;9.269;11490000000;-0,0066;0;0,014792899;9.732;9.920;10.270
29/06/1998;9.604;9.464;9.632;9.464;7210000000;0,0148;1;0,007705123;9.831;10.024;10.372
30/06/1998;9.678;9.605;9.809;9.605;9520000000;0,0077;1;0,024488531;9.977;10.117;10.461
01/07/1998;9.915;9.680;9.925;9.680;6340000000;0,0245;1;-0,001412002;10.012;10.189;10.533
02/07/1998;9.901;9.915;9.915;9.788;6630000000;-0,0014;0;0,021714978;10.113;10.295;10.585
03/07/1998;10.116;9.901;10.116;9.901;3220000000;0,0217;1;-0,009687624;10.186;10.371;10.618
06/07/1998;10.018;10.116;10.116;9.886;5250000000;-0,0097;0;0,0186664;10.289;10.498;10.657
07/07/1998;10.205;10.018;10.218;10.013;6350000000;0,0187;1;0,012836845;10.361;10.620;10.665
08/07/1998;10.336;10.205;10.387;10.202;8340000000;0,0128;1;-0,000870743;10.463;10.721;10.680
10/07/1998;10.327;10.336;10.381;10.173;6180000000;-0,0009;0;0,00900552;10.570;10.806;10.724
13/07/1998;10.420;10.353;10.462;10.353;5710000000;0,009;1;0,021305182;10.733;10.876;10.744
14/07/1998;10.642;10.420;10.673;10.419;10430000000;0,0213;1;0,000657771;10.871;10.876;10.728
15/07/1998;10.649;10.642;10.792;10.579;10010000000;0,0007;1;0,024321533;11.002;10.865;10.671
16/07/1998;10.908;10.691;10.921;10.691;11450000000;0,0243;1;0,013659699;11.007;10.816;10.594
17/07/1998;11.057;10.908;11.110;10.908;12430000000;0,0137;1;-0,001447047;10.959;10.710;10.497
20/07/1998;11.041;11.057;11.097;10.950;8050000000;-0,0014;0;-0,010687438;10.825;10.639;10.374
21/07/1998;10.923;11.041;11.156;10.899;12100000000;-0,0107;0;-0,001007049;10.709;10.641;10.249
22/07/1998;10.912;10.923;10.932;10.719;10180000000;-0,001;0;-0,024926686;10.593;10.612;10.098
23/07/1998;10.640;10.912;10.913;10.635;10380000000;-0,0249;0;-0,006109023;10.486;10.580;9.940
24/07/1998;10.575;10.640;10.784;10.403;9500000000;-0,0061;0;-0,001040189;10.475;10.477;9.807
27/07/1998;10.564;10.575;10.580;10.324;9780000000;-0,001;0;-0,023286634;10.600;10.372;9.677
28/07/1998;10.318;10.564;10.710;10.234;11460000000;-0,0233;0;0,021709634;10.729;10.283;9.555
29/07/1998;10.542;10.319;10.756;10.319;7040000000;0,0217;1;0,037658888;10.686;10.108;9.419
30/07/1998;10.939;10.543;11.064;10.543;11740000000;0,0377;1;-0,02120852;10.326;9.857;9.248
31/07/1998;10.707;10.939;10.996;10.643;7680000000;-0,0212;0;-0,027458672;10.033;9.585;9.054
03/08/1998;10.413;10.705;10.705;10.399;6100000000;-0,0275;0;-0,053202727;9.792;9.300;8.865
04/08/1998;9.859;10.461;10.510;9.840;11020000000;-0,0532;0;-0,003144335;9.612;9.136;8.707
05/08/1998;9.828;9.860;9.961;9.558;9340000000;-0,0031;0;-0,014041514;9.397;8.981;8.551
06/08/1998;9.690;9.780;9.780;9.617;6590000000;-0,014;0;-0,038286894;9.101;8.826;8.384
07/08/1998;9.319;9.690;9.690;9.194;8100000000;-0,0383;0;-0,014701148;8.800;8.730;8.191
10/08/1998;9.182;9.319;9.319;9.031;6020000000;-0,0147;0;-0,041385319;8.643;8.638;8.017
11/08/1998;8.802;9.174;9.174;8.658;9160000000;-0,0414;0;-0,043740059;8.624;8.523;7.851
12/08/1998;8.417;8.802;9.066;8.400;12650000000;-0,0437;0;0,03492931;8.688;8.429;7.744
13/08/1998;8.711;8.417;8.786;8.364;10720000000;0,0349;1;0,003788314;8.666;8.279;7.607
14/08/1998;8.744;8.711;8.981;8.609;8180000000;0,0038;1;-0,015324794;8.598;8.122;7.427
17/08/1998;8.610;8.744;8.747;8.492;21110000000;-0,0153;0;0,003832753;8.392;7.942;7.229
18/08/1998;8.643;8.610;8.679;8.383;8000000000;0,0038;1;-0,011685757;8.099;7.652;7.027
19/08/1998;8.542;8.643;8.842;8.496;12150000000;-0,0117;0;-0,064387731;7.804;7.396;6.821
20/08/1998;7.992;8.542;8.542;7.972;9810000000;-0,0644;0;-0,028528529;7.689;7.179;6.590
21/08/1998;7.764;7.800;7.991;7.191;12650000000;-0,0285;0;-0,014039155;7.550;7.058;6.421
24/08/1998;7.655;7.764;7.888;7.496;6430000000;-0,014;0;-0,000914435;7.204;6.936;6.290
25/08/1998;7.648;7.655;7.933;7.520;8200000000;-0,0009;0;-0,039225941;6.904;6.732;6.237
26/08/1998;7.348;7.645;7.645;7.302;8920000000;-0,0392;0;-0,099482852;6.612;6.516;6.195
27/08/1998;6.617;7.339;7.339;6.577;12310000000;-0,0995;0;0,01949524;6.712;6.402;6.182
28/08/1998;6.746;6.617;6.890;6.530;12560000000;0,0195;1;-0,040616662;6.731;6.246;6.179
31/08/1998;6.472;6.746;6.788;6.454;8630000000;-0,0406;0;0,068757726;6.647;6.002;6.178
01/09/1998;6.917;6.472;6.950;6.387;12960000000;0,0688;1;-0,016191991;6.287;5.785;6.152
02/09/1998;6.805;6.917;7.105;6.794;26550000000;-0,0162;0;-0,086113152;5.958;5.644;6.186
03/09/1998;6.219;6.782;6.782;6.187;12470000000;-0,0861;0;-0,061424666;5.770;5.742;6.231
04/09/1998;5.837;6.219;6.441;5.354;14920000000;-0,0614;0;-0,003255097;5.411;5.874;6.293
08/09/1998;5.818;5.837;6.130;5.687;12290000000;-0,0033;0;-0,028016501;5.271;5.961;6.365
09/09/1998;5.655;5.817;5.817;5.627;12300000000;-0,028;0;-0,158090186;5.326;6.112;6.452
10/09/1998;4.761;5.653;5.653;4.751;13270000000;-0,1581;0;0,133795421;6.040;6.353;6.583
11/09/1998;5.398;4.761;5.400;4.576;14700000000;0,1338;1;0,077806595;6.494;6.519;6.623
14/09/1998;5.818;5.398;5.844;5.275;10180000000;0,0778;1;0,186833964;6.699;6.728;6.665
15/09/1998;6.905;5.819;6.905;5.601;16600000000;0,1868;1;-0,020999276;6.634;6.719;6.609
16/09/1998;6.760;6.905;7.453;6.509;18660000000;-0,021;0;-0,04852071;6.531;6.713;6.579
17/09/1998;6.432;6.758;6.758;6.078;13230000000;-0,0485;0;0,043221393;6.573;6.769;6.559
18/09/1998;6.710;6.432;6.737;6.432;8540000000;0,0432;1;-0,038748137;6.763;6.792;6.521
21/09/1998;6.450;6.707;6.707;6.201;4640000000;-0,0387;0;0,017054264;6.895;6.812;6.527
22/09/1998;6.560;6.451;6.725;6.451;7260000000;0,0171;1;0,109756098;6.945;6.726;6.531
23/09/1998;7.280;6.561;7.295;6.561;10390000000;0,1098;1;-0,05989011;6.794;6.602;6.471
24/09/1998;6.844;7.280;7.385;6.812;12160000000;-0,0599;0;-0,019286967;6.803;6.499;6.473
25/09/1998;6.712;6.834;6.834;6.411;6910000000;-0,0193;0;0,017133492;6.763;6.445;6.473
28/09/1998;6.827;6.755;7.036;6.755;4950000000;0,0171;1;0,006152043;6.474;6.350;6.474
29/09/1998;6.869;6.827;6.884;6.651;6890000000;0,0062;1;-0,040180521;6.321;6.251;6.482
30/09/1998;6.593;6.866;6.866;6.565;6940000000;-0,0402;0;-0,096010921;6.164;6.241;6.536
01/10/1998;5.960;6.593;6.593;5.951;7230000000;-0,096;0;0,075503356;6.290;6.335;6.653
02/10/1998;6.410;5.961;6.419;5.961;7130000000;0,0755;1;-0,044773791;6.205;6.340;6.715
05/10/1998;6.123;6.354;6.354;5.997;3490000000;-0,0448;0;0,034786869;6.223;6.448;6.775
06/10/1998;6.336;6.139;6.524;6.139;8300000000;0,0348;1;-0,028251263;6.287;6.501;6.813
07/10/1998;6.157;6.336;6.423;6.009;18410000000;-0,0283;0;0,002923502;6.440;6.599;6.861
08/10/1998;6.175;6.157;6.195;5.878;6540000000;0,0029;1;0,057165992;6.530;6.713;6.887
09/10/1998;6.528;6.180;6.528;6.180;6990000000;0,0572;1;0,013786765;6.646;6.830;6.924
13/10/1998;6.618;6.528;6.681;6.516;6750000000;0,0138;1;-0,026140828;6.675;6.971;6.988
14/10/1998;6.445;6.617;6.617;6.440;7390000000;-0,0261;0;0,066563227;6.808;7.089;7.074
15/10/1998;6.874;6.445;6.889;6.291;8500000000;0,0666;1;-0,024294443;6.841;7.103;7.161
16/10/1998;6.707;6.874;6.926;6.634;6120000000;-0,0243;0;0,02042642;7.056;7.126;7.269
19/10/1998;6.844;6.707;6.971;6.659;16640000000;0,0204;1;0,018848627;7.309;7.124;7.369
20/10/1998;6.973;6.845;7.074;6.845;8430000000;0,0188;1;0,054065682;7.408;7.062;7.442
21/10/1998;7.350;6.973;7.381;6.944;9230000000;0,0541;1;0,034421769;7.282;7.018;7.472
22/10/1998;7.603;7.350;7.630;7.276;12410000000;0,0344;1;-0,043535447;7.038;7.005;7.462
23/10/1998;7.272;7.602;7.602;7.268;7400000000;-0,0435;0;-0,041254125;6.889;7.060;7.487
26/10/1998;6.972;7.272;7.331;6.944;5860000000;-0,0413;0;-0,014773379;6.745;7.220;7.561
27/10/1998;6.869;6.972;7.173;6.759;9370000000;-0,0148;0;-0,006114427;6.804;7.412;7.665
28/10/1998;6.827;6.869;7.139;6.738;9310000000;-0,0061;0;-0,042331917;7.031;7.614;7.788
29/10/1998;6.538;6.820;6.820;6.462;7530000000;-0,0423;0;0,077852554;7.404;7.823;7.915
30/10/1998;7.047;6.611;7.108;6.611;8050000000;0,0779;1;0,065559813;7.753;7.925;8.021
03/11/1998;7.509;7.047;7.515;7.047;8010000000;0,0656;1;0,019576508;7.988;7.920;8.101
04/11/1998;7.656;7.509;7.835;7.509;10280000000;0,0196;1;0,057079415;8.183;7.914;8.169
05/11/1998;8.093;7.656;8.113;7.585;10730000000;0,0571;1;0,014951192;8.152;7.901;8.228
06/11/1998;8.214;8.113;8.370;8.113;11300000000;0,015;1;0,003408814;8.002;7.918;8.281
09/11/1998;8.242;8.214;8.348;8.157;7690000000;0,0034;1;-0,029361805;7.745;7.961;8.341
10/11/1998;8.000;8.242;8.242;7.964;6090000000;-0,0294;0;-0,029625;7.616;8.007;8.387
11/11/1998;7.763;8.000;8.228;7.751;9170000000;-0,0296;0;-0,037614324;7.697;8.117;8.442
12/11/1998;7.471;7.763;7.928;7.444;8100000000;-0,0376;0;0,019274528;7.983;8.283;8.512
13/11/1998;7.615;7.471;7.844;7.463;7280000000;0,0193;1;0,051083388;8.294;8.425;8.519
16/11/1998;8.004;7.615;8.004;7.615;5460000000;0,0511;1;0,040729635;8.398;8.554;8.492
17/11/1998;8.330;8.004;8.356;8.004;11120000000;0,0407;1;0,02605042;8.465;8.643;8.464
18/11/1998;8.547;8.330;8.628;8.280;9440000000;0,0261;1;-0,026793027;8.495;8.721;8.399
19/11/1998;8.318;8.547;8.609;8.307;9210000000;-0,0268;0;0,025607117;8.591;8.766;8.346
20/11/1998;8.531;8.318;8.615;8.317;7060000000;0,0256;1;0,012308053;8.718;8.768;8.274
23/11/1998;8.636;8.531;8.731;8.518;7360000000;0,0123;1;-0,003358036;8.824;8.741;8.171
24/11/1998;8.607;8.636;8.636;8.392;7110000000;-0,0034;0;0,035203904;8.986;8.613;8.027
25/11/1998;8.910;8.607;8.935;8.548;8000000000;0,0352;1;0,004938272;8.893;8.429;7.886
26/11/1998;8.954;8.910;9.065;8.875;6230000000;0,0049;1;0,01563547;8.757;8.285;7.719
27/11/1998;9.094;8.954;9.128;8.918;5840000000;0,0156;1;-0,05091269;8.542;8.076;7.544
30/11/1998;8.631;9.094;9.095;8.628;4490000000;-0,0509;0;-0,009964083;8.233;7.925;7.412
01/12/1998;8.545;8.631;8.631;8.242;6540000000;-0,01;0;-0,01123464;7.927;7.780;7.316
02/12/1998;8.449;8.545;8.738;8.348;5930000000;-0,0112;0;-0,087939401;7.760;7.601;7.220
03/12/1998;7.706;8.446;8.446;7.626;11740000000;-0,0879;0;-0,010251752;7.734;7.441;7.183
04/12/1998;7.627;7.706;7.936;7.506;5840000000;-0,0103;0;0,041825095;7.716;7.342;7.131
07/12/1998;7.946;7.627;7.972;7.627;5820000000;0,0418;1;-0,039894286;7.577;7.152;7.043
08/12/1998;7.629;7.946;8.024;7.606;6090000000;-0,0399;0;-0,007340412;7.433;7.011;6.982
09/12/1998;7.573;7.629;7.773;7.431;6100000000;-0,0073;0;-0,005678067;7.103;6.898;6.937
10/12/1998;7.530;7.573;7.734;7.502;4460000000;-0,0057;0;-0,044488712;6.904;6.851;6.907
11/12/1998;7.195;7.530;7.531;7.146;6650000000;-0,0445;0;-0,084920083;6.712;6.840;6.917
14/12/1998;6.584;7.195;7.196;6.554;11700000000;-0,0849;0;0,053159174;6.733;6.925;6.943
15/12/1998;6.934;6.584;6.968;6.481;8940000000;0,0532;1;-0,045428324;6.682;6.920;6.933
16/12/1998;6.619;6.934;7.039;6.430;10910000000;-0,0454;0;0,003928086;6.876;6.933;6.917
17/12/1998;6.645;6.619;6.756;6.378;5520000000;0,0039;1;0,020617005;7.033;6.953;6.865
18/12/1998;6.782;6.645;6.787;6.588;4160000000;0,0206;1;0,061781185;7.164;6.976;6.782
21/12/1998;7.201;6.781;7.205;6.781;20180000000;0,0618;1;-0,011942786;7.063;6.963;6.629
22/12/1998;7.115;7.201;7.268;7.083;5330000000;-0,0119;0;0,008573436;6.930;6.994;6.602
23/12/1998;7.176;7.115;7.233;7.106;4120000000;0,0086;1;-0,038600892;6.799;6.962;6.598
28/12/1998;6.899;7.176;7.210;6.853;3980000000;-0,0386;0;-0,026670532;6.814;6.945;6.632
29/12/1998;6.715;6.896;6.896;6.626;4480000000;-0,0267;0;0,010275503;6.946;6.901;6.701
30/12/1998;6.784;6.716;6.864;6.712;2720000000;0,0103;1;0,023290094;7.128;6.777;6.739
04/01/1999;6.942;6.787;7.052;6.787;558940000;0,0233;1;0,024344569;7.132;6.588;6.757
05/01/1999;7.111;6.942;7.147;6.843;593880000;0,0243;1;0,030937983;7.022;6.294;6.795
06/01/1999;7.331;7.111;7.334;7.110;608500000;0,0309;1;-0,051425454;6.713;6.211;6.820
07/01/1999;6.954;7.161;7.161;6.841;526630000;-0,0514;0;-0,024877768;6.367;6.233;6.894
08/01/1999;6.781;6.955;7.100;6.706;624230000;-0,0249;0;-0,055743991;5.979;6.319;6.994
11/01/1999;6.403;6.784;6.784;6.268;567990000;-0,0557;0;-0,076058098;5.530;6.501;7.171
12/01/1999;5.916;6.408;6.408;5.792;807170000;-0,0761;0;-0,050540906;5.807;6.701;7.372
13/01/1999;5.617;5.657;5.742;5.278;104330000;-0,0505;0;-0,099697347;6.306;6.926;7.591
14/01/1999;5.057;5.702;5.857;5.050;121420000;-0,0997;0;0,334190231;7.080;7.296;7.848
15/01/1999;6.747;5.039;6.782;4.797;154620000;0,3342;1;0,054246332;7.389;7.430;7.968
18/01/1999;7.113;6.760;7.342;6.485;741100000;0,0542;1;0,037677492;7.459;7.555;8.091
19/01/1999;7.381;7.115;7.413;7.013;114190000;0,0377;1;0,039696518;7.395;7.668;8.183
20/01/1999;7.674;7.418;7.721;7.293;105570000;0,0397;1;-0,045999479;7.385;7.842;8.267
21/01/1999;7.321;7.674;7.677;7.116;922240000;-0,046;0;-0,01789373;7.507;8.043;8.386
22/01/1999;7.190;7.317;7.413;7.048;556710000;-0,0179;0;0,063282337;7.773;8.256;8.512
26/01/1999;7.645;7.194;7.789;7.194;839170000;0,0633;1;0,005493787;7.948;8.400;8.607
27/01/1999;7.687;7.647;7.848;7.553;870890000;0,0055;1;0,039026929;8.350;8.506;8.691
28/01/1999;7.987;7.735;7.989;7.735;802390000;0,039;1;0,023037436;8.598;8.626;8.764
29/01/1999;8.171;8.051;8.540;8.051;119150000;0,023;1;0,08811651;8.766;8.698;8.829
01/02/1999;8.891;8.187;8.891;8.160;899250000;0,0881;1;-0,017883253;8.687;8.692;8.833
02/02/1999;8.732;8.886;8.912;8.510;941110000;-0,0179;0;-0,006413193;8.588;8.729;8.848
03/02/1999;8.676;8.798;8.897;8.586;741010000;-0,0064;0;-0,002650991;8.637;8.769;8.848
04/02/1999;8.653;8.682;8.715;8.416;661030000;-0,0027;0;-0,025193574;8.644;8.815;8.867
05/02/1999;8.435;8.654;8.654;8.309;713220000;-0,0252;0;0,046117368;8.784;8.875;8.921
08/02/1999;8.824;8.435;8.828;8.321;125710000;0,0461;1;-0,016999093;8.839;8.902;8.939
09/02/1999;8.674;8.841;8.975;8.656;553910000;-0,017;0;0,020636385;8.932;8.960;8.973
10/02/1999;8.853;8.660;8.853;8.565;753200000;0,0206;1;0,01547498;8.972;8.973;9.020
11/02/1999;8.990;8.862;9.116;8.860;859690000;0,0155;1;-0,004226919;8.929;8.967;9.054
12/02/1999;8.952;8.991;8.996;8.839;889750000;-0,0042;0;0,002457551;8.949;8.928;9.113
17/02/1999;8.974;8.952;9.091;8.928;511620000;0,0025;1;-0,012591932;8.983;8.919;9.150
18/02/1999;8.861;8.976;9.023;8.830;439240000;-0,0126;0;0,01715382;9.010;8.967;9.215
19/02/1999;9.013;8.861;9.013;8.760;498570000;0,0172;1;0,006878953;8.990;8.975;9.264
22/02/1999;9.075;9.013;9.143;8.960;553550000;0,0069;1;-0,014545455;8.857;8.986;9.300
23/02/1999;8.943;9.075;9.267;8.931;728050000;-0,0145;0;0,001118193;8.846;9.067;9.405
24/02/1999;8.953;8.942;9.005;8.823;548770000;0,0011;1;-0,031162739;8.928;9.140;9.527
25/02/1999;8.674;8.955;8.999;8.603;603710000;-0,0312;0;0,027323034;9.060;9.299;9.667
26/02/1999;8.911;8.675;8.911;8.670;510400000;0,0273;1;0,032207384;9.141;9.381;9.808
01/03/1999;9.198;8.912;9.198;8.912;694760000;0,0322;1;-0,013807349;9.245;9.464;9.925
02/03/1999;9.071;9.200;9.205;9.052;542670000;-0,0138;0;0,00926028;9.376;9.553;10.029
03/03/1999;9.155;9.071;9.360;9.008;569790000;0,0093;1;0,038558165;9.586;9.613;10.120
04/03/1999;9.508;9.155;9.508;9.155;843760000;0,0386;1;-0,004522507;9.578;9.743;10.185
05/03/1999;9.465;9.509;9.717;9.434;118930000;-0,0045;0;0,033914422;9.683;9.913;10.291
08/03/1999;9.786;9.465;9.786;9.461;699960000;0,0339;1;-0,030860413;9.653;10.034;10.368
09/03/1999;9.484;9.786;9.802;9.459;111320000;-0,0309;0;0,030999578;9.683;10.236;10.467
10/03/1999;9.778;9.485;9.817;9.485;183260000;0,031;1;-0,008181632;9.895;10.387;10.556
11/03/1999;9.698;9.781;10.080;9.686;207320000;-0,0082;0;-0,012786141;10.215;10.505;10.627
12/03/1999;9.574;9.694;9.755;9.470;110550000;-0,0128;0;0,087737623;10.569;10.626;10.731
15/03/1999;10.414;9.626;10.414;9.587;226130000;0,0877;1;0,023429998;10.729;10.628;10.784
16/03/1999;10.658;10.414;10.731;10.346;209060000;0,0234;1;-0,002158003;10.788;10.668;10.847
17/03/1999;10.635;10.658;10.726;10.493;161590000;-0,0022;0;0,02435355;10.752;10.701;10.906
18/03/1999;10.894;10.635;10.977;10.586;122390000;0,0244;1;-0,005324032;10.593;10.697;10.937
19/03/1999;10.836;10.897;11.101;10.787;108850000;-0,0053;0;-0,028516058;10.458;10.725;10.979
22/03/1999;10.527;10.836;10.836;10.466;524860000;-0,0285;0;-0,010449321;10.594;10.749;11.029
23/03/1999;10.417;10.526;10.835;10.324;758950000;-0,0104;0;0,001151963;10.744;10.835;11.092
24/03/1999;10.429;10.416;10.588;10.350;701070000;0,0012;1;0,048710327;10.890;10.940;11.151
25/03/1999;10.937;10.449;10.995;10.449;109550000;0,0487;1;-0,006583158;10.921;11.025;11.186
26/03/1999;10.865;10.937;11.029;10.802;101790000;-0,0066;0;0,000368155;10.864;11.111;11.209
29/03/1999;10.869;10.866;10.966;10.751;610060000;0,0004;1;0,014628761;10.915;11.177;11.218
30/03/1999;11.028;10.869;11.075;10.859;118740000;0,0146;1;-0,030105187;10.961;11.234;11.222
31/03/1999;10.696;11.029;11.060;10.660;351320000;-0,0301;0;0,030478684;11.239;11.309;11.246
05/04/1999;11.022;10.697;11.022;10.680;283570000;0,0305;1;0,01306478;11.387;11.349;11.230
06/04/1999;11.166;11.022;11.331;11.022;272680000;0,0131;1;0,032598961;11.442;11.361;11.210
07/04/1999;11.530;11.165;11.530;11.165;315510000;0,0326;1;-0,005550737;11.408;11.346;11.181
08/04/1999;11.466;11.534;11.827;11.261;570240000;-0,0056;0;-0,011948369;11.325;11.308;11.154
09/04/1999;11.329;11.473;11.616;11.257;353720000;-0,0119;0;0,008915173;11.318;11.259;11.155
12/04/1999;11.430;11.326;11.459;11.007;156860000;0,0089;1;-0,018635171;11.256;11.210;11.156
13/04/1999;11.217;11.432;11.601;11.148;175910000;-0,0186;0;0,007934385;11.327;11.183;11.160
14/04/1999;11.306;11.219;11.398;11.144;182470000;0,0079;1;-0,005306917;11.291;11.111;11.179
15/04/1999;11.246;11.306;11.369;11.141;150910000;-0,0053;0;0,016272452;11.205;11.059;11.225
16/04/1999;11.429;11.252;11.558;11.252;199290000;0,0163;1;-0,020299239;11.090;11.016;11.282
19/04/1999;11.197;11.533;11.746;11.068;328630000;-0,0203;0;-0,018576404;11.035;11.000;11.369
20/04/1999;10.989;11.194;11.194;10.735;137670000;-0,0186;0;0,008645009;10.971;11.052;11.460
22/04/1999;11.084;11.004;11.304;10.966;991450000;0,0086;1;-0,004691447;10.905;11.102;11.536
23/04/1999;11.032;11.087;11.132;10.984;947340000;-0,0047;0;-0,021211022;10.937;11.136;11.638
26/04/1999;10.798;11.042;11.164;10.798;908640000;-0,0212;0;0,008057048;11.032;11.247;11.748
27/04/1999;10.885;10.808;10.969;10.676;110720000;0,0081;1;0,02223243;11.188;11.391;11.839
28/04/1999;11.127;10.882;11.155;10.860;283140000;0,0222;1;-0,003774602;11.291;11.549;11.920
29/04/1999;11.085;11.148;11.296;11.015;139220000;-0,0038;0;0,023996392;11.352;11.738;11.994
30/04/1999;11.351;11.065;11.464;11.065;167310000;0,024;1;0,007576425;11.428;11.869;12.047
03/05/1999;11.437;11.351;11.465;11.214;809880000;0,0076;1;-0,014776602;11.578;11.971;12.067
04/05/1999;11.268;11.439;11.472;11.101;774190000;-0,0148;0;0,027511537;11.900;12.141;12.059
05/05/1999;11.578;11.267;11.588;11.222;107440000;0,0275;1;0,026861289;12.178;12.249;11.990
06/05/1999;11.889;11.587;11.918;11.546;116450000;0,0269;1;0,028934309;12.304;12.286;11.944
07/05/1999;12.233;11.890;12.233;11.824;251890000;0,0289;1;0,014632551;12.276;12.291;11.851
10/05/1999;12.412;12.234;12.530;12.119;138980000;0,0146;1;-0,011682243;12.291;12.249;11.745
11/05/1999;12.267;12.383;12.473;12.224;961050000;-0,0117;0;-0,009700823;12.314;12.224;11.661
12/05/1999;12.148;12.268;12.268;11.988;925710000;-0,0097;0;0,025600922;12.315;12.164;11.583
13/05/1999;12.459;12.148;12.589;12.148;106250000;0,0256;1;-0,009952645;12.251;11.978;11.478
14/05/1999;12.335;12.399;12.407;12.212;976450000;-0,01;0;-0,014916903;12.179;11.730;11.400
17/05/1999;12.151;12.331;12.338;11.973;513440000;-0,0149;0;0,009628837;12.158;11.601;11.321
18/05/1999;12.268;12.152;12.354;12.101;678860000;0,0096;1;-0,012226932;11.978;11.410;11.233
19/05/1999;12.118;12.286;12.350;12.008;802610000;-0,0122;0;-0,002475656;11.657;11.241;11.145
20/05/1999;12.088;12.116;12.243;11.995;684020000;-0,0025;0;-0,029781602;11.162;11.098;11.073
21/05/1999;11.728;12.088;12.092;11.646;642070000;-0,0298;0;-0,048857435;11.001;11.001;11.029
24/05/1999;11.155;11.727;11.840;11.104;606590000;-0,0489;0;-0,049574182;10.928;10.979;11.024
25/05/1999;10.602;11.151;11.151;10.563;756490000;-0,0496;0;0,060648934;11.037;11.069;11.065
26/05/1999;11.245;10.610;11.245;10.610;105920000;0,0606;1;-0,027389951;10.986;11.041;11.094
27/05/1999;10.937;11.256;11.284;10.875;661680000;-0,0274;0;-0,000640029;11.024;11.055;11.143
28/05/1999;10.930;10.941;11.007;10.843;701970000;-0,0006;0;0,014638609;11.046;11.049;11.211
31/05/1999;11.090;10.932;11.106;10.794;184830000;0,0146;1;-0,003516682;11.094;11.049;11.276
01/06/1999;11.051;11.090;11.090;10.742;761290000;-0,0035;0;-0,004886436;11.093;11.056;11.342
02/06/1999;10.997;11.052;11.101;10.748;563250000;-0,0049;0;0,021551332;11.105;11.069;11.399
04/06/1999;11.234;10.998;11.296;10.993;275600000;0,0216;1;-0,016645896;10.990;11.062;11.413
07/06/1999;11.047;11.234;11.308;11.045;393940000;-0,0166;0;-0,001267312;11.004;11.147;11.425
08/06/1999;11.033;11.052;11.227;10.980;654590000;-0,0013;0;-0,012961117;11.028;11.232;11.442
09/06/1999;10.890;11.043;11.156;10.890;417300000;-0,013;0;0,018273646;11.093;11.373;11.477
10/06/1999;11.089;10.858;11.128;10.800;598670000;0,0183;1;0,001442871;11.124;11.504;11.515
11/06/1999;11.105;11.140;11.292;11.061;541370000;0,0014;1;-0,00189104;11.304;11.628;11.558
14/06/1999;11.084;11.108;11.260;11.040;312930000;-0,0019;0;0,008931794;11.485;11.729;11.612
15/06/1999;11.183;11.084;11.240;11.084;347110000;0,0089;1;0,041223285;11.717;11.765;11.666
16/06/1999;11.644;11.192;11.677;11.192;864850000;0,0412;1;-0,001288217;11.837;11.704;11.668
17/06/1999;11.629;11.642;11.820;11.476;811230000;-0,0013;0;0,021325995;11.952;11.652;11.676
18/06/1999;11.877;11.629;11.903;11.548;771680000;0,0213;1;0,010777132;11.924;11.581;11.650
21/06/1999;12.005;11.895;12.010;11.632;768810000;0,0108;1;-0,002582257;11.732;11.527;11.598
22/06/1999;11.974;12.007;12.118;11.931;573540000;-0,0026;0;-0,015199599;11.481;11.489;11.550
23/06/1999;11.792;11.976;11.976;11.752;540340000;-0,0152;0;-0,030613976;11.305;11.495;11.518
24/06/1999;11.431;11.792;11.806;11.404;690020000;-0,0306;0;-0,018458578;11.288;11.567;11.513
25/06/1999;11.220;11.427;11.525;11.146;644900000;-0,0185;0;0,003921569;11.423;11.632;11.527
28/06/1999;11.264;11.222;11.382;11.201;278650000;0,0039;1;0,010209517;11.571;11.701;11.540
29/06/1999;11.379;11.264;11.442;11.254;420130000;0,0102;1;0,021794534;11.724;11.719;11.533
30/06/1999;11.627;11.380;11.683;11.190;577480000;0,0218;1;0,006966543;11.827;11.669;11.509
01/07/1999;11.708;11.634;11.815;11.596;962380000;0,007;1;0,010932696;11.815;11.611;11.476
02/07/1999;11.836;11.706;11.861;11.674;421230000;0,0109;1;0,0084488;11.785;11.541;11.415
05/07/1999;11.936;11.834;11.996;11.834;210880000;0,0084;1;-0,021950402;11.643;11.459;11.325
06/07/1999;11.674;11.930;11.937;11.642;452930000;-0,022;0;0,006081891;11.509;11.421;11.258
07/07/1999;11.745;11.671;11.753;11.617;446080000;0,0061;1;-0,020093657;11.362;11.379;11.183
08/07/1999;11.509;11.745;11.745;11.429;513130000;-0,0201;0;-0,020505691;11.308;11.346;11.116
12/07/1999;11.273;11.509;11.590;11.138;487530000;-0,0205;0;0,002661226;11.338;11.350;11.056
13/07/1999;11.303;11.268;11.312;10.860;557930000;0,0027;1;0,004069716;11.373;11.341;10.978
14/07/1999;11.349;11.311;11.461;11.274;432850000;0,0041;1;0,001145475;11.407;11.289;10.901
15/07/1999;11.362;11.382;11.476;11.348;397010000;0,0011;1;0,00396057;11.378;11.191;10.816
16/07/1999;11.407;11.356;11.413;11.247;363940000;0,004;1;0,003944946;11.343;11.095;10.729
19/07/1999;11.452;11.410;11.483;11.364;417230000;0,0039;1;-0,015543137;11.272;10.987;10.629
20/07/1999;11.274;11.453;11.465;11.235;489590000;-0,0155;0;0,00257229;11.177;10.886;10.534
21/07/1999;11.303;11.274;11.362;11.215;403040000;0,0026;1;-0,005662214;10.968;10.763;10.429
22/07/1999;11.239;11.307;11.329;11.197;343020000;-0,0057;0;-0,022243972;10.800;10.616;10.350
23/07/1999;10.989;11.240;11.261;10.975;343670000;-0,0222;0;-0,028574029;10.700;10.512;10.283
26/07/1999;10.675;10.989;10.990;10.645;410560000;-0,0286;0;0,005620609;10.665;10.441;10.248
27/07/1999;10.735;10.675;10.850;10.675;402980000;0,0056;1;-0,004098742;10.567;10.364;10.204
28/07/1999;10.691;10.747;10.867;10.684;658970000;-0,0041;0;-0,011505004;10.407;10.270;10.149
29/07/1999;10.568;10.712;10.721;10.345;595130000;-0,0115;0;-0,011922786;10.306;10.182;10.086
30/07/1999;10.442;10.565;10.629;10.379;302370000;-0,0119;0;-0,022122199;10.216;10.095;10.041
02/08/1999;10.211;10.441;10.566;10.209;516230000;-0,0221;0;0,005288414;10.211;10.085;10.037
03/08/1999;10.265;10.210;10.326;10.111;505430000;0,0053;1;-0,009059912;10.136;10.053;10.031
04/08/1999;10.172;10.271;10.310;10.125;556160000;-0,0091;0;0,002359418;10.061;10.054;10.041
05/08/1999;10.196;10.124;10.197;9.950;671210000;0,0024;1;-0,015398195;9.941;10.043;10.073
06/08/1999;10.039;10.197;10.265;10.001;553070000;-0,0154;0;-0,009064648;9.973;10.027;10.106
09/08/1999;9.948;10.040;10.055;9.919;420890000;-0,0091;0;-0,011359067;10.006;9.990;10.148
10/08/1999;9.835;9.948;9.948;9.584;473170000;-0,0114;0;0,03070666;10.121;9.988;10.198
11/08/1999;10.137;9.836;10.150;9.836;514120000;0,0307;1;-0,009075663;10.115;9.989;10.228
12/08/1999;10.045;10.143;10.316;10.030;792550000;-0,0091;0;0,013539074;10.075;10.008;10.289
13/08/1999;10.181;10.048;10.186;10.048;375360000;0,0135;1;-0,006089775;9.911;10.027;10.348
16/08/1999;10.119;10.181;10.202;10.070;509860000;-0,0061;0;-0,019171855;9.811;10.103;10.422
17/08/1999;9.925;10.157;10.192;9.925;620430000;-0,0192;0;-0,023778338;9.883;10.184;10.512
18/08/1999;9.689;9.922;9.922;9.593;780680000;-0,0238;0;0,013314067;10.047;10.307;10.612
19/08/1999;9.818;9.688;9.920;9.579;794240000;0,0133;1;0,033102465;10.213;10.408;10.717
20/08/1999;10.143;9.819;10.145;9.819;638730000;0,0331;1;0,003746426;10.382;10.468;10.804
23/08/1999;10.181;10.142;10.213;10.078;693850000;0,0037;1;0,01306355;10.487;10.571;10.897
24/08/1999;10.314;10.181;10.361;10.126;870040000;0,0131;1;0,03257708;10.564;10.669;10.979
25/08/1999;10.650;10.318;10.679;10.318;974470000;0,0326;1;-0,014460094;10.522;10.741;11.023
26/08/1999;10.496;10.700;10.726;10.496;512290000;-0,0145;0;0,004668445;10.545;10.839;11.065
27/08/1999;10.545;10.497;10.627;10.475;390730000;0,0047;1;-0,001991465;10.664;10.917;11.119
30/08/1999;10.524;10.547;10.676;10.489;471230000;-0,002;0;0,003895857;10.822;11.027;11.194
31/08/1999;10.565;10.525;10.610;10.376;701910000;0,0039;1;0,031897776;11.019;11.141;11.258
01/09/1999;10.902;10.583;10.902;10.583;662150000;0,0319;1;0,008805724;11.113;11.223;11.302
02/09/1999;10.998;10.845;11.033;10.754;657670000;0,0088;1;0,014366248;11.144;11.289;11.330
03/09/1999;11.156;11.025;11.254;11.025;709120000;0,0144;1;0,002599498;11.189;11.304;11.357
06/09/1999;11.185;11.158;11.190;11.113;760190000;0,0026;1;-0,008493518;11.248;11.291;11.383
08/09/1999;11.090;11.185;11.185;11.003;504210000;-0,0085;0;0,018214608;11.378;11.320;11.408
09/09/1999;11.292;11.088;11.305;11.088;926190000;0,0182;1;0,006287637;11.433;11.362;11.418
10/09/1999;11.363;11.298;11.435;11.298;959500000;0,0063;1;0,010120567;11.400;11.374;11.399
13/09/1999;11.478;11.363;11.505;11.313;580360000;0,0101;1;-0,001655341;11.272;11.382;11.362
14/09/1999;11.459;11.477;11.594;11.365;809150000;-0,0017;0;-0,017104459;11.216;11.371;11.334
15/09/1999;11.263;11.465;11.502;11.213;496470000;-0,0171;0;-0,015004883;11.323;11.410;11.309
16/09/1999;11.094;11.264;11.288;11.048;520520000;-0,015;0;0,017667207;11.442;11.474;11.327
17/09/1999;11.290;11.096;11.345;11.096;585660000;0,0177;1;0,026217892;11.522;11.495;11.331
20/09/1999;11.586;11.293;11.586;11.293;550810000;0,0262;1;-0,011824616;11.455;11.474;11.322
21/09/1999;11.449;11.588;11.594;11.400;702820000;-0,0118;0;0,007162198;11.483;11.425;11.324
22/09/1999;11.531;11.448;11.555;11.394;701340000;0,0072;1;-0,012661521;11.487;11.343;11.307
23/09/1999;11.385;11.531;11.735;11.368;839750000;-0,0127;0;0,012999561;11.506;11.296;11.303
24/09/1999;11.533;11.382;11.533;11.289;444200000;0,013;1;0,000780369;11.473;11.209;11.276
27/09/1999;11.542;11.580;11.632;11.502;521890000;0,0008;1;-0,00866401;11.327;11.181;11.235
28/09/1999;11.442;11.541;11.541;11.315;571410000;-0,0087;0;-0,000699178;11.167;11.166;11.211
29/09/1999;11.434;11.443;11.553;11.401;464720000;-0,0007;0;-0,028686374;11.040;11.170;11.199
30/09/1999;11.106;11.435;11.581;11.106;702140000;-0,0287;0;-0,013146047;10.980;11.223;11.210
01/10/1999;10.960;11.105;11.105;10.796;641840000;-0,0131;0;0,008667883;11.108;11.271;11.246
04/10/1999;11.055;10.979;11.080;10.961;514320000;0,0087;1;-0,011849842;11.202;11.310;11.270
05/10/1999;10.924;11.051;11.064;10.856;390440000;-0,0118;0;0,038538997;11.381;11.342;11.309
06/10/1999;11.345;10.927;11.357;10.927;677930000;0,0385;1;-0,000617012;11.425;11.290;11.322
07/10/1999;11.338;11.349;11.469;11.103;593110000;-0,0006;0;0,010760275;11.412;11.255;11.348
08/10/1999;11.460;11.338;11.460;11.185;458870000;0,0108;1;0,001570681;11.369;11.229;11.365
11/10/1999;11.478;11.473;11.536;11.449;266370000;0,0016;1;-0,015682175;11.258;11.197;11.386
13/10/1999;11.298;11.466;11.466;11.247;753550000;-0,0157;0;0,00283236;11.151;11.220;11.461
14/10/1999;11.330;11.301;11.383;11.301;456600000;0,0028;1;-0,016240071;11.074;11.229;11.537
15/10/1999;11.146;11.307;11.307;11.120;364330000;-0,0162;0;-0,015072672;11.117;11.276;11.649
18/10/1999;10.978;11.146;11.152;10.901;453360000;-0,0151;0;0,010930953;11.209;11.355;11.791
19/10/1999;11.098;10.982;11.216;10.982;473790000;0,0109;1;0,01594882;11.330;11.441;11.918
20/10/1999;11.275;11.108;11.283;11.108;551600000;0,0159;1;-0,001862528;11.370;11.501;12.049
21/10/1999;11.254;11.281;11.282;11.162;463330000;-0,0019;0;0,01839346;11.442;11.574;12.187
22/10/1999;11.461;11.259;11.498;11.259;885190000;0,0184;1;-0,005845912;11.465;11.701;12.305
25/10/1999;11.394;11.459;11.483;11.336;510950000;-0,0058;0;0,006670177;11.567;11.845;12.429
26/10/1999;11.470;11.399;11.541;11.398;577760000;0,0067;1;0,005318221;11.644;12.023;12.525
27/10/1999;11.531;11.470;11.540;11.452;406960000;0,0053;1;0,014656144;11.721;12.227;12.636
28/10/1999;11.700;11.585;11.720;11.582;528480000;0,0147;1;0;11.937;12.396;12.762
29/10/1999;11.700;11.717;11.826;11.678;716830000;0;0;0,005384615;12.172;12.596;12.886
01/11/1999;11.763;11.701;11.767;11.685;254000000;0,0054;1;0,049647199;12.489;12.800;13.015
03/11/1999;12.347;11.763;12.347;11.763;964390000;0,0496;1;0,004778489;12.693;12.909;13.089
04/11/1999;12.406;12.346;12.651;12.341;111220000;0,0048;1;0,024826697;12.851;13.012;13.170
05/11/1999;12.714;12.409;12.737;12.359;102720000;0,0248;1;0,019348749;12.980;13.026;13.254
08/11/1999;12.960;12.700;12.968;12.519;785810000;0,0193;1;-0,00617284;13.057;13.045;13.318
09/11/1999;12.880;12.972;13.070;12.847;808650000;-0,0062;0;0,017158385;13.135;13.128;13.382
10/11/1999;13.101;12.876;13.150;12.814;832240000;0,0172;1;0,006717045;13.144;13.176;13.437
11/11/1999;13.189;13.101;13.281;12.985;808850000;0,0067;1;-0,005686557;13.018;13.229;13.510
12/11/1999;13.114;13.189;13.294;13.049;481020000;-0,0057;0;0,001067561;13.009;13.269;13.603
16/11/1999;13.128;13.122;13.208;13.083;528030000;0,0011;1;-0,023994516;13.121;13.328;13.690
17/11/1999;12.813;13.132;13.132;12.736;663150000;-0,024;0;0,021384531;13.329;13.481;13.796
18/11/1999;13.087;12.813;13.123;12.726;731780000;0,0214;1;0,028730802;13.488;13.591;13.890
19/11/1999;13.463;13.090;13.509;13.090;808930000;0,0287;1;-0,002005497;13.465;13.636;13.970
22/11/1999;13.436;13.466;13.660;13.312;620440000;-0,002;0;0,009601072;13.498;13.699;14.067
23/11/1999;13.565;13.445;13.694;13.351;871660000;0,0096;1;-0,01267969;13.606;13.791;14.156
24/11/1999;13.393;13.570;13.630;13.366;767600000;-0,0127;0;0,010677219;13.760;13.936;14.245
25/11/1999;13.536;13.385;13.568;13.321;524550000;0,0107;1;0,026004728;13.841;14.052;14.301
26/11/1999;13.888;13.538;14.007;13.538;848180000;0,026;1;-0,002376152;13.836;14.111;14.345
29/11/1999;13.855;13.903;14.054;13.785;548800000;-0,0024;0;-0,005485384;13.955;14.190;14.412
30/11/1999;13.779;13.857;13.857;13.659;545070000;-0,0055;0;0,00689455;14.165;14.305;14.507
01/12/1999;13.874;13.784;13.875;13.556;749310000;0,0069;1;0,024434193;14.322;14.435;14.629
02/12/1999;14.213;13.890;14.273;13.884;744790000;0,0244;1;0,013790192;14.351;14.520;14.751
03/12/1999;14.409;14.225;14.573;14.193;127490000;0,0138;1;-0,004511069;14.351;14.554;14.861
06/12/1999;14.344;14.415;14.543;14.306;715960000;-0,0045;0;-0,003067485;14.431;14.551;14.980
07/12/1999;14.300;14.344;14.509;14.262;725720000;-0,0031;0;0,007692308;14.593;14.579;15.129
08/12/1999;14.410;14.302;14.410;14.196;703020000;0,0077;1;0,012074948;14.727;14.633;15.297
09/12/1999;14.584;14.420;14.738;14.420;734870000;0,0121;1;0,013713659;14.747;14.708;15.477
10/12/1999;14.784;14.596;14.785;14.596;724300000;0,0137;1;0,001893939;14.593;14.824;15.630
13/12/1999;14.812;14.785;14.977;14.693;554560000;0,0019;1;-0,011342155;14.488;14.981;15.704
14/12/1999;14.644;14.821;14.893;14.587;936900000;-0,0113;0;-0,021988528;14.536;15.168;15.818
15/12/1999;14.322;14.654;14.654;14.322;111310000;-0,022;0;0,012218964;14.799;15.410;15.946
16/12/1999;14.497;14.327;14.681;14.327;884540000;0,0122;1;0,020142098;15.164;15.678;16.075
17/12/1999;14.789;14.524;14.793;14.524;787550000;0,0201;1;0,021705322;15.539;15.962;16.235
20/12/1999;15.110;14.803;15.178;14.781;131420000;0,0217;1;0,031899404;15.820;16.245;16.339
21/12/1999;15.592;15.112;15.592;15.112;855360000;0,0319;1;0,020779887;15.960;16.436;16.413
22/12/1999;15.916;15.606;15.916;15.401;814600000;0,0208;1;0,002324705;16.114;16.427;16.511
23/12/1999;15.953;15.926;16.000;15.749;802770000;0,0023;1;0,00363568;16.387;16.468;16.633
27/12/1999;16.011;15.956;16.120;15.880;525720000;0,0036;1;0,022859284;16.747;16.482;16.779
28/12/1999;16.377;16.017;16.399;15.969;482050000;0,0229;1;0,024180253;16.932;16.472;16.888
29/12/1999;16.773;16.391;16.812;16.363;538900000;0,0242;1;0,019018661;16.624;16.508;16.938
30/12/1999;17.092;16.778;17.105;16.778;656740000;0,019;1;-0,009478118;16.342;16.434;16.944
03/01/2000;16.930;17.098;17.408;16.719;777290000;-0,0095;0;-0,063733018;16.068;16.389;16.951
04/01/2000;15.851;16.908;16.908;15.851;102420000;-0,0637;0;0,024856476;16.220;16.596;17.031
05/01/2000;16.245;15.871;16.302;15.350;112100000;0,0249;1;-0,008494922;16.479;16.798;17.093
06/01/2000;16.107;16.237;16.499;15.977;105250000;-0,0085;0;0,012541131;16.635;17.076;17.162
07/01/2000;16.309;16.125;16.449;16.125;633180000;0,0125;1;0,043718192;16.737;17.303;17.193
10/01/2000;17.022;16.325;17.057;16.325;103690000;0,0437;1;-0,026377629;16.829;17.367;17.147
11/01/2000;16.573;17.045;17.197;16.573;968850000;-0,0264;0;0,002654921;17.191;17.454;17.144
12/01/2000;16.617;16.574;16.724;16.331;984620000;0,0027;1;0,040982127;17.670;17.513;17.162
13/01/2000;17.298;16.663;17.715;16.663;145950000;0,041;1;0,020811655;17.871;17.467;17.173
14/01/2000;17.658;17.306;17.800;17.306;135140000;0,0208;1;0,022369464;17.809;17.388;17.193
17/01/2000;18.053;17.678;18.099;17.678;621530000;0,0224;1;-0,008308868;17.517;17.249;17.198
18/01/2000;17.903;18.062;18.062;17.625;979700000;-0,0083;0;-0,024185891;17.227;17.082;17.254
19/01/2000;17.470;17.905;18.075;17.470;863730000;-0,0242;0;-0,016771608;17.061;16.927;17.317
20/01/2000;17.177;17.487;17.622;17.029;710330000;-0,0168;0;-0,008325086;17.037;16.834;17.419
21/01/2000;17.034;17.188;17.372;16.901;739030000;-0,0083;0;-0,003639779;17.053;16.810;17.494
24/01/2000;16.972;17.049;17.263;16.972;546240000;-0,0036;0;0,007836436;16.973;16.879;17.555
26/01/2000;17.105;16.972;17.105;16.727;682600000;0,0078;1;-0,001403099;16.734;16.997;17.613
27/01/2000;17.081;17.114;17.422;17.081;817610000;-0,0014;0;-0,02031497;16.548;17.147;17.687
28/01/2000;16.734;17.150;17.252;16.547;101970000;-0,0203;0;-0,020676467;16.593;17.426;17.776
31/01/2000;16.388;16.744;16.749;16.167;883020000;-0,0207;0;0,008176715;16.949;17.707;17.864
01/02/2000;16.522;16.389;16.675;16.389;858660000;0,0082;1;0,020941775;17.419;18.005;17.948
02/02/2000;16.868;16.546;16.875;16.546;831660000;0,0209;1;0,034918188;17.838;18.178;17.992
03/02/2000;17.457;16.892;17.457;16.892;109050000;0,0349;1;0,027209715;18.248;18.230;18.019
04/02/2000;17.932;17.471;17.962;17.471;113120000;0,0272;1;0,010818648;18.391;18.229;18.008
07/02/2000;18.126;17.937;18.126;17.746;980740000;0,0108;1;0,030894847;18.550;18.227;17.984
08/02/2000;18.686;18.249;18.729;18.249;130690000;0,0309;1;-0,0173927;18.349;18.126;17.902
09/02/2000;18.361;18.759;18.886;18.224;110880000;-0,0174;0;0,013234573;18.169;18.020;17.852
10/02/2000;18.604;18.367;18.672;18.155;947500000;0,0132;1;-0,02800473;17.941;17.891;17.806
11/02/2000;18.083;18.635;18.775;18.027;103360000;-0,028;0;-0,014599347;17.951;17.806;17.801
14/02/2000;17.819;18.083;18.264;17.746;772930000;-0,0146;0;0,005724227;18.004;17.808;17.859
15/02/2000;17.921;17.818;17.932;17.451;919500000;0,0057;1;0,010657887;17.905;17.788;17.885
16/02/2000;18.112;17.921;18.247;17.743;111360000;0,0107;1;-0,007343198;17.768;17.741;17.923
17/02/2000;17.979;18.116;18.297;17.979;683210000;-0,0073;0;-0,019689638;17.605;17.679;17.945
18/02/2000;17.625;17.979;18.008;17.489;733360000;-0,0197;0;0,004255319;17.674;17.684;17.943
21/02/2000;17.700;17.626;17.887;17.364;945920000;0,0043;1;-0,011920904;17.699;17.720;17.909
22/02/2000;17.489;17.698;17.913;17.466;732700000;-0,0119;0;0,019669507;17.799;17.795;17.901
23/02/2000;17.833;17.489;17.855;17.479;676880000;0,0197;1;-0,003196321;17.702;17.910;17.887
24/02/2000;17.776;17.846;18.119;17.706;825430000;-0,0032;0;0,000618812;17.663;17.982;17.868
25/02/2000;17.787;17.784;17.988;17.758;539140000;0,0006;1;-0,013717884;17.719;18.105;17.850
28/02/2000;17.543;17.787;17.787;17.383;420140000;-0,0137;0;0,006669327;17.876;18.211;17.907
29/02/2000;17.660;17.545;17.818;17.545;673510000;0,0067;1;0,016591166;18.200;18.201;17.954
01/03/2000;17.953;17.668;17.953;17.655;923870000;0,0166;1;0,003509163;18.310;18.097;17.981
02/03/2000;18.016;17.966;18.154;17.809;972300000;0,0035;1;0,034191829;18.522;18.006;18.028
03/03/2000;18.632;18.016;18.632;18.016;594470000;0,0342;1;-0,018731215;18.404;17.865;18.050
08/03/2000;18.283;18.617;18.617;18.184;335350000;-0,0187;0;0,020073292;18.175;17.755;18.054
09/03/2000;18.650;18.285;18.650;18.285;557160000;0,0201;1;-0,019839142;17.699;17.594;18.012
10/03/2000;18.280;18.650;18.720;18.233;437410000;-0,0198;0;-0,037472648;17.400;17.603;17.966
13/03/2000;17.595;18.279;18.279;17.506;567100000;-0,0375;0;-0,021199204;17.415;17.706;17.983
14/03/2000;17.222;17.595;17.941;17.222;675100000;-0,0212;0;0,009290442;17.512;17.864;17.984
15/03/2000;17.382;17.229;17.469;16.922;742840000;0,0093;1;0,014958003;17.560;18.049;17.940
16/03/2000;17.642;17.397;17.661;17.397;740580000;0,015;1;-0,007425462;17.793;18.236;17.873
17/03/2000;17.511;17.654;17.733;17.470;657560000;-0,0074;0;0,000856604;18.061;18.354;17.847
20/03/2000;17.526;17.511;17.733;17.435;445320000;0,0009;1;0,046616456;18.329;18.429;17.846
21/03/2000;18.343;17.528;18.343;17.510;693240000;0,0466;1;-0,001580985;18.440;18.330;17.735
22/03/2000;18.314;18.346;18.860;18.314;729680000;-0,0016;0;0,000928252;18.652;18.259;17.608
23/03/2000;18.331;18.314;18.644;18.183;631110000;0,0009;1;0,018766025;18.655;18.104;17.465
24/03/2000;18.675;18.332;18.692;18.332;576150000;0,0188;1;0,014779116;18.447;17.830;17.238
27/03/2000;18.951;18.675;19.047;18.533;444430000;0,0148;1;-0,032346578;18.013;17.511;16.941
28/03/2000;18.338;18.952;18.960;18.335;730310000;-0,0323;0;-0,015541499;17.840;17.340;16.690
29/03/2000;18.053;18.339;18.575;17.973;606780000;-0,0155;0;-0,022489337;17.571;17.263;16.501
30/03/2000;17.647;18.053;18.053;17.455;620970000;-0,0225;0;0,009803366;17.274;17.140;16.306
31/03/2000;17.820;17.660;17.950;17.560;923800000;0,0098;1;-0,032267116;16.906;16.957;16.119
03/04/2000;17.245;17.826;17.826;17.173;489190000;-0,0323;0;-0,02824007;16.873;16.825;15.944
04/04/2000;16.758;17.253;17.450;16.095;743160000;-0,0282;0;-0,002625612;17.125;16.646;15.847
05/04/2000;16.714;16.762;17.043;16.230;865970000;-0,0026;0;0,025846596;17.148;16.371;15.757
06/04/2000;17.146;16.719;17.152;16.719;715150000;0,0258;1;0,021462732;16.945;16.039;15.635
07/04/2000;17.514;17.150;17.514;17.150;573070000;0,0215;1;-0,041738038;16.548;15.738;15.494
10/04/2000;16.783;17.519;17.572;16.782;382010000;-0,0417;0;-0,014538521;16.121;15.472;15.404
11/04/2000;16.539;16.787;16.867;16.309;622780000;-0,0145;0;-0,01306004;15.539;15.282;15.302
12/04/2000;16.323;16.542;16.785;16.311;859340000;-0,0131;0;-0,05035839;15.037;15.063;15.205
13/04/2000;15.501;16.325;16.605;15.501;686370000;-0,0504;0;-0,045609961;15.006;15.049;15.185
14/04/2000;14.794;15.501;15.501;14.596;934790000;-0,0456;0;0,001487089;15.050;15.142;15.192
17/04/2000;14.816;14.761;14.821;14.029;970420000;0,0015;1;0,039956803;15.179;15.231;15.175
18/04/2000;15.408;14.817;15.469;14.767;959740000;0,04;1;-0,031282451;14.974;15.250;15.105
19/04/2000;14.926;15.438;15.536;14.850;518710000;-0,0313;0;0,018558221;15.133;15.335;15.075
20/04/2000;15.203;14.938;15.204;14.938;312920000;0,0186;1;-0,026902585;15.214;15.322;15.022
24/04/2000;14.794;15.204;15.225;14.625;457790000;-0,0269;0;0,041030147;15.429;15.347;15.041
25/04/2000;15.401;14.798;15.403;14.798;590820000;0,041;1;0,002921888;15.475;15.321;15.038
26/04/2000;15.446;15.401;15.517;15.268;733570000;0,0029;1;-0,00038845;15.501;15.241;14.997
27/04/2000;15.440;15.446;15.487;14.835;114390000;-0,0004;0;0,00634715;15.390;15.119;14.938
28/04/2000;15.538;15.450;15.907;15.450;124390000;0,0063;1;-0,000901017;15.201;14.961;14.852
02/05/2000;15.524;15.596;15.944;15.523;213120000;-0,0009;0;-0,026732801;15.099;14.815;14.735
03/05/2000;15.109;15.525;15.525;14.980;143430000;-0,0267;0;-0,009199815;15.026;14.722;14.627
04/05/2000;14.970;15.111;15.144;14.873;131740000;-0,0092;0;0,016566466;14.897;14.734;14.569
05/05/2000;15.218;14.967;15.218;14.811;113360000;0,0166;1;-0,021487712;14.636;14.754;14.495
08/05/2000;14.891;15.220;15.223;14.867;871420000;-0,0215;0;-0,020750789;14.505;14.752;14.471
09/05/2000;14.582;14.897;15.041;14.412;145170000;-0,0208;0;-0,010149499;14.464;14.758;14.484
10/05/2000;14.434;14.570;14.586;14.238;174670000;-0,0101;0;0,004503256;14.671;14.743;14.542
11/05/2000;14.499;14.447;14.723;14.398;167610000;0,0045;1;-0,002758811;14.958;14.656;14.575
12/05/2000;14.459;14.496;14.638;14.350;151300000;-0,0028;0;0,041289162;15.096;14.531;14.646
15/05/2000;15.056;14.469;15.070;14.397;110610000;0,0413;1;0,020191286;14.953;14.404;14.729
16/05/2000;15.360;15.074;15.445;15.074;167670000;0,0202;1;-0,031835938;14.608;14.236;14.777
17/05/2000;14.871;15.361;15.361;14.856;818020000;-0,0318;0;-0,016407774;14.282;14.189;14.853
18/05/2000;14.627;14.876;14.973;14.620;828670000;-0,0164;0;-0,020510016;13.935;14.210;14.971
19/05/2000;14.327;14.594;14.618;13.920;109510000;-0,0205;0;-0,030432051;13.881;14.342;15.119
22/05/2000;13.891;14.330;14.369;13.583;132740000;-0,0304;0;-0,021884674;13.980;14.494;15.294
23/05/2000;13.587;13.891;14.145;13.583;183220000;-0,0219;0;0,042614264;14.298;14.760;15.473
24/05/2000;14.166;13.592;14.197;13.556;236670000;0,0426;1;0,001411831;14.500;15.054;15.630
25/05/2000;14.186;14.187;14.499;14.027;212950000;0,0014;1;0,025095164;14.855;15.317;15.785
26/05/2000;14.542;14.204;14.549;14.172;168400000;0,0251;1;0,015885023;14.993;15.517;15.929
29/05/2000;14.773;14.541;14.858;14.541;817890000;0,0159;1;0,032220944;15.219;15.731;16.047
30/05/2000;15.249;14.815;15.308;14.815;208860000;0,0322;1;-0,019148797;15.543;15.896;16.162
31/05/2000;14.957;15.251;15.328;14.931;166190000;-0,0191;0;0,032961155;15.898;16.094;16.297
01/06/2000;15.450;14.967;15.473;14.967;195110000;0,033;1;0,049967638;16.064;16.186;16.425
02/06/2000;16.222;15.518;16.261;15.518;281520000;0,05;1;-0,012267291;16.081;16.205;16.479
05/06/2000;16.023;16.222;16.312;15.975;138650000;-0,0123;0;-0,004743182;16.206;16.254;16.531
06/06/2000;15.947;16.018;16.173;15.827;187060000;-0,0047;0;0,020380009;16.338;16.342;16.571
07/06/2000;16.272;15.955;16.278;15.709;202250000;0,0204;1;0,007804818;16.279;16.363;16.612
08/06/2000;16.399;16.286;16.640;16.227;161060000;0,0078;1;-0,003475822;16.264;16.428;16.613
09/06/2000;16.342;16.421;16.561;16.200;153300000;-0,0035;0;-0,014992045;16.272;16.500;16.640
12/06/2000;16.097;16.351;16.365;16.084;876020000;-0,015;0;0,015965708;16.427;16.665;16.711
13/06/2000;16.354;16.100;16.360;16.075;160080000;0,016;1;0,000733765;16.451;16.754;16.777
14/06/2000;16.366;16.365;16.523;16.135;259100000;0,0007;1;0,011914946;16.612;16.808;16.832
15/06/2000;16.561;16.369;16.630;16.325;168380000;0,0119;1;-0,008212064;16.706;16.801;16.888
16/06/2000;16.425;16.567;16.598;16.379;217850000;-0,0082;0;0,02587519;16.983;16.861;16.972
19/06/2000;16.850;16.423;16.863;16.411;210010000;0,0259;1;-0,000356083;17.025;16.797;17.017
20/06/2000;16.844;16.854;16.952;16.708;194090000;-0,0004;0;0,024341012;16.992;16.781;17.019
21/06/2000;17.254;16.854;17.396;16.834;333290000;0,0243;1;-0,016054248;16.745;16.757;17.005
23/06/2000;16.977;17.205;17.266;16.910;244010000;-0,0161;0;-0,013665548;16.700;16.800;16.967
26/06/2000;16.745;16.977;17.019;16.686;178140000;-0,0137;0;-0,013854882;16.587;16.856;16.977
27/06/2000;16.513;16.744;16.780;16.388;166980000;-0,0139;0;0,019923696;16.659;16.975;17.039
28/06/2000;16.842;16.533;17.101;16.494;177280000;0,0199;1;-0,025828286;16.741;17.084;17.077
29/06/2000;16.407;16.830;16.850;16.329;112290000;-0,0258;0;0,01956482;17.032;17.236;17.114
30/06/2000;16.728;16.404;16.836;16.400;144070000;0,0196;1;0,021580583;17.168;17.258;17.148
03/07/2000;17.089;16.747;17.099;16.743;161510000;0,0216;1;0,011118263;17.254;17.252;17.164
04/07/2000;17.279;17.106;17.340;17.088;125340000;0,0111;1;-0,008333816;17.361;17.133;17.172
05/07/2000;17.135;17.285;17.362;17.086;171060000;-0,0083;0;0,012430697;17.473;17.097;17.166
06/07/2000;17.348;17.148;17.366;17.024;177510000;0,0124;1;0,014468527;17.317;17.103;17.150
07/07/2000;17.599;17.352;17.754;17.352;178380000;0,0145;1;-0,007216319;17.135;17.070;17.103
10/07/2000;17.472;17.620;17.795;17.444;114810000;-0,0072;0;-0,033825549;16.793;16.992;17.033
11/07/2000;16.881;17.473;17.473;16.827;147800000;-0,0338;0;0,01018897;16.793;17.038;17.002
12/07/2000;17.053;16.893;17.176;16.693;123910000;0,0102;1;-0,035712191;16.904;17.076;16.948
13/07/2000;16.444;17.057;17.383;16.416;145560000;-0,0357;0;0,026575043;17.213;17.211;16.938
14/07/2000;16.881;16.439;16.885;16.390;100650000;0,0266;1;0,030033766;17.228;17.235;16.927
17/07/2000;17.388;16.890;17.395;16.890;124070000;0,03;1;-0,001092708;17.167;17.196;16.882
18/07/2000;17.369;17.379;17.566;17.281;120420000;-0,0011;0;-0,025390063;17.150;17.136;16.856
19/07/2000;16.928;17.354;17.358;16.868;115710000;-0,0254;0;0,016304348;17.303;17.073;16.853
20/07/2000;17.204;16.951;17.353;16.951;943870000;0,0163;1;0,006626366;17.251;16.966;16.805
21/07/2000;17.318;17.207;17.365;17.071;114320000;0,0066;1;0,00392655;17.185;16.819;16.770
24/07/2000;17.386;17.314;17.588;17.314;137380000;0,0039;1;-0,019383412;17.040;16.666;16.771
25/07/2000;17.049;17.390;17.530;17.046;105440000;-0,0194;0;0,004223122;16.852;16.619;16.825
26/07/2000;17.121;17.049;17.211;16.840;123200000;0,0042;1;-0,010046142;16.630;16.568;16.870
27/07/2000;16.949;17.121;17.225;16.923;110500000;-0,01;0;-0,027317246;16.410;16.575;16.897
28/07/2000;16.486;16.949;17.039;16.448;102090000;-0,0273;0;-0,001880383;16.353;16.632;16.984
31/07/2000;16.455;16.487;16.713;16.455;705800000;-0,0019;0;-0,010027347;16.442;16.643;17.045
01/08/2000;16.290;16.475;16.591;16.127;123640000;-0,01;0;0,001473297;16.599;16.721;17.102
02/08/2000;16.314;16.284;16.535;16.121;122880000;0,0015;1;0,024947898;16.826;16.875;17.167
03/08/2000;16.721;16.248;16.761;16.073;969260000;0,0249;1;0,002392201;16.881;17.031;17.219
04/08/2000;16.761;16.727;16.907;16.716;109530000;0,0024;1;0,014020643;16.805;17.171;17.258
07/08/2000;16.996;16.772;17.014;16.769;103300000;0,014;1;-0,006530948;16.751;17.219;17.305
08/08/2000;16.885;17.005;17.062;16.858;144520000;-0,0065;0;-0,020787681;16.921;17.336;17.346
09/08/2000;16.534;16.894;16.977;16.511;125040000;-0,0208;0;0,018204911;17.347;17.448;17.404
10/08/2000;16.835;16.519;17.023;16.501;332440000;0,0182;1;0,033264033;17.650;17.483;17.446
11/08/2000;17.395;16.846;17.395;16.705;289720000;0,0333;1;0,023914918;17.629;17.459;17.442
14/08/2000;17.811;17.402;17.926;17.334;276050000;0,0239;1;-0,00376172;17.593;17.407;17.425
15/08/2000;17.744;17.811;17.910;17.690;313500000;-0,0038;0;-0,023275473;17.449;17.345;17.416
16/08/2000;17.331;17.741;17.771;17.275;452970000;-0,0233;0;0,021464428;17.367;17.390;17.423
17/08/2000;17.703;17.326;17.858;17.321;338910000;0,0215;1;-0,021973677;17.207;17.355;17.415
18/08/2000;17.314;17.703;17.780;17.258;140160000;-0,022;0;-0,013341804;17.252;17.361;17.423
21/08/2000;17.083;17.317;17.420;17.066;163990000;-0,0133;0;0,00825382;17.328;17.408;17.438
22/08/2000;17.224;17.086;17.428;17.086;178860000;0,0083;1;0,013121226;17.468;17.426;17.414
23/08/2000;17.450;17.253;17.455;17.137;440190000;0,0131;1;-0,007965616;17.471;17.444;17.381
24/08/2000;17.311;17.454;17.454;17.187;288060000;-0,008;0;0,019178557;17.486;17.487;17.343
25/08/2000;17.643;17.316;17.668;17.316;274880000;0,0192;1;-0,010372386;17.410;17.456;17.265
28/08/2000;17.460;17.657;17.686;17.380;276280000;-0,0104;0;-0,006013746;17.372;17.474;17.155
29/08/2000;17.355;17.454;17.490;17.235;189520000;-0,006;0;0,003399597;17.446;17.486;17.072
30/08/2000;17.414;17.359;17.563;17.309;238740000;0,0034;1;-0,003847479;17.512;17.468;16.976
31/08/2000;17.347;17.417;17.563;17.327;263490000;-0,0038;0;0,013258777;17.538;17.401;16.890
01/09/2000;17.577;17.360;17.577;17.360;218950000;0,0133;1;0,002048131;17.543;17.319;16.803
04/09/2000;17.613;17.577;17.716;17.569;209920000;0,002;1;-0,010673934;17.483;17.198;16.711
05/09/2000;17.425;17.614;17.639;17.417;311590000;-0,0107;0;0,009469154;17.437;17.075;16.627
06/09/2000;17.590;17.442;17.648;17.442;439780000;0,0095;1;-0,008925526;17.201;16.835;16.503
08/09/2000;17.433;17.594;17.692;17.428;988220000;-0,0089;0;-0,008317559;17.057;16.658;16.401
11/09/2000;17.288;17.443;17.475;17.236;184080000;-0,0083;0;-0,023426654;16.884;16.485;16.304
12/09/2000;16.883;17.285;17.304;16.883;219520000;-0,0234;0;0,006870817;16.777;16.379;16.209
13/09/2000;16.999;16.888;17.092;16.877;221430000;0,0069;1;-0,013530208;16.415;16.287;16.112
14/09/2000;16.769;17.032;17.108;16.731;162620000;-0,0135;0;-0,012284573;16.221;16.223;16.048
15/09/2000;16.563;16.771;16.771;16.515;146910000;-0,0123;0;-0,039244098;16.060;16.179;16.034
18/09/2000;15.913;16.562;16.609;15.913;170110000;-0,0392;0;0,017281468;16.137;16.170;16.036
19/09/2000;16.188;15.923;16.189;15.824;196000000;0,0173;1;-0,006795157;16.192;16.145;16.012
20/09/2000;16.078;16.196;16.216;15.813;165990000;-0,0068;0;0,004229382;16.273;16.123;15.989
21/09/2000;16.146;16.065;16.172;15.946;188190000;0,0042;1;0,012820513;16.309;16.039;15.944
22/09/2000;16.353;16.093;16.426;15.705;168800000;0,0128;1;-0,002079129;16.141;15.937;15.875
25/09/2000;16.319;16.361;16.521;16.318;133370000;-0,0021;0;-0,003921809;16.039;15.873;15.798
26/09/2000;16.255;16.319;16.468;16.196;115350000;-0,0039;0;-0,02503845;15.930;15.889;15.699
27/09/2000;15.848;16.289;16.404;15.745;219740000;-0,025;0;0,010474508;15.834;15.903;15.597
28/09/2000;16.014;15.849;16.041;15.657;129300000;0,0105;1;-0,005370301;15.707;15.880;15.514
29/09/2000;15.928;16.020;16.135;15.821;154240000;-0,0054;0;-0,02316675;15.689;15.854;15.414
02/10/2000;15.559;15.950;16.090;15.537;135000000;-0,0232;0;0,00475609;15.957;15.849;15.302
03/10/2000;15.633;15.562;15.917;15.562;145390000;0,0048;1;0,015544041;16.061;15.814;15.171
04/10/2000;15.876;15.653;15.883;15.651;151120000;0,0155;1;0,030612245;16.054;15.723;15.013
05/10/2000;16.362;15.876;16.398;15.876;225510000;0,0306;1;-0,025424765;15.849;15.510;14.860
06/10/2000;15.946;16.370;16.404;15.817;186540000;-0,0254;0;-0,00570676;15.709;15.292;14.771
09/10/2000;15.855;15.946;15.975;15.617;127070000;-0,0057;0;-0,006811731;15.553;15.148;14.702
10/10/2000;15.747;15.846;16.008;15.726;137750000;-0,0068;0;-0,014034419;15.384;14.974;14.639
11/10/2000;15.526;15.738;15.738;15.463;956260000;-0,014;0;-0,009081541;15.166;14.755;14.586
13/10/2000;15.385;15.441;15.441;15.067;153150000;-0,0091;0;-0,009294768;14.844;14.528;14.526
16/10/2000;15.242;15.387;15.585;15.214;208860000;-0,0093;0;-0,024406246;14.712;14.303;14.494
17/10/2000;14.870;15.267;15.386;14.841;153110000;-0,0244;0;-0,030195024;14.598;14.210;14.501
18/10/2000;14.421;14.837;14.837;14.218;461630000;-0,0302;0;0,029401567;14.455;14.249;14.518
19/10/2000;14.845;14.490;14.869;14.490;240490000;0,0294;1;-0,021286628;14.106;14.256;14.495
20/10/2000;14.529;14.846;14.918;14.490;152310000;-0,0213;0;-0,037098217;13.818;14.304;14.502
23/10/2000;13.990;14.533;14.535;13.982;154040000;-0,0371;0;-0,013652609;13.896;14.418;14.529
24/10/2000;13.799;14.014;14.161;13.672;217460000;-0,0137;0;-0,009710849;14.193;14.523;14.582
25/10/2000;13.665;13.796;13.927;13.571;189140000;-0,0097;0;0,040834248;14.602;14.686;14.641
26/10/2000;14.223;13.705;14.223;13.679;176020000;0,0408;1;0,032974759;14.817;14.792;14.648
27/10/2000;14.692;14.251;14.700;14.251;161670000;0,033;1;0,013544786;14.850;14.787;14.635
30/10/2000;14.891;14.707;14.951;14.489;144390000;0,0135;1;-0,001611712;14.731;14.735;14.627
31/10/2000;14.867;14.916;15.099;14.859;211510000;-0,0016;0;-0,005111993;14.709;14.700;14.606
01/11/2000;14.791;14.858;14.859;14.571;137450000;-0,0051;0;-0,017375431;14.768;14.640;14.572
03/11/2000;14.534;14.785;14.925;14.425;165200000;-0,0174;0;0,018370717;14.809;14.641;14.558
06/11/2000;14.801;14.534;14.868;14.478;131240000;0,0184;1;0,011350584;14.716;14.597;14.501
07/11/2000;14.969;14.780;15.029;14.543;178650000;0,0114;1;-0,02090988;14.602;14.504;14.426
08/11/2000;14.656;14.982;15.191;14.650;171510000;-0,0209;0;-0,00900655;14.507;14.482;14.364
09/11/2000;14.524;14.667;14.782;14.409;167970000;-0,009;0;0,007022859;14.513;14.519;14.276
10/11/2000;14.626;14.542;14.701;14.449;125040000;0,007;1;-0,017366334;14.467;14.512;14.191
13/11/2000;14.372;14.606;14.609;14.199;181470000;-0,0174;0;0,011689396;14.451;14.504;14.129
14/11/2000;14.540;14.395;14.632;14.395;191280000;0,0117;1;-0,00343879;14.438;14.475;14.104
16/11/2000;14.490;14.546;14.575;14.419;114620000;-0,0034;0;-0,01152519;14.536;14.406;14.065
17/11/2000;14.323;14.479;14.570;14.091;164960000;-0,0115;0;0,012357746;14.620;14.348;14.074
20/11/2000;14.500;14.323;14.535;14.103;212280000;0,0124;1;0,019586207;14.558;14.246;14.109
21/11/2000;14.784;14.497;14.845;14.487;191610000;0,0196;1;-0,014001623;14.409;14.032;14.138
22/11/2000;14.577;14.766;14.766;14.555;175350000;-0,014;0;-0,018042121;14.219;13.869;14.161
23/11/2000;14.314;14.579;14.604;14.187;124080000;-0,018;0;0,001536957;14.086;13.754;14.231
24/11/2000;14.336;14.316;14.413;14.190;117780000;0,0015;1;-0,022879464;13.903;13.732;14.297
27/11/2000;14.008;14.340;14.495;13.941;146830000;-0,0229;0;-0,006710451;13.663;13.723;14.367
28/11/2000;13.914;14.011;14.011;13.756;162840000;-0,0067;0;-0,009055627;13.504;13.801;14.450
29/11/2000;13.788;13.921;14.074;13.782;168560000;-0,0091;0;-0,036335944;13.411;13.972;14.561
30/11/2000;13.287;13.779;13.779;13.287;189860000;-0,0363;0;0,01128923;13.710;14.243;14.656
01/12/2000;13.437;13.303;13.578;13.282;168390000;0,0113;1;0,00543276;13.879;14.453;14.733
04/12/2000;13.510;13.396;13.538;13.242;124440000;0,0054;1;0,049740933;14.196;14.708;14.814
05/12/2000;14.182;13.513;14.188;13.513;200190000;0,0497;1;-0,016711324;14.463;14.862;14.858
06/12/2000;13.945;14.180;14.277;13.945;194420000;-0,0167;0;0,0369308;14.877;15.011;14.947
07/12/2000;14.460;13.947;14.460;13.918;159540000;0,0369;1;0,036168741;15.025;15.100;15.004
08/12/2000;14.983;14.462;15.062;14.461;249510000;0,0362;1;0,013615431;15.128;15.150;15.035
11/12/2000;15.187;14.991;15.355;14.991;218100000;0,0136;1;-0,018502667;15.152;15.069;15.136
12/12/2000;14.906;15.186;15.186;14.869;166690000;-0,0185;0;0,025828525;15.179;15.012;15.263
13/12/2000;15.291;14.916;15.389;14.900;281580000;0,0258;1;-0,002092734;15.110;14.921;15.342
14/12/2000;15.259;15.261;15.329;15.080;139600000;-0,0021;0;-0,01776001;15.136;14.854;15.436
15/12/2000;14.988;15.253;15.253;14.833;116070000;-0,0178;0;0,006338404;15.014;14.883;15.578
18/12/2000;15.083;15.002;15.282;15.002;333140000;0,0063;1;0,016773851;14.821;14.908;15.709
19/12/2000;15.336;15.085;15.415;15.085;290600000;0,0168;1;-0,046557121;14.593;14.921;15.829
20/12/2000;14.622;15.306;15.328;14.618;257090000;-0,0466;0;-0,008001641;14.651;15.203;15.988
21/12/2000;14.505;14.727;14.958;14.461;233720000;-0,008;0;0,010134436;14.878;15.513;16.164
22/12/2000;14.652;14.533;14.802;14.532;120650000;0,0101;1;0,00975976;15.080;15.764;16.312
26/12/2000;14.795;14.663;14.851;14.659;122430000;0,0098;1;0,026427847;15.290;16.017;16.483
27/12/2000;15.186;14.804;15.223;14.804;239980000;0,0264;1;0,004807059;15.761;16.272;16.650
28/12/2000;15.259;15.188;15.269;15.132;324260000;0,0048;1;0,010878826;16.233;16.509;16.812
02/01/2001;15.425;15.242;15.621;15.174;230630000;0,0109;1;0,076110211;16.561;16.738;16.952
03/01/2001;16.599;15.425;16.599;15.251;381200000;0,0761;1;0,004578589;16.549;16.774;17.040
04/01/2001;16.675;16.597;16.933;16.587;331230000;0,0046;1;-0,015892054;16.649;16.815;17.119
05/01/2001;16.410;16.679;16.888;16.380;199690000;-0,0159;0;0,009262645;16.819;16.859;17.224
08/01/2001;16.562;16.398;16.623;16.226;160700000;0,0093;1;0,024996981;16.973;16.949;17.319
09/01/2001;16.976;16.566;17.096;16.566;346480000;0,025;1;-0,003357681;16.931;17.027;17.372
10/01/2001;16.919;16.964;17.093;16.701;256510000;-0,0034;0;0,006206041;16.946;17.114;17.426
11/01/2001;17.024;16.908;17.045;16.797;201850000;0,0062;1;-0,010220865;16.845;17.167;17.427
12/01/2001;16.850;17.034;17.212;16.821;212470000;-0,0102;0;0,006706231;16.958;17.307;17.432
15/01/2001;16.963;16.858;17.038;16.858;955310000;0,0067;1;-0,014266344;17.144;17.423;17.415
16/01/2001;16.721;16.973;17.035;16.662;214890000;-0,0143;0;0,028108367;17.414;17.590;17.436
17/01/2001;17.191;16.748;17.255;16.745;401270000;0,0281;1;0,019196091;17.481;17.688;17.409
18/01/2001;17.521;17.204;17.642;17.151;652570000;0,0192;1;0,000513669;17.585;17.717;17.389
19/01/2001;17.530;17.525;17.816;17.512;290070000;0,0005;1;-0,007872219;17.665;17.738;17.361
22/01/2001;17.392;17.548;17.578;17.297;152630000;-0,0079;0;0,025298988;17.831;17.687;17.327
23/01/2001;17.832;17.381;17.864;17.376;325480000;0,0253;1;-0,003364738;17.848;17.556;17.274
24/01/2001;17.772;17.849;18.022;17.698;361240000;-0,0034;0;0,00658339;17.832;17.408;17.228
26/01/2001;17.889;17.776;17.933;17.591;260420000;0,0066;1;-0,000335402;17.760;17.282;17.160
29/01/2001;17.883;17.906;18.023;17.704;198930000;-0,0003;0;-0,008947045;17.478;17.129;17.044
30/01/2001;17.723;17.882;17.898;17.668;285830000;-0,0089;0;-0,002821193;17.209;17.060;16.925
31/01/2001;17.673;17.725;17.921;17.637;213720000;-0,0028;0;-0,035873932;16.895;16.984;16.799
01/02/2001;17.039;17.670;17.673;16.977;319390000;-0,0359;0;-0,007277422;16.884;16.966;16.696
02/02/2001;16.915;17.027;17.206;16.781;199360000;-0,0073;0;-0,010877919;16.850;16.992;16.624
05/02/2001;16.731;16.914;16.941;16.539;137050000;-0,0109;0;0,016496324;17.021;17.048;16.583
06/02/2001;17.007;16.734;17.017;16.734;149520000;0,0165;1;-0,011465867;17.064;17.038;16.503
07/02/2001;16.812;17.003;17.003;16.630;176160000;-0,0115;0;0,02563645;17.099;16.959;16.475
08/02/2001;17.243;16.814;17.279;16.814;205560000;0,0256;1;-0,006089428;17.050;16.790;16.428
09/02/2001;17.138;17.257;17.270;17.050;161350000;-0,0061;0;-0,01289532;17.044;16.614;16.385
12/02/2001;16.917;17.163;17.234;16.883;134710000;-0,0129;0;0,010581072;17.051;16.425;16.343
13/02/2001;17.096;16.922;17.174;16.883;146750000;0,0106;1;0,001403837;16.772;16.256;16.293
14/02/2001;17.120;17.078;17.286;16.890;239220000;0,0014;1;-0,010689252;16.419;16.119;16.229
15/02/2001;16.937;17.121;17.262;16.922;153590000;-0,0107;0;-0,040030702;16.077;15.969;16.171
16/02/2001;16.259;16.934;16.950;16.100;252530000;-0,04;0;-0,012177871;15.855;15.992;16.118
19/02/2001;16.061;16.263;16.392;16.023;150630000;-0,0122;0;-0,009339394;15.805;16.066;16.084
20/02/2001;15.911;16.066;16.242;15.783;213820000;-0,0093;0;-0,019923323;15.887;16.155;16.037
21/02/2001;15.594;15.909;15.909;15.568;238950000;-0,0199;0;0,020264204;15.986;16.260;15.999
22/02/2001;15.910;15.604;15.914;15.558;205350000;0,0203;1;0,015587681;16.155;16.329;15.951
23/02/2001;16.158;15.920;16.223;15.831;170630000;0,0156;1;-0,016524322;16.296;16.339;15.856
28/02/2001;15.891;16.158;16.274;15.891;188360000;-0,0165;0;0,033100497;16.512;16.372;15.786
01/03/2001;16.417;15.891;16.439;15.875;153370000;0,0331;1;0,009989645;16.481;16.245;15.674
02/03/2001;16.581;16.423;16.723;16.233;184540000;0,01;1;-0,00265364;16.419;16.102;15.494
05/03/2001;16.537;16.620;16.737;16.471;121320000;-0,0027;0;-0,012880208;16.315;15.918;15.344
06/03/2001;16.324;16.573;16.813;16.279;199210000;-0,0129;0;0,004349424;16.248;15.737;15.229
07/03/2001;16.395;16.329;16.430;16.223;179000000;0,0043;1;-0,010247027;15.959;15.572;15.118
08/03/2001;16.227;16.401;16.531;16.096;218550000;-0,0102;0;-0,006409071;15.745;15.373;15.004
09/03/2001;16.123;16.233;16.248;16.018;161620000;-0,0064;0;-0,036965825;15.452;15.199;14.872
12/03/2001;15.527;16.125;16.143;15.523;163540000;-0,037;0;0,003671025;15.297;15.103;14.794
13/03/2001;15.584;15.536;15.768;15.444;228080000;0,0037;1;-0,02175308;15.181;14.886;14.680
14/03/2001;15.245;15.583;15.583;15.070;228520000;-0,0218;0;-0,012069531;15.045;14.770;14.572
15/03/2001;15.061;15.252;15.482;14.977;202500000;-0,0121;0;0,011685811;14.992;14.720;14.486
16/03/2001;15.237;15.076;15.356;15.047;143290000;0,0117;1;-0,026317517;14.864;14.663;14.429
19/03/2001;14.836;15.249;15.378;14.802;154660000;-0,0263;0;0,004516042;14.608;14.634;14.404
20/03/2001;14.903;14.854;15.077;14.854;228300000;0,0045;1;-0,003355029;14.452;14.545;14.391
21/03/2001;14.853;14.914;15.198;14.755;179480000;-0,0034;0;-0,052918602;14.405;14.486;14.405
22/03/2001;14.067;14.847;14.847;13.761;332420000;-0,0529;0;0,026160518;14.661;14.474;14.459
23/03/2001;14.435;14.070;14.435;13.855;269820000;0,0262;1;0,01918947;14.726;14.374;14.497
26/03/2001;14.712;14.443;14.912;14.443;219810000;0,0192;1;0,008360522;14.583;14.251;14.478
27/03/2001;14.835;14.733;14.951;14.594;217410000;0,0084;1;-0,013683856;14.451;14.195;14.442
28/03/2001;14.632;14.846;14.852;14.574;159930000;-0,0137;0;-0,023920175;14.234;14.174;14.465
29/03/2001;14.282;14.647;14.713;14.226;250410000;-0,0239;0;0,01092284;14.052;14.237;14.476
30/03/2001;14.438;14.292;14.438;13.922;256610000;0,0109;1;-0,031652583;13.858;14.324;14.423
02/04/2001;13.981;14.441;14.482;13.981;154240000;-0,0317;0;-0,017452257;14.012;14.444;14.417
03/04/2001;13.737;13.988;14.001;13.664;171490000;-0,0175;0;0,00858994;14.261;14.620;14.440
04/04/2001;13.855;13.740;14.135;13.740;253280000;0,0086;1;0,042439553;14.549;14.704;14.462
05/04/2001;14.443;13.865;14.482;13.865;271470000;0,0424;1;0,002907983;14.751;14.689;14.485
06/04/2001;14.485;14.428;14.702;14.371;226030000;0,0029;1;0,016154643;14.862;14.756;14.516
09/04/2001;14.719;14.489;14.719;14.446;226880000;0,0162;1;0,022352062;14.945;14.715;14.531
10/04/2001;15.048;14.725;15.097;14.725;264000000;0,0224;1;-0,015217969;14.744;14.522;14.520
11/04/2001;14.819;15.057;15.267;14.724;292050000;-0,0152;0;0,01012214;14.584;14.389;14.543
12/04/2001;14.969;14.811;14.969;14.490;163260000;0,0101;1;-0,035005678;14.579;14.261;14.552
16/04/2001;14.445;14.974;14.976;14.385;175430000;-0,035;0;-0,007476636;14.574;14.220;14.582
17/04/2001;14.337;14.443;14.555;14.223;208530000;-0,0075;0;0,043105252;14.361;14.280;14.612
18/04/2001;14.955;14.345;15.151;14.323;318380000;0,0431;1;-0,035038449;14.007;14.277;14.599
19/04/2001;14.431;14.956;15.017;14.420;239250000;-0,035;0;-0,050932021;13.886;14.346;14.639
20/04/2001;13.696;14.408;14.408;13.618;308750000;-0,0509;0;0,014383762;14.041;14.518;14.696
23/04/2001;13.893;13.734;13.893;13.325;187580000;0,0144;1;0,012596272;14.329;14.696;14.713
24/04/2001;14.068;13.894;14.207;13.894;162740000;0,0126;1;0,006752914;14.616;14.843;14.725
25/04/2001;14.163;14.062;14.223;13.785;272850000;0,0068;1;0,041940267;14.868;14.944;14.764
26/04/2001;14.757;14.204;14.770;14.202;276080000;0,0419;1;0,011587721;14.914;14.943;14.767
27/04/2001;14.928;14.752;15.135;14.752;265270000;0,0116;1;-0,000669882;14.986;14.922;14.763
30/04/2001;14.918;14.944;15.210;14.838;213880000;-0,0007;0;-0,001407695;15.044;14.932;14.778
02/05/2001;14.897;14.877;14.920;14.636;242430000;-0,0014;0;0,016446264;15.037;14.875;14.774
03/05/2001;15.142;14.906;15.142;14.762;218300000;0,0164;1;-0,003236032;14.905;14.730;14.741
04/05/2001;15.093;15.142;15.304;15.041;187590000;-0,0032;0;-0,014443782;14.800;14.607;14.701
07/05/2001;14.875;15.103;15.222;14.862;171280000;-0,0144;0;-0,008605042;14.840;14.584;14.660
08/05/2001;14.747;14.861;14.958;14.656;216210000;-0,0086;0;0,002169933;14.755;14.590;14.629
09/05/2001;14.779;14.717;14.867;14.576;234490000;0,0022;1;0,014480005;14.540;14.605;14.605
10/05/2001;14.993;14.796;15.117;14.796;212940000;0,0145;1;-0,033348896;14.284;14.625;14.569
11/05/2001;14.493;15.012;15.018;14.410;184580000;-0,0333;0;-0,024839578;14.358;14.673;14.581
14/05/2001;14.133;14.499;14.507;14.104;154210000;-0,0248;0;0,006580344;14.578;14.752;14.628
15/05/2001;14.226;14.141;14.314;14.110;257180000;0,0066;1;0,034303388;14.797;14.795;14.690
16/05/2001;14.714;14.256;14.738;14.256;337800000;0,0343;1;0,005436999;14.935;14.737;14.739
17/05/2001;14.794;14.727;15.095;14.725;209330000;0,0054;1;0,006083547;14.947;14.667;14.777
18/05/2001;14.884;14.848;15.012;14.800;247040000;0,0061;1;0,016393443;14.883;14.605;14.819
21/05/2001;15.128;14.871;15.158;14.807;290990000;0,0164;1;-0,019764675;14.681;14.514;14.836
22/05/2001;14.829;15.142;15.197;14.794;273630000;-0,0198;0;-0,009238654;14.508;14.489;14.864
23/05/2001;14.692;14.829;14.905;14.627;343140000;-0,0092;0;-0,011502859;14.378;14.503;14.898
24/05/2001;14.523;14.694;14.834;14.431;298810000;-0,0115;0;-0,014666391;14.355;14.586;14.961
25/05/2001;14.310;14.523;14.589;14.179;256100000;-0,0147;0;-0,00055905;14.415;14.741;15.009
28/05/2001;14.302;14.328;14.439;14.056;989420000;-0,0006;0;0,010627884;14.531;14.888;15.013
29/05/2001;14.454;14.302;14.489;14.301;193200000;0,0106;1;0,002421475;14.644;15.032;15.009
30/05/2001;14.489;14.459;14.579;14.347;215990000;0,0024;1;0,011111878;14.849;15.157;15.015
31/05/2001;14.650;14.514;14.724;14.508;204840000;0,0111;1;0,009692833;15.097;15.239;15.028
01/06/2001;14.792;14.654;14.792;14.409;215980000;0,0097;1;0,021092482;15.276;15.294;15.020
04/06/2001;15.104;14.798;15.141;14.798;172470000;0,0211;1;0,019266419;15.396;15.336;14.979
05/06/2001;15.395;15.107;15.406;15.032;299140000;0,0193;1;-0,004287106;15.386;15.278;14.913
06/06/2001;15.329;15.393;15.568;15.268;254760000;-0,0043;0;0,008806837;15.351;15.139;14.840
07/06/2001;15.464;15.319;15.546;15.201;243100000;0,0088;1;-0,0063373;15.254;14.987;14.763
08/06/2001;15.366;15.469;15.644;15.355;211870000;-0,0063;0;-0,009241182;15.267;14.873;14.705
11/06/2001;15.224;15.291;15.397;15.159;160550000;-0,0092;0;-0,003349974;15.187;14.816;14.658
12/06/2001;15.173;15.238;15.238;14.956;206820000;-0,0033;0;0,015158505;14.914;14.746;14.599
13/06/2001;15.403;15.175;15.600;15.175;330040000;0,0152;1;-0,027137571;14.580;14.622;14.503
15/06/2001;14.985;15.386;15.386;14.964;123030000;-0,0271;0;-0,042042042;14.442;14.547;14.436
18/06/2001;14.355;14.982;14.982;14.333;214870000;-0,042;0;0,003204458;14.598;14.541;14.404
19/06/2001;14.401;14.375;14.541;14.245;243540000;0,0032;1;0,011804736;14.692;14.539;14.345
20/06/2001;14.571;14.396;14.599;14.393;214020000;0,0118;1;0,017294626;14.682;14.538;14.290
21/06/2001;14.823;14.534;14.841;14.506;252610000;0,0173;1;-0,009512244;14.561;14.499;14.225
22/06/2001;14.682;14.870;15.104;14.677;216590000;-0,0095;0;-0,009671707;14.436;14.452;14.182
25/06/2001;14.540;14.682;14.871;14.479;206280000;-0,0097;0;-0,005502063;14.386;14.383;14.130
26/06/2001;14.460;14.521;14.620;14.401;268070000;-0,0055;0;-0,010511757;14.420;14.324;14.109
27/06/2001;14.308;14.477;14.630;14.265;175300000;-0,0105;0;0,005800951;14.502;14.267;14.072
28/06/2001;14.391;14.321;14.426;14.164;180670000;0,0058;1;0,011743451;14.489;14.150;14.028
29/06/2001;14.560;14.412;14.640;14.376;160350000;0,0117;1;-0,000343407;14.321;14.043;13.994
02/07/2001;14.555;14.579;14.659;14.483;159940000;-0,0003;0;-0,013878392;14.152;13.951;13.959
03/07/2001;14.353;14.561;14.771;14.325;184570000;-0,0139;0;-0,020692538;14.004;13.912;13.915
04/07/2001;14.056;14.352;14.395;13.980;183670000;-0,0207;0;-0,000569152;13.842;13.877;13.908
05/07/2001;14.048;14.084;14.281;13.943;243170000;-0,0006;0;-0,010037016;13.763;13.894;13.891
06/07/2001;13.907;14.030;14.062;13.788;230200000;-0,01;0;-0,024232401;13.765;13.878;13.891
10/07/2001;13.570;13.930;14.060;13.564;168170000;-0,0242;0;0,017833456;13.934;13.905;13.901
11/07/2001;13.812;13.508;13.853;13.361;286020000;0,0178;1;0,007312482;13.934;13.945;13.897
12/07/2001;13.913;13.812;13.987;13.636;232120000;0,0073;1;0,011859412;14.019;13.967;13.885
13/07/2001;14.078;13.907;14.087;13.737;166650000;0,0119;1;-0,018965762;13.924;13.919;13.867
16/07/2001;13.811;14.081;14.120;13.811;126170000;-0,019;0;0,025921367;13.907;13.939;13.868
17/07/2001;14.169;13.813;14.218;13.813;222670000;0,0259;1;-0,026677959;13.882;13.888;13.860
18/07/2001;13.791;14.171;14.236;13.778;151100000;-0,0267;0;-0,002102821;13.974;13.905;13.877
19/07/2001;13.762;13.795;13.953;13.641;126560000;-0,0021;0;0,023979073;13.966;13.897;13.888
20/07/2001;14.092;13.766;14.092;13.659;150000000;0,024;1;-0,001703094;13.921;13.849;13.870
23/07/2001;14.068;14.108;14.239;14.058;133600000;-0,0017;0;-0,023457492;13.835;13.802;13.859
24/07/2001;13.738;14.049;14.106;13.725;165310000;-0,0235;0;0,015868394;13.892;13.814;13.861
25/07/2001;13.956;13.738;13.956;13.679;178150000;0,0159;1;-0,01046145;13.808;13.797;13.852
26/07/2001;13.810;13.963;13.980;13.736;158990000;-0,0105;0;0,00724113;13.789;13.831;13.842
27/07/2001;13.910;13.825;13.910;13.759;122080000;0,0072;1;-0,01480949;13.734;13.849;13.813
30/07/2001;13.704;13.948;14.117;13.704;107290000;-0,0148;0;0,00364857;13.773;13.880;13.766
31/07/2001;13.754;13.703;13.830;13.639;127190000;0,0036;1;-0,000799767;13.801;13.891;13.720
01/08/2001;13.743;13.757;13.837;13.606;157910000;-0,0008;0;0,005821145;13.903;13.916;13.659
02/08/2001;13.823;13.746;13.846;13.690;127920000;0,0058;1;0,001085148;13.974;13.909;13.597
03/08/2001;13.838;13.840;13.902;13.733;116510000;0,0011;1;0,015103339;14.001;13.907;13.520
06/08/2001;14.047;13.856;14.067;13.854;126910000;0,0151;1;-0,000783085;13.930;13.852;13.445
07/08/2001;14.036;14.049;14.143;14.003;183420000;-0,0008;0;-0,008335708;13.889;13.777;13.371
08/08/2001;13.919;14.036;14.113;13.917;176930000;-0,0083;0;-0,006106761;13.840;13.652;13.306
09/08/2001;13.834;13.921;13.930;13.705;147030000;-0,0061;0;0,00585514;13.838;13.549;13.252
10/08/2001;13.915;13.836;13.920;13.738;164570000;0,0059;1;-0,010348545;13.753;13.403;13.179
13/08/2001;13.771;13.914;13.929;13.716;134030000;-0,0103;0;0,004211749;13.666;13.286;13.113
14/08/2001;13.829;13.770;13.841;13.732;174790000;0,0042;1;-0,012293007;13.404;13.132;13.039
15/08/2001;13.659;13.834;13.856;13.615;322130000;-0,0123;0;-0,01098177;13.223;13.038;12.975
16/08/2001;13.509;13.686;13.722;13.415;147860000;-0,011;0;-0,034421497;13.017;12.964;12.910
17/08/2001;13.044;13.507;13.507;13.010;178550000;-0,0344;0;0,005443116;12.986;12.961;12.853
20/08/2001;13.115;13.044;13.228;12.916;130820000;0,0054;1;-0,017003431;12.865;12.955;12.768
21/08/2001;12.892;13.122;13.186;12.886;209380000;-0,017;0;0,004654049;12.901;12.955;12.621
22/08/2001;12.952;12.907;13.161;12.853;286920000;0,0047;1;-0,015518839;12.916;12.939;12.490
23/08/2001;12.751;12.961;13.013;12.703;214790000;-0,0155;0;0,019606305;13.005;12.946;12.315
24/08/2001;13.001;12.749;13.007;12.681;155330000;0,0196;1;-0,000384586;13.030;12.913;12.103
27/08/2001;12.996;13.000;13.048;12.849;121300000;-0,0004;0;0,001692829;12.996;12.855;11.928
28/08/2001;13.018;13.005;13.114;12.942;125560000;0,0017;1;0,004532186;12.937;12.746;11.752
29/08/2001;13.077;13.040;13.182;13.012;149910000;0,0045;1;-0,014146976;12.844;12.581;11.585
30/08/2001;12.892;13.074;13.114;12.798;138370000;-0,0141;0;-0,003955942;12.803;12.286;11.418
31/08/2001;12.841;12.906;12.949;12.789;235700000;-0,004;0;-0,003192898;12.719;12.040;11.245
03/09/2001;12.800;12.849;12.863;12.696;121160000;-0,0032;0;-0,002578125;12.538;11.683;11.083
04/09/2001;12.767;12.812;12.947;12.767;188010000;-0,0026;0;-0,013785541;12.256;11.293;10.901
05/09/2001;12.591;12.767;12.768;12.462;384380000;-0,0138;0;-0,026685728;11.668;11.001;10.717
06/09/2001;12.255;12.594;12.599;12.251;181830000;-0,0267;0;-0,027172583;11.288;10.758;10.585
10/09/2001;11.922;12.238;12.238;11.901;221030000;-0,0272;0;-0,091763127;10.749;10.589;10.493
11/09/2001;10.828;11.930;11.987;10.824;533440000;-0,0918;0;0,026413003;10.485;10.549;10.469
12/09/2001;11.114;10.773;11.319;10.706;296450000;0,0264;1;-0,072701098;10.295;10.449;10.415
13/09/2001;10.306;11.127;11.156;10.290;178810000;-0,0727;0;-0,026392393;10.378;10.482;10.410
14/09/2001;10.034;10.262;10.271;9.533;319530000;-0,0264;0;0,050926849;10.615;10.510;10.412
17/09/2001;10.545;10.032;10.577;10.032;298050000;0,0509;1;0,000853485;10.614;10.433;10.387
18/09/2001;10.554;10.543;10.708;10.321;330340000;0,0009;1;0,018097404;10.569;10.411;10.354
19/09/2001;10.745;10.560;10.836;10.485;288480000;0,0181;1;-0,018799442;10.498;10.396;10.321
20/09/2001;10.543;10.719;10.719;10.470;211520000;-0,0188;0;-0,011761358;10.394;10.390;10.315
21/09/2001;10.419;10.493;10.493;9.890;298280000;-0,0118;0;0,010941549;10.256;10.380;10.341
24/09/2001;10.533;10.453;10.694;10.453;240350000;0,0109;1;-0,028861673;10.213;10.337;10.398
25/09/2001;10.229;10.539;10.596;10.195;218990000;-0,0289;0;-0,021800763;10.349;10.313;10.472
26/09/2001;10.006;10.227;10.274;9.893;181630000;-0,0218;0;0,039876074;10.514;10.341;10.562
27/09/2001;10.405;9.996;10.462;9.705;257060000;0,0399;1;0,022200865;10.496;10.296;10.604
28/09/2001;10.636;10.412;10.714;10.412;270610000;0,0222;1;-0,012692742;10.362;10.246;10.654
01/10/2001;10.501;10.633;10.633;10.354;158460000;-0,0127;0;-0,014284354;10.215;10.241;10.740
02/10/2001;10.351;10.492;10.556;10.299;169660000;-0,0143;0;-0,011399865;10.164;10.303;10.830
03/10/2001;10.233;10.356;10.356;10.189;225140000;-0,0114;0;-0,016710642;10.118;10.459;10.918
04/10/2001;10.062;10.241;10.329;10.026;208860000;-0,0167;0;0,013416816;10.192;10.630;11.037
05/10/2001;10.197;10.068;10.271;9.985;156800000;0,0134;1;-0,010002942;10.280;10.783;11.150
08/10/2001;10.095;10.120;10.175;9.986;138960000;-0,01;0;0,01872214;10.510;10.912;11.241
09/10/2001;10.284;10.109;10.323;10.103;175760000;0,0187;1;0,01730844;10.859;11.062;11.294
10/10/2001;10.462;10.284;10.462;10.255;191250000;0,0173;1;0,030873638;11.124;11.239;11.359
11/10/2001;10.785;10.462;10.790;10.461;224630000;0,0309;1;0,050440427;11.286;11.357;11.402
15/10/2001;11.329;10.775;11.330;10.695;287940000;0,0504;1;-0,006267102;11.175;11.377;11.462
16/10/2001;11.258;11.326;11.475;11.165;269220000;-0,0063;0;0,001154734;11.199;11.443;11.544
17/10/2001;11.271;11.287;11.485;11.166;388830000;0,0012;1;-0,024487623;11.342;11.516;11.640
18/10/2001;10.995;11.260;11.263;10.948;200610000;-0,0245;0;0,030650296;11.548;11.571;11.752
19/10/2001;11.332;11.003;11.413;10.894;291740000;0,0307;1;0,032474409;11.594;11.527;11.852
22/10/2001;11.700;11.343;11.725;11.293;214220000;0,0325;1;-0,007435897;11.602;11.479;11.914
23/10/2001;11.613;11.699;11.803;11.584;274090000;-0,0074;0;-0,012486007;11.658;11.447;12.007
24/10/2001;11.468;11.611;11.666;11.430;245550000;-0,0125;0;0,022322986;11.627;11.546;12.104
25/10/2001;11.724;11.459;11.783;11.307;286700000;0,0223;1;0,004861822;11.394;11.645;12.187
26/10/2001;11.781;11.725;11.924;11.715;222690000;0,0049;1;-0,034292505;11.255;11.764;12.273
29/10/2001;11.377;11.784;11.784;11.331;213220000;-0,0343;0;-0,031027512;11.259;11.933;12.363
30/10/2001;11.024;11.334;11.396;11.024;235310000;-0,031;0;0,030932511;11.639;12.176;12.489
31/10/2001;11.365;11.057;11.365;11.047;221290000;0,0309;1;0,002023757;11.990;12.348;12.607
01/11/2001;11.388;11.362;11.498;11.177;168790000;0,002;1;0,068229715;12.399;12.567;12.753
05/11/2001;12.165;11.389;12.177;11.389;348740000;0,0682;1;0,020632963;12.529;12.661;12.867
06/11/2001;12.416;12.154;12.481;12.139;421360000;0,0206;1;0,016108247;12.634;12.728;12.951
07/11/2001;12.616;12.405;12.982;12.331;479790000;0,0161;1;-0,004914394;12.617;12.781;12.980
08/11/2001;12.554;12.633;12.892;12.473;323460000;-0,0049;0;0,014099092;12.739;12.793;12.993
09/11/2001;12.731;12.542;12.778;12.412;304450000;0,0141;1;-0,012881942;12.770;12.802;13.008
12/11/2001;12.567;12.729;12.767;12.233;269380000;-0,0129;0;0,027930294;12.876;12.866;13.063
13/11/2001;12.918;12.591;13.094;12.591;303840000;0,0279;1;-0,007121845;12.899;12.939;13.079
14/11/2001;12.826;12.928;13.077;12.746;292880000;-0,0071;0;0,004444098;12.836;13.072;13.119
16/11/2001;12.883;12.838;13.046;12.807;195120000;0,0044;1;0,008072654;12.806;13.175;13.165
19/11/2001;12.987;12.906;13.137;12.902;297730000;0,0081;1;-0,026873027;12.817;13.180;13.188
20/11/2001;12.638;12.992;12.998;12.619;253830000;-0,0269;0;0,012343725;13.079;13.194;13.245
21/11/2001;12.794;12.646;12.832;12.560;249440000;0,0123;1;0,017586369;13.401;13.213;13.285
22/11/2001;13.019;12.794;13.056;12.794;166880000;0,0176;1;0,03110838;13.596;13.259;13.324
23/11/2001;13.424;13.037;13.529;13.037;361500000;0,0311;1;0,025029797;13.461;13.219;13.304
26/11/2001;13.760;13.443;13.760;13.443;351840000;0,025;1;-0,011409884;13.119;13.165;13.247
27/11/2001;13.603;13.771;13.791;13.490;298490000;-0,0114;0;-0,042931706;12.896;13.156;13.198
28/11/2001;13.019;13.553;13.553;12.913;322670000;-0,0429;0;-0,021737461;13.001;13.196;13.225
29/11/2001;12.736;13.019;13.187;12.622;274770000;-0,0217;0;0,015389447;13.138;13.297;13.264
30/11/2001;12.932;12.744;13.053;12.704;270710000;0,0154;1;0,031240334;13.288;13.357;13.263
03/12/2001;13.336;12.914;13.336;12.870;334250000;0,0312;1;-0,014172166;13.356;13.389;13.266
04/12/2001;13.147;13.374;13.565;13.071;423210000;-0,0142;0;0,0178748;13.407;13.389;13.281
05/12/2001;13.382;13.186;13.382;13.103;367590000;0,0179;1;0,011732178;13.428;13.329;13.307
06/12/2001;13.539;13.382;13.575;13.230;374660000;0,0117;1;-0,017726568;13.364;13.239;13.310
07/12/2001;13.299;13.565;13.662;13.233;222830000;-0,0177;0;0,011053463;13.452;13.253;13.351
10/12/2001;13.446;13.299;13.446;13.193;240350000;0,0111;1;-0,007288413;13.353;13.231;13.410
11/12/2001;13.348;13.455;13.595;13.337;282690000;-0,0073;0;0,016107282;13.223;13.170;13.480
12/12/2001;13.563;13.350;13.576;13.297;474740000;0,0161;1;-0,03059795;13.006;13.142;13.538
13/12/2001;13.148;13.577;13.580;13.144;215560000;-0,0306;0;-0,01437481;13.089;13.172;13.611
14/12/2001;12.959;13.129;13.154;12.894;215360000;-0,0144;0;-0,003626823;13.200;13.286;13.687
17/12/2001;12.912;12.965;13.063;12.912;177800000;-0,0036;0;0,037561958;13.202;13.381;13.734
18/12/2001;13.397;12.935;13.414;12.924;308830000;0,0376;1;-0,007986863;13.192;13.449;13.747
19/12/2001;13.290;13.405;13.508;13.284;301560000;-0,008;0;-0,027990971;13.215;13.588;13.735
20/12/2001;12.918;13.271;13.271;12.809;281690000;-0,028;0;0,034912525;13.494;13.790;13.742
21/12/2001;13.369;12.935;13.385;12.935;224160000;0,0349;1;-0,000822799;13.564;13.934;13.722
26/12/2001;13.358;13.367;13.446;13.245;176210000;-0,0008;0;0,029794879;13.735;14.050;13.720
27/12/2001;13.756;13.371;13.823;13.369;312060000;0,0298;1;-0,012939808;13.905;14.088;13.693
28/12/2001;13.578;13.741;13.969;13.510;359980000;-0,0129;0;0,021652673;14.156;14.087;13.663
02/01/2002;13.872;13.586;13.902;13.571;237330000;0,0217;1;0,02833045;14.325;14.046;13.601
03/01/2002;14.265;14.125;14.286;14.121;275650000;0,0283;1;0,00469681;14.293;13.883;13.527
04/01/2002;14.332;14.250;14.358;14.103;245320000;0,0047;1;0,003279375;14.189;13.694;13.443
07/01/2002;14.379;14.327;14.413;14.273;245050000;0,0033;1;-0,014674178;13.920;13.509;13.345
08/01/2002;14.168;14.385;14.385;14.099;242080000;-0,0147;0;-0,010375494;13.726;13.390;13.226
09/01/2002;14.021;14.157;14.190;13.919;262640000;-0,0104;0;-0,032166037;13.426;13.298;13.119
10/01/2002;13.570;14.010;14.010;13.511;311470000;-0,0322;0;0,001252763;13.240;13.238;13.059
11/01/2002;13.587;13.554;13.835;13.554;230480000;0,0013;1;-0,03422389;13.072;13.155;12.993
14/01/2002;13.122;13.594;13.601;13.068;187130000;-0,0342;0;-0,008459076;13.144;13.171;12.949
15/01/2002;13.011;13.131;13.362;12.937;246910000;-0,0085;0;0,005610637;13.265;13.192;12.930
16/01/2002;13.084;13.006;13.186;12.941;240160000;0,0056;1;0,019336594;13.288;13.181;12.906
17/01/2002;13.337;13.109;13.359;13.109;182910000;0,0193;1;0,002699258;13.177;13.061;12.860
18/01/2002;13.373;13.340;13.407;13.262;129170000;0,0027;1;-0,016301503;13.130;12.941;12.804
21/01/2002;13.155;13.367;13.367;13.134;601520000;-0,0163;0;-0,011478525;13.133;12.879;12.791
22/01/2002;13.004;13.177;13.331;12.956;215530000;-0,0115;0;0,017533067;13.132;12.830;12.808
23/01/2002;13.232;13.025;13.285;12.982;204730000;0,0175;1;-0,005290206;12.888;12.727;12.808
24/01/2002;13.162;13.239;13.309;13.147;136780000;-0,0053;0;-0,012156207;12.678;12.668;12.805
28/01/2002;13.002;13.161;13.215;12.990;185550000;-0,0122;0;-0,038532533;12.585;12.632;12.804
29/01/2002;12.501;13.010;13.182;12.476;268530000;-0,0385;0;0,002479802;12.637;12.658;12.861
30/01/2002;12.532;12.512;12.627;12.301;278100000;0,0025;1;0,015081392;12.631;12.668;12.933
31/01/2002;12.721;12.563;12.812;12.561;257900000;0,0151;1;-0,004873831;12.640;12.702;12.993
01/02/2002;12.659;12.723;12.783;12.567;169210000;-0,0049;0;-0,011533296;12.671;12.786;13.087
04/02/2002;12.513;12.648;12.655;12.416;178330000;-0,0115;0;0,018780468;12.728;12.888;13.191
05/02/2002;12.748;12.557;12.778;12.415;253540000;0,0188;1;0,000235331;12.678;12.942;13.295
06/02/2002;12.751;12.751;12.883;12.666;224920000;0,0002;1;-0,00525449;12.748;12.976;13.387
07/02/2002;12.684;12.752;12.774;12.684;175970000;-0,0053;0;-0,006780196;12.935;13.064;13.505
08/02/2002;12.598;12.684;12.693;12.591;138150000;-0,0068;0;0,028814097;13.145;13.198;13.639
13/02/2002;12.961;12.599;12.961;12.504;390710000;0,0288;1;0,02191189;13.199;13.284;13.714
14/02/2002;13.245;12.962;13.245;12.908;236090000;0,0219;1;-0,001132503;13.115;13.388;13.757
15/02/2002;13.230;13.222;13.300;13.169;191190000;-0,0011;0;-0,008163265;13.139;13.493;13.792
18/02/2002;13.122;13.208;13.238;13.027;118570000;-0,0082;0;-0,009907026;13.275;13.649;13.852
19/02/2002;12.992;13.125;13.245;12.984;227080000;-0,0099;0;0,023937808;13.465;13.798;13.902
20/02/2002;13.303;13.001;13.330;12.919;317640000;0,0239;1;0,01706382;13.690;13.946;13.965
21/02/2002;13.530;13.328;13.677;13.328;371120000;0,0171;1;0,002439024;13.835;14.081;14.016
22/02/2002;13.563;13.535;13.641;13.513;215240000;0,0024;1;0,03059795;14.051;14.145;14.056
25/02/2002;13.978;13.567;14.005;13.567;291160000;0,0306;1;-0,001001574;14.070;14.125;14.083
26/02/2002;13.964;13.975;14.053;13.832;214390000;-0,001;0;0,017759954;14.196;14.091;14.103
27/02/2002;14.212;13.978;14.251;13.978;254100000;0,0178;1;-0,01259499;14.282;14.055;14.097
28/02/2002;14.033;14.216;14.221;14.033;257110000;-0,0126;0;0,022090786;14.275;14.007;14.101
01/03/2002;14.343;14.047;14.355;13.978;289760000;0,0221;1;0,008924214;14.107;13.984;14.056
04/03/2002;14.471;14.373;14.474;14.100;262750000;0,0089;1;-0,031787713;13.859;13.951;13.973
05/03/2002;14.011;14.455;14.482;14.011;246940000;-0,0318;0;-0,012276069;13.842;13.966;13.921
06/03/2002;13.839;14.007;14.007;13.683;357270000;-0,0123;0;-0,00816533;13.795;14.042;13.902
07/03/2002;13.726;13.836;14.011;13.640;317480000;-0,0082;0;0,017193647;13.946;14.116;13.880
08/03/2002;13.962;13.783;13.962;13.767;245020000;0,0172;1;-0,019051712;14.040;14.138;13.830
11/03/2002;13.696;13.959;14.032;13.593;245200000;-0,0191;0;0,035411799;14.181;14.194;13.813
12/03/2002;14.181;13.717;14.213;13.710;345740000;0,0354;1;0,004442564;14.242;14.128;13.746
13/03/2002;14.244;14.191;14.352;14.100;274440000;0,0044;1;-0,008916035;14.242;13.995;13.664
14/03/2002;14.117;14.240;14.337;14.025;219230000;-0,0089;0;0,017567472;14.243;13.875;13.609
15/03/2002;14.365;14.120;14.370;14.089;270480000;0,0176;1;-0,008353637;14.151;13.761;13.532
18/03/2002;14.245;14.366;14.495;14.217;162420000;-0,0084;0;-0,008915409;13.975;13.644;13.454
19/03/2002;14.118;14.266;14.330;14.069;207720000;-0,0089;0;-0,001983284;13.706;13.521;13.388
20/03/2002;14.090;14.123;14.158;13.895;244730000;-0,002;0;-0,026472676;13.436;13.432;13.340
21/03/2002;13.717;14.086;14.086;13.662;212590000;-0,0265;0;-0,029525406;13.387;13.365;13.318
22/03/2002;13.312;13.723;13.726;13.283;374330000;-0,0295;0;-0,002554087;13.424;13.332;13.350
25/03/2002;13.278;13.359;13.430;13.183;203200000;-0,0026;0;0,021991264;13.417;13.344;13.363
26/03/2002;13.570;13.309;13.570;13.309;198640000;0,022;1;-0,010685335;13.382;13.302;13.367
27/03/2002;13.425;13.569;13.579;13.425;150170000;-0,0107;0;-0,012662942;13.322;13.264;13.389
28/03/2002;13.255;13.428;13.498;13.226;181620000;-0,0127;0;0,015993965;13.266;13.255;13.412
01/04/2002;13.467;13.253;13.499;13.095;202990000;0,016;1;-0,01648474;13.230;13.248;13.413
02/04/2002;13.245;13.482;13.535;13.245;225920000;-0,0165;0;-0,01208003;13.240;13.272;13.411
03/04/2002;13.085;13.280;13.345;13.061;235620000;-0,0121;0;0,021016431;13.265;13.367;13.419
04/04/2002;13.360;13.090;13.370;13.041;187240000;0,021;1;-0,006287425;13.210;13.383;13.420
05/04/2002;13.276;13.362;13.445;13.233;184870000;-0,0063;0;-0,008737572;13.257;13.433;13.420
08/04/2002;13.160;13.248;13.248;13.114;108390000;-0,0087;0;0,002659574;13.341;13.514;13.414
09/04/2002;13.195;13.165;13.243;13.147;193140000;0,0027;1;0,016748768;13.526;13.568;13.406
10/04/2002;13.416;13.183;13.445;13.182;221900000;0,0167;1;-0,000372689;13.545;13.577;13.383
11/04/2002;13.411;13.419;13.559;13.385;206350000;-0,0004;0;0,025352323;13.615;13.550;13.320
12/04/2002;13.751;13.418;13.764;13.418;243710000;0,0254;1;-0,020289433;13.609;13.470;13.239
15/04/2002;13.472;13.772;13.822;13.438;309230000;-0,0203;0;0,011208432;13.643;13.457;13.164
16/04/2002;13.623;13.476;13.693;13.476;246140000;0,0112;1;0,008001174;13.594;13.407;13.073
17/04/2002;13.732;13.633;13.872;13.633;383650000;0,008;1;-0,011578794;13.425;13.313;12.993
18/04/2002;13.573;13.729;13.729;13.446;276040000;-0,0116;0;-0,00699919;13.297;13.244;12.888
19/04/2002;13.478;13.568;13.631;13.448;159610000;-0,007;0;-0,018845526;13.264;13.188;12.792
22/04/2002;13.224;13.484;13.485;13.056;241620000;-0,0188;0;-0,002722323;13.281;13.090;12.705
23/04/2002;13.188;13.224;13.302;13.076;275080000;-0,0027;0;0,014634516;13.243;13.008;12.634
24/04/2002;13.381;13.182;13.394;13.176;207590000;0,0146;1;-0,008071146;13.146;12.872;12.561
25/04/2002;13.273;13.384;13.384;13.113;243730000;-0,0081;0;-0,014842161;13.084;12.739;12.517
26/04/2002;13.076;13.273;13.367;13.037;266160000;-0,0148;0;0,001070664;12.904;12.673;12.490
29/04/2002;13.090;13.076;13.142;13.032;127560000;0,0011;1;-0,000381971;12.744;12.532;12.460
30/04/2002;13.085;13.096;13.267;13.065;302180000;-0,0004;0;-0,041803592;12.526;12.396;12.432
02/05/2002;12.538;13.088;13.090;12.510;302430000;-0,0418;0;0,005742543;12.461;12.319;12.420
03/05/2002;12.610;12.557;12.679;12.431;255430000;0,0057;1;-0,014274385;12.463;12.261;12.416
06/05/2002;12.430;12.594;12.595;12.272;188420000;-0,0143;0;-0,007079646;12.354;12.250;12.427
07/05/2002;12.342;12.433;12.631;12.291;244070000;-0,0071;0;0,02228164;12.283;12.295;12.452
08/05/2002;12.617;12.353;12.664;12.353;251810000;0,0223;1;-0,040817944;12.078;12.307;12.460
09/05/2002;12.102;12.602;12.603;12.077;284220000;-0,0408;0;0,002313667;12.112;12.388;12.523
10/05/2002;12.130;12.106;12.180;11.944;282860000;0,0023;1;-0,01055235;12.185;12.469;12.575
13/05/2002;12.002;12.147;12.212;11.943;145040000;-0,0106;0;0,016830528;12.405;12.521;12.622
14/05/2002;12.204;11.999;12.327;11.999;317390000;0,0168;1;0,011963291;12.570;12.572;12.651
15/05/2002;12.350;12.207;12.468;12.114;313270000;0,012;1;0,025101215;12.676;12.604;12.668
16/05/2002;12.660;12.396;12.691;12.396;240630000;0,0251;1;0,003080569;12.689;12.609;12.629
17/05/2002;12.699;12.665;12.739;12.563;195300000;0,0031;1;-0,002441137;12.579;12.613;12.599
20/05/2002;12.668;12.700;12.770;12.606;144790000;-0,0024;0;0,002604989;12.542;12.659;12.594
21/05/2002;12.701;12.674;12.774;12.627;187200000;0,0026;1;-0,026218408;12.499;12.681;12.559
22/05/2002;12.368;12.697;12.845;12.352;349260000;-0,0262;0;0,015200517;12.609;12.723;12.542
23/05/2002;12.556;12.380;12.561;12.244;223990000;0,0152;1;0,001433578;12.667;12.729;12.500
24/05/2002;12.574;12.544;12.689;12.445;165550000;0,0014;1;0,009861619;12.804;12.732;12.437
27/05/2002;12.698;12.578;12.708;12.528;177320000;0,0099;1;0,002362577;12.858;12.648;12.383
28/05/2002;12.728;12.703;12.861;12.703;269310000;0,0024;1;0,020191703;12.835;12.584;12.318
29/05/2002;12.985;12.728;13.003;12.720;335900000;0,0202;1;-0,00954948;12.707;12.529;12.212
31/05/2002;12.861;12.992;13.013;12.861;121680000;-0,0095;0;-0,015706399;12.616;12.436;12.072
03/06/2002;12.659;12.859;12.919;12.641;123490000;-0,0157;0;-0,004660716;12.434;12.361;11.911
04/06/2002;12.600;12.637;12.642;12.493;156260000;-0,0047;0;-0,000793651;12.329;12.270;11.779
05/06/2002;12.590;12.580;12.707;12.574;226080000;-0,0008;0;-0,037887212;12.332;12.143;11.645
06/06/2002;12.113;12.591;12.595;12.113;247640000;-0,0379;0;0,014034508;12.364;12.118;11.543
07/06/2002;12.283;12.051;12.310;11.955;233610000;0,014;1;0,025808027;12.314;12.052;11.452
10/06/2002;12.600;12.306;12.600;12.304;187120000;0,0258;1;-0,030952381;12.102;11.894;11.348
11/06/2002;12.210;12.609;12.686;12.170;262650000;-0,031;0;-0,006306306;11.931;11.708;11.254
12/06/2002;12.133;12.221;12.400;12.058;343200000;-0,0063;0;-0,014093794;11.866;11.460;11.162
13/06/2002;11.962;12.180;12.313;11.962;212070000;-0,0141;0;-0,02198629;11.819;11.288;11.067
14/06/2002;11.699;11.985;11.985;11.601;187590000;-0,022;0;0,020343619;11.750;11.146;10.993
17/06/2002;11.937;11.705;11.955;11.705;177930000;0,0203;1;-0,009717685;11.408;10.968;10.892
18/06/2002;11.821;11.942;12.116;11.809;222020000;-0,0097;0;-0,02774723;10.933;10.853;10.811
19/06/2002;11.493;11.822;11.901;11.485;228620000;-0,0277;0;-0,050813539;10.689;10.802;10.744
20/06/2002;10.909;11.508;11.603;10.894;271260000;-0,0508;0;-0,046842057;10.621;10.800;10.736
21/06/2002;10.398;10.917;11.010;10.298;285440000;-0,0468;0;0,034718215;10.719;10.864;10.777
24/06/2002;10.759;10.438;10.814;10.247;281290000;0,0347;1;-0,004926108;10.803;10.846;10.768
25/06/2002;10.706;10.773;10.973;10.597;324920000;-0,0049;0;-0,001401084;10.948;10.839;10.759
26/06/2002;10.691;10.676;10.694;10.430;280530000;-0,0014;0;0,030118792;11.015;10.815;10.763
27/06/2002;11.013;10.690;11.013;10.690;297540000;0,0301;1;0,011441024;10.959;10.768;10.749
28/06/2002;11.139;11.018;11.271;11.018;470280000;0,0114;1;-0,022174342;10.791;10.685;10.709
01/07/2002;10.892;11.138;11.173;10.853;323090000;-0,0222;0;-0,004223283;10.712;10.673;10.638
02/07/2002;10.846;10.891;10.908;10.711;227870000;-0,0042;0;-0,019361977;10.605;10.690;10.559
03/07/2002;10.636;10.854;10.868;10.520;260480000;-0,0194;0;0,001786386;10.622;10.690;10.509
04/07/2002;10.655;10.661;10.721;10.594;165300000;0,0018;1;-0,012294697;10.589;10.679;10.439
05/07/2002;10.524;10.663;10.668;10.425;205130000;-0,0123;0;0,015488407;10.683;10.712;10.345
08/07/2002;10.687;10.524;10.708;10.506;123370000;0,0155;1;-0,012257883;10.776;10.730;10.242
10/07/2002;10.556;10.690;10.851;10.539;273620000;-0,0123;0;0,023683213;10.802;10.734;10.155
11/07/2002;10.806;10.545;10.810;10.467;340310000;0,0237;1;0,01489913;10.726;10.603;10.081
12/07/2002;10.967;10.811;10.968;10.697;335180000;0,0149;1;-0,030455001;10.655;10.429;9.995
15/07/2002;10.633;10.966;10.969;10.474;274350000;-0,0305;0;-0,005172576;10.715;10.329;9.939
16/07/2002;10.578;10.646;10.743;10.522;236300000;-0,0052;0;0,016732842;10.717;10.199;9.860
17/07/2002;10.755;10.589;10.814;10.589;268140000;0,0167;1;0,005392841;10.429;9.979;9.788
18/07/2002;10.813;10.755;10.915;10.710;166300000;0,0054;1;-0,021270693;10.074;9.754;9.721
19/07/2002;10.583;10.813;10.813;10.545;219320000;-0,0213;0;-0,065293395;9.858;9.577;9.702
22/07/2002;9.892;10.568;10.568;9.879;331720000;-0,0653;0;-0,014759402;9.783;9.559;9.709
23/07/2002;9.746;9.900;10.082;9.603;275890000;-0,0148;0;0,019597784;9.607;9.561;9.707
24/07/2002;9.937;9.739;9.973;9.423;353440000;0,0196;1;-0,027271812;9.374;9.549;9.672
25/07/2002;9.666;9.947;9.947;9.486;282230000;-0,0273;0;-0,046451479;9.266;9.521;9.649
26/07/2002;9.217;9.672;9.778;9.155;271160000;-0,0465;0;0,002495389;9.448;9.597;9.646
29/07/2002;9.240;9.251;9.673;9.240;324740000;0,0025;1;0,011038961;9.622;9.687;9.667
30/07/2002;9.342;9.247;9.613;9.188;465720000;0,011;1;0,045065297;9.792;9.827;9.672
31/07/2002;9.763;9.346;9.896;9.344;325560000;0,0451;1;-0,000307283;9.694;9.858;9.636
01/08/2002;9.760;9.782;9.864;9.537;371810000;-0,0003;0;0,00942623;9.692;9.853;9.613
02/08/2002;9.852;9.768;9.943;9.738;300240000;0,0094;1;-0,038773853;9.698;9.795;9.603
05/08/2002;9.470;9.848;9.848;9.452;306840000;-0,0388;0;0,030095037;9.980;9.777;9.617
06/08/2002;9.755;9.472;9.795;9.471;239720000;0,0301;1;0,011788826;10.057;9.695;9.642
07/08/2002;9.870;9.766;9.933;9.649;310750000;0,0118;1;0,045187437;10.009;9.646;9.678
08/08/2002;10.316;9.911;10.420;9.911;593880000;0,0452;1;-0,031989143;9.718;9.518;9.682
09/08/2002;9.986;10.315;10.315;9.971;289950000;-0,032;0;-0,026236731;9.504;9.414;9.716
12/08/2002;9.724;10.008;10.009;9.687;198180000;-0,0262;0;-0,028794735;9.323;9.373;9.763
13/08/2002;9.444;9.724;9.842;9.444;311900000;-0,0288;0;-0,010694621;9.351;9.410;9.830
14/08/2002;9.343;9.461;9.587;9.017;497660000;-0,0107;0;-0,01712512;9.375;9.458;9.886
15/08/2002;9.183;9.373;9.473;9.161;242400000;-0,0171;0;0,037351628;9.402;9.589;9.944
16/08/2002;9.526;9.213;9.539;9.213;325420000;0,0374;1;-0,011442368;9.373;9.710;9.958
19/08/2002;9.417;9.512;9.657;9.404;296570000;-0,0114;0;-0,016353403;9.468;9.847;9.980
20/08/2002;9.263;9.455;9.552;9.258;243670000;-0,0164;0;0,018892367;9.606;10.017;10.029
21/08/2002;9.438;9.270;9.495;9.270;289750000;0,0189;1;0,028077983;9.826;10.152;10.067
22/08/2002;9.703;9.441;9.703;9.412;300580000;0,0281;1;-0,002782645;10.049;10.249;10.101
23/08/2002;9.676;9.710;9.761;9.594;293000000;-0,0028;0;0,043613063;10.283;10.314;10.136
26/08/2002;10.098;9.690;10.100;9.689;332030000;0,0436;1;0,027134086;10.402;10.300;10.142
27/08/2002;10.372;10.118;10.389;10.118;479170000;0,0271;1;0,000771307;10.406;10.207;10.104
28/08/2002;10.380;10.383;10.436;10.231;417550000;0,0008;1;0,007225434;10.405;10.113;10.051
29/08/2002;10.455;10.351;10.519;10.175;507110000;0,0072;1;-0,006982305;10.299;10.041;9.984
30/08/2002;10.382;10.465;10.604;10.382;628830000;-0,007;0;-0,000385282;10.170;9.981;9.911
02/09/2002;10.378;10.383;10.477;10.312;206190000;-0,0004;0;-0,023318558;9.952;9.953;9.855
03/09/2002;10.136;10.365;10.372;10.065;336900000;-0,0233;0;-0,013713496;9.812;9.958;9.792
04/09/2002;9.997;10.167;10.174;9.921;270940000;-0,0137;0;-0,027408222;9.798;9.984;9.732
05/09/2002;9.723;9.993;9.993;9.709;308810000;-0,0274;0;-0,000617093;9.877;10.000;9.696
06/09/2002;9.717;9.739;9.882;9.643;240460000;-0,0006;0;0,024390244;10.032;9.990;9.659
09/09/2002;9.954;9.725;9.955;9.716;282820000;0,0244;1;0,000602773;10.105;9.926;9.571
10/09/2002;9.960;9.962;10.052;9.841;259610000;0,0006;1;0,022289157;10.179;9.842;9.476
11/09/2002;10.182;9.967;10.248;9.967;259810000;0,0223;1;-0,000883913;10.062;9.757;9.391
12/09/2002;10.173;10.182;10.188;10.032;180420000;-0,0009;0;0,000786395;9.887;9.627;9.294
13/09/2002;10.181;10.156;10.219;10.086;216870000;0,0008;1;-0,034377762;9.662;9.479;9.220
16/09/2002;9.831;10.171;10.172;9.822;216050000;-0,0344;0;-0,018411148;9.509;9.393;9.179
17/09/2002;9.650;9.855;9.943;9.613;223590000;-0,0184;0;-0,015025907;9.487;9.329;9.123
18/09/2002;9.505;9.626;9.638;9.399;289820000;-0,015;0;-0,013992635;9.407;9.216;9.076
19/09/2002;9.372;9.512;9.626;9.353;255190000;-0,014;0;0,022727273;9.332;9.109;9.029
20/09/2002;9.585;9.375;9.638;9.375;217280000;0,0227;1;-0,033489828;9.213;9.025;8.978
23/09/2002;9.264;9.575;9.575;9.137;235800000;-0,0335;0;-0,012521589;9.192;8.962;8.948
24/09/2002;9.148;9.245;9.341;9.069;282140000;-0,0125;0;0,008745081;9.048;8.961;8.899
25/09/2002;9.228;9.207;9.357;9.207;303580000;0,0087;1;-0,003142609;8.846;8.965;8.847
26/09/2002;9.199;9.251;9.386;9.170;189440000;-0,0031;0;-0,052505707;8.779;8.917;8.788
27/09/2002;8.716;9.200;9.202;8.703;243860000;-0,0525;0;-0,010670032;8.814;8.936;8.801
30/09/2002;8.623;8.718;8.720;8.352;225510000;-0,0107;0;0,043488345;8.986;8.949;8.830
01/10/2002;8.998;8.642;9.021;8.637;255780000;0,0435;1;-0,019782174;9.073;8.930;8.839
02/10/2002;8.820;9.011;9.132;8.811;322380000;-0,0198;0;0,036281179;9.088;8.935;8.876
03/10/2002;9.140;8.852;9.170;8.807;202390000;0,0363;1;0,013129103;8.990;8.837;8.926
04/10/2002;9.260;9.151;9.319;9.092;221640000;0,0131;1;-0,04287257;8.808;8.729;8.964
07/10/2002;8.863;9.268;9.288;8.841;148030000;-0,0429;0;-0,001805258;8.809;8.659;9.046
08/10/2002;8.847;8.870;8.909;8.691;252160000;-0,0018;0;-0,014920312;8.812;8.667;9.098
09/10/2002;8.715;8.838;9.290;8.604;181300000;-0,0149;0;0,017326449;8.724;8.711;9.162
10/10/2002;8.866;8.708;8.932;8.707;200490000;0,0173;1;-0,001240695;8.604;8.748;9.248
11/10/2002;8.855;8.864;9.042;8.832;209870000;-0,0012;0;-0,045623941;8.443;8.816;9.341
14/10/2002;8.451;8.853;8.853;8.430;196330000;-0,0456;0;0,006626435;8.593;9.014;9.462
15/10/2002;8.507;8.452;8.622;8.446;201400000;0,0066;1;-0,015986834;8.765;9.199;9.562
16/10/2002;8.371;8.510;8.513;8.225;285940000;-0,016;0;0,063433282;9.017;9.434;9.669
17/10/2002;8.902;8.397;8.920;8.397;362600000;0,0634;1;0,013480117;9.160;9.530;9.726
18/10/2002;9.022;8.902;9.081;8.873;296360000;0,0135;1;0,011749058;9.433;9.613;9.782
21/10/2002;9.128;9.022;9.161;8.979;262870000;0,0117;1;0,022239264;9.657;9.747;9.834
22/10/2002;9.331;9.099;9.331;8.982;405340000;0,0222;1;0,054549352;9.885;9.867;9.873
23/10/2002;9.840;9.342;9.840;9.263;583470000;0,0545;1;-0,004166667;9.796;9.909;9.865
24/10/2002;9.799;9.832;10.107;9.763;634080000;-0,0042;0;0,022043066;9.730;9.926;9.862
25/10/2002;10.015;9.807;10.067;9.698;317340000;0,022;1;-0,044033949;9.748;9.904;9.853
28/10/2002;9.574;10.022;10.092;9.573;377830000;-0,044;0;0,002820138;9.946;9.922;9.881
29/10/2002;9.601;9.570;9.656;9.439;269760000;0,0028;1;0,048744922;10.126;9.950;9.908
30/10/2002;10.069;9.602;10.097;9.602;411010000;0,0487;1;0,009832158;10.074;9.921;9.909
31/10/2002;10.168;10.099;10.241;10.063;457410000;0,0098;1;-0,002753737;9.971;9.880;9.918
01/11/2002;10.140;10.172;10.266;10.043;319510000;-0,0028;0;-0,022386588;9.826;9.820;9.937
04/11/2002;9.913;10.147;10.378;9.913;305440000;-0,0224;0;-0,005245637;9.788;9.799;9.961
05/11/2002;9.861;9.904;10.034;9.825;243760000;-0,0052;0;-0,016022716;9.787;9.802;9.980
06/11/2002;9.703;9.857;9.861;9.583;315100000;-0,016;0;0,009893847;9.848;9.841;10.017
07/11/2002;9.799;9.734;9.893;9.618;270030000;0,0099;1;0,006225125;9.822;9.865;10.049
08/11/2002;9.860;9.859;10.030;9.857;245140000;0,0062;1;0,002636917;9.790;9.898;10.095
11/11/2002;9.886;9.873;9.977;9.868;162070000;0,0026;1;-0,016690269;9.790;9.955;10.151
12/11/2002;9.721;9.864;9.871;9.647;283780000;-0,0167;0;0,004423413;9.873;10.053;10.219
13/11/2002;9.764;9.721;9.813;9.569;270230000;0,0044;1;0,012290045;9.942;10.122;10.281
14/11/2002;9.884;9.762;9.904;9.738;190940000;0,0123;1;0,008802104;10.010;10.157;10.319
18/11/2002;9.971;9.910;10.100;9.910;279860000;0,0088;1;0;10.116;10.194;10.362
19/11/2002;9.971;9.971;10.052;9.839;317620000;0;0;0,011734029;10.260;10.232;10.388
20/11/2002;10.088;9.983;10.112;9.901;342070000;0,0117;1;0,019924663;10.313;10.292;10.405
21/11/2002;10.289;10.105;10.318;10.086;342950000;0,0199;1;0,011176985;10.261;10.347;10.429
22/11/2002;10.404;10.288;10.433;10.124;314610000;0,0112;1;-0,015186467;10.201;10.384;10.442
25/11/2002;10.246;10.407;10.447;10.234;322690000;-0,0152;0;-0,011126293;10.199;10.440;10.464
26/11/2002;10.132;10.243;10.283;10.084;309320000;-0,0111;0;0,009277537;10.325;10.481;10.510
27/11/2002;10.226;10.142;10.286;10.123;215810000;0,0093;1;0,001271269;10.474;10.530;10.553
28/11/2002;10.239;10.222;10.292;10.187;113380000;0,0013;1;0,026369763;10.615;10.544;10.607
29/11/2002;10.509;10.250;10.519;10.250;245280000;0,0264;1;0,015700828;10.659;10.518;10.656
02/12/2002;10.674;10.517;10.735;10.517;292380000;0,0157;1;-0,001030542;10.572;10.510;10.715
03/12/2002;10.663;10.672;10.674;10.576;303260000;-0,001;0;-0,002156991;10.541;10.499;10.772
04/12/2002;10.640;10.664;10.681;10.505;315300000;-0,0022;0;-0,021334586;10.440;10.488;10.821
05/12/2002;10.413;10.645;10.651;10.346;295590000;-0,0213;0;0,014981273;10.413;10.539;10.879
06/12/2002;10.569;10.414;10.575;10.412;205880000;0,015;1;-0,021761756;10.428;10.577;10.929
09/12/2002;10.339;10.562;10.562;10.339;204300000;-0,0218;0;-0,000773769;10.511;10.669;11.020
10/12/2002;10.331;10.345;10.497;10.307;242920000;-0,0008;0;0,027393282;10.588;10.794;11.110
11/12/2002;10.614;10.340;10.652;10.340;460010000;0,0274;1;-0,00254381;10.641;10.920;11.211
12/12/2002;10.587;10.617;10.743;10.569;335520000;-0,0025;0;-0,002172476;10.723;11.046;11.303
13/12/2002;10.564;10.598;10.648;10.494;330840000;-0,0022;0;0,01959485;10.863;11.153;11.390
16/12/2002;10.771;10.620;10.798;10.611;441800000;0,0196;1;0,005756197;11.008;11.220;11.472
17/12/2002;10.833;10.778;10.948;10.526;356290000;0,0058;1;0,01393889;11.227;11.282;11.572
18/12/2002;10.984;10.833;11.007;10.723;517790000;0,0139;1;0,020393299;11.389;11.370;11.653
19/12/2002;11.208;10.987;11.222;10.984;556380000;0,0204;1;0,0251606;11.426;11.426;11.722
20/12/2002;11.490;11.275;11.606;11.262;477370000;0,0252;1;-0,001740644;11.341;11.502;11.756
23/12/2002;11.470;11.493;11.648;11.384;285340000;-0,0017;0;-0,013251962;11.273;11.560;11.791
26/12/2002;11.318;11.475;11.475;11.301;146900000;-0,0133;0;-0,007421806;11.368;11.627;11.816
27/12/2002;11.234;11.326;11.326;11.207;142340000;-0,0074;0;0,003026527;11.490;11.724;11.846
30/12/2002;11.268;11.235;11.325;11.212;248500000;0,003;1;0,029730209;11.741;11.863;11.858
02/01/2003;11.603;11.291;11.603;11.291;195130000;0,0297;1;-0,000258554;11.832;11.935;11.825
03/01/2003;11.600;11.632;11.798;11.600;197050000;-0,0003;0;0,036206897;11.894;12.017;11.793
06/01/2003;12.020;11.636;12.032;11.633;398400000;0,0362;1;-0,011980033;11.858;12.010;11.705
07/01/2003;11.876;12.010;12.018;11.842;387980000;-0,012;0;-0,007578309;11.980;12.021;11.609
08/01/2003;11.786;11.875;11.928;11.757;217190000;-0,0076;0;0,01069065;12.088;12.006;11.518
09/01/2003;11.912;11.814;11.964;11.780;275390000;0,0107;1;0,027787105;12.176;11.968;11.443
10/01/2003;12.243;11.925;12.243;11.925;298810000;0,0278;1;-0,01086335;12.085;11.852;11.337
13/01/2003;12.110;12.243;12.350;12.095;270720000;-0,0109;0;0,005367465;12.033;11.714;11.253
14/01/2003;12.175;12.131;12.175;12.052;264920000;0,0054;1;-0,016755647;11.866;11.569;11.163
15/01/2003;11.971;12.151;12.151;11.899;418740000;-0,0168;0;-0,001587169;11.759;11.400;11.063
16/01/2003;11.952;11.973;12.193;11.921;708090000;-0,0016;0;-0,023092369;11.586;11.197;10.966
17/01/2003;11.676;11.952;11.952;11.649;335800000;-0,0231;0;-0,002398082;11.408;11.031;10.887
20/01/2003;11.648;11.675;11.742;11.545;209950000;-0,0024;0;-0,018286401;11.246;10.919;10.797
21/01/2003;11.435;11.610;11.662;11.434;318280000;-0,0183;0;-0,025623087;11.029;10.821;10.728
22/01/2003;11.142;11.428;11.428;11.132;427080000;-0,0256;0;0,00179501;10.825;10.793;10.683
23/01/2003;11.162;11.148;11.336;11.027;337150000;0,0018;1;-0,033864899;10.610;10.757;10.637
24/01/2003;10.784;11.157;11.158;10.753;285140000;-0,0339;0;-0,023553412;10.637;10.727;10.588
27/01/2003;10.530;10.768;10.768;10.462;369300000;-0,0236;0;-0,001234568;10.710;10.736;10.556
28/01/2003;10.517;10.534;10.650;10.495;360520000;-0,0012;0;0,032899116;10.852;10.743;10.533
29/01/2003;10.863;10.514;10.863;10.457;351710000;0,0329;1;-0,010310227;10.867;10.674;10.503
30/01/2003;10.751;10.873;11.001;10.705;262670000;-0,0103;0;0,017672775;10.809;10.635;10.468
31/01/2003;10.941;10.761;11.004;10.741;276110000;0,0177;1;-0,002833379;10.693;10.574;10.416
03/02/2003;10.910;10.943;11.067;10.852;229170000;-0,0028;0;-0,030522456;10.578;10.516;10.375
04/02/2003;10.577;10.879;10.879;10.534;287120000;-0,0305;0;0,001418172;10.513;10.449;10.351
05/02/2003;10.592;10.581;10.761;10.497;342690000;0,0014;1;-0,002454683;10.476;10.376;10.323
06/02/2003;10.566;10.587;10.589;10.360;252850000;-0,0025;0;-0,017508991;10.457;10.323;10.282
07/02/2003;10.381;10.567;10.692;10.355;196650000;-0,0175;0;0,009536654;10.500;10.332;10.266
10/02/2003;10.480;10.388;10.527;10.310;228420000;0,0095;1;0,002767176;10.376;10.300;10.251
11/02/2003;10.509;10.491;10.650;10.475;252400000;0,0028;1;9,51565E-05;10.233;10.258;10.237
12/02/2003;10.510;10.512;10.587;10.445;341510000;0,0001;1;-0,038249286;10.126;10.233;10.244
13/02/2003;10.108;10.509;10.509;10.091;294980000;-0,0382;0;-0,002671152;10.240;10.253;10.288
14/02/2003;10.081;10.103;10.163;9.968;190810000;-0,0027;0;0,010713223;10.297;10.269;10.305
17/02/2003;10.189;10.089;10.229;10.089;138640000;0,0107;1;0,02561586;10.306;10.242;10.315
18/02/2003;10.450;10.192;10.466;10.166;340070000;0,0256;1;-0,018947368;10.267;10.199;10.325
19/02/2003;10.252;10.434;10.434;10.206;212350000;-0,0189;0;-0,003413968;10.267;10.203;10.362
20/02/2003;10.217;10.259;10.268;10.118;217420000;-0,0034;0;0,011157874;10.259;10.216;10.405
21/02/2003;10.331;10.222;10.340;10.144;229600000;0,0112;1;-0,007453296;10.147;10.256;10.444
24/02/2003;10.254;10.334;10.454;10.251;287110000;-0,0075;0;-0,006046421;10.112;10.323;10.508
25/02/2003;10.192;10.231;10.231;10.022;380850000;-0,006;0;-0,019328885;10.142;10.340;10.566
26/02/2003;9.995;10.192;10.271;9.977;273280000;-0,0193;0;0,015507754;10.246;10.389;10.650
27/02/2003;10.150;10.006;10.151;9.998;225010000;0,0155;1;0,012906404;10.401;10.450;10.737
28/02/2003;10.281;10.153;10.281;10.152;194710000;0,0129;1;0,00243167;10.548;10.522;10.792
05/03/2003;10.306;10.263;10.318;10.104;113340000;0,0024;1;0,029982534;10.549;10.595;10.858
06/03/2003;10.615;10.311;10.626;10.311;326420000;0,03;1;0,010268488;10.458;10.632;10.901
07/03/2003;10.724;10.608;10.800;10.438;315640000;0,0103;1;-0,038698247;10.409;10.693;10.937
10/03/2003;10.309;10.695;10.695;10.294;259810000;-0,0387;0;0,003007081;10.567;10.793;11.015
11/03/2003;10.340;10.314;10.408;10.199;205870000;0,003;1;0,022920696;10.726;10.910;11.081
12/03/2003;10.577;10.343;10.579;10.290;198160000;0,0229;1;0,019476222;10.825;11.024;11.154
13/03/2003;10.783;10.606;10.840;10.591;397940000;0,0195;1;0,003153111;10.948;11.063;11.232
14/03/2003;10.817;10.792;10.924;10.755;293750000;0,0032;1;0,00536193;11.011;11.122;11.317
17/03/2003;10.875;10.783;10.940;10.609;322280000;0,0054;1;0,02537931;11.105;11.169;11.402
18/03/2003;11.151;10.891;11.192;10.891;369810000;0,0254;1;-0,013003318;11.181;11.181;11.472
19/03/2003;11.006;11.143;11.143;10.944;369600000;-0,013;0;0,013901508;11.196;11.237;11.527
20/03/2003;11.159;10.993;11.174;10.858;310490000;0,0139;1;0,019535801;11.221;11.253;11.570
21/03/2003;11.377;11.176;11.413;11.176;282850000;0,0195;1;-0,028478509;11.164;11.284;11.585
24/03/2003;11.053;11.362;11.362;11.024;217040000;-0,0285;0;0,016194698;11.224;11.401;11.633
25/03/2003;11.232;11.047;11.243;11.035;245910000;0,0162;1;-0,002314815;11.278;11.511;11.679
26/03/2003;11.206;11.248;11.296;11.186;277940000;-0,0023;0;0,002409424;11.301;11.634;11.743
27/03/2003;11.233;11.204;11.262;11.036;296130000;0,0024;1;0,014510816;11.421;11.763;11.801
28/03/2003;11.396;11.273;11.421;11.221;253540000;0,0145;1;-0,010705511;11.579;11.818;11.872
31/03/2003;11.274;11.387;11.387;11.215;213480000;-0,0107;0;0,028206493;11.823;11.887;11.956
01/04/2003;11.592;11.283;11.617;11.283;397560000;0,0282;1;0,024154589;11.981;11.887;12.014
02/04/2003;11.872;11.615;11.998;11.602;455940000;0,0242;1;0,011287062;12.069;11.865;12.031
03/04/2003;12.006;11.877;12.132;11.876;454390000;0,0113;1;0,004997501;11.994;11.846;12.040
04/04/2003;12.066;12.014;12.135;11.924;269610000;0,005;1;0,005801425;11.891;11.852;12.068
07/04/2003;12.136;12.154;12.436;12.120;377250000;0,0058;1;-0,029416612;11.710;11.839;12.107
08/04/2003;11.779;12.124;12.136;11.732;397040000;-0,0294;0;-0,001697937;11.690;11.927;12.163
09/04/2003;11.759;11.784;11.904;11.754;293930000;-0,0017;0;-0,014286929;11.728;12.026;12.238
10/04/2003;11.591;11.784;11.819;11.578;293580000;-0,0143;0;0,011043051;11.900;12.140;12.326
11/04/2003;11.719;11.614;11.753;11.608;243220000;0,011;1;0,013226385;12.008;12.198;12.392
14/04/2003;11.874;11.726;11.889;11.719;296980000;0,0132;1;0,019538487;12.181;12.234;12.470
15/04/2003;12.106;11.865;12.111;11.828;459310000;0,0195;1;-0,005204031;12.297;12.285;12.528
16/04/2003;12.043;12.120;12.245;12.012;428380000;-0,0052;0;0,029228598;12.414;12.375;12.612
17/04/2003;12.395;12.052;12.432;12.052;403360000;0,0292;1;0,004598628;12.322;12.398;12.678
22/04/2003;12.452;12.393;12.502;12.245;293450000;0,0046;1;-0,004657886;12.213;12.450;12.747
23/04/2003;12.394;12.455;12.455;12.315;296330000;-0,0047;0;-0,022107471;12.236;12.512;12.823
24/04/2003;12.120;12.370;12.383;12.100;347970000;-0,0221;0;0,00049505;12.422;12.587;12.895
25/04/2003;12.126;12.124;12.185;12.059;306650000;0,0005;1;0,027709055;12.566;12.706;12.974
28/04/2003;12.462;12.128;12.480;12.009;339880000;0,0277;1;0,017332691;12.682;12.771;12.994
29/04/2003;12.678;12.470;12.820;12.470;455750000;0,0173;1;-0,009544092;12.733;12.848;12.999
30/04/2003;12.557;12.713;12.746;12.557;428910000;-0,0095;0;0,020148125;12.762;12.957;13.033
02/05/2003;12.810;12.565;12.866;12.542;276020000;0,0201;1;0,001795472;12.811;13.044;13.054
05/05/2003;12.833;12.829;12.870;12.717;338630000;0,0018;1;-0,014727655;12.840;13.134;13.076
06/05/2003;12.644;12.829;12.846;12.608;318410000;-0,0147;0;0,024675736;13.030;13.203;13.091
07/05/2003;12.956;12.669;12.981;12.664;462570000;0,0247;1;-0,002701451;13.152;13.241;13.111
08/05/2003;12.921;12.969;13.028;12.864;368610000;-0,0027;0;0,022676263;13.318;13.216;13.138
09/05/2003;13.214;12.950;13.247;12.950;476920000;0,0227;1;0,008021795;13.400;13.149;13.152
12/05/2003;13.320;13.206;13.345;13.096;307230000;0,008;1;0,007582583;13.337;13.109;13.159
13/05/2003;13.421;13.322;13.565;13.316;490480000;0,0076;1;0,002831384;13.271;13.063;13.145
14/05/2003;13.459;13.428;13.483;13.336;301980000;0,0028;1;-0,02444461;13.034;13.018;13.137
15/05/2003;13.130;13.465;13.465;13.092;386510000;-0,0244;0;0,007235339;12.905;12.978;13.179
16/05/2003;13.225;13.143;13.225;12.877;356290000;0,0072;1;-0,036219282;12.842;12.981;13.219
19/05/2003;12.746;13.179;13.182;12.732;318860000;-0,0362;0;-7,85E-05;12.960;13.059;13.303
20/05/2003;12.745;12.753;12.753;12.576;312850000;-0,0001;0;0,022675559;13.093;13.154;13.382
21/05/2003;13.034;12.749;13.077;12.711;265430000;0,0227;1;0,005140402;13.032;13.209;13.443
22/05/2003;13.101;13.031;13.173;12.971;294370000;0,0051;1;0,003205862;13.080;13.227;13.499
23/05/2003;13.143;13.101;13.246;13.029;286740000;0,0032;1;-0,022141064;13.131;13.257;13.559
26/05/2003;12.852;13.149;13.239;12.852;223680000;-0,0221;0;0,030656707;13.315;13.381;13.622
27/05/2003;13.246;12.861;13.321;12.859;288410000;0,0307;1;0,003623735;13.374;13.457;13.663
28/05/2003;13.294;13.257;13.427;13.257;312820000;0,0036;1;0,008349631;13.352;13.547;13.698
29/05/2003;13.405;13.303;13.507;13.301;378980000;0,0083;1;0,001268184;13.334;13.610;13.705
30/05/2003;13.422;13.413;13.541;13.312;319660000;0,0013;1;-0,014379377;13.432;13.677;13.685
02/06/2003;13.229;13.441;13.505;13.212;299970000;-0,0144;0;0,009146572;13.616;13.770;13.668
03/06/2003;13.350;13.231;13.350;13.106;304120000;0,0091;1;0,027565543;13.807;13.860;13.650
04/06/2003;13.718;13.386;13.760;13.374;465940000;0,0276;1;0,004519609;13.850;13.862;13.601
05/06/2003;13.780;13.690;13.908;13.588;361610000;0,0045;1;0,010377358;13.888;13.870;13.553
06/06/2003;13.923;13.794;14.071;13.794;319420000;0,0104;1;-0,005530417;13.872;13.849;13.489
09/06/2003;13.846;13.926;13.979;13.810;251150000;-0,0055;0;0,003466705;13.918;13.801;13.427
10/06/2003;13.894;13.869;14.072;13.808;358350000;0,0035;1;-0,00122355;13.865;13.692;13.384
11/06/2003;13.877;13.898;13.930;13.721;296070000;-0,0012;0;0,007638539;13.850;13.566;13.343
12/06/2003;13.983;13.901;14.007;13.738;301450000;0,0076;1;-0,017807337;13.781;13.441;13.282
13/06/2003;13.734;13.980;14.047;13.677;326210000;-0,0178;0;0,007208388;13.707;13.339;13.250
16/06/2003;13.833;13.737;13.963;13.697;270440000;0,0072;1;-0,00404829;13.473;13.236;13.219
17/06/2003;13.777;13.843;13.973;13.732;300580000;-0,004;0;-0,019380126;13.211;13.129;13.208
18/06/2003;13.510;13.790;13.890;13.372;527950000;-0,0194;0;-0,028053294;13.077;13.052;13.207
20/06/2003;13.131;13.514;13.514;13.105;270440000;-0,0281;0;-0,010661793;13.042;13.075;13.220
23/06/2003;12.991;13.132;13.273;12.895;268130000;-0,0107;0;0,009006235;13.082;13.121;13.263
24/06/2003;13.108;12.993;13.204;12.993;291850000;0,009;1;-0,006255722;13.054;13.124;13.299
25/06/2003;13.026;13.110;13.286;13.015;433650000;-0,0063;0;0,00660218;13.036;13.160;13.332
26/06/2003;13.112;13.030;13.237;13.030;326240000;0,0066;1;-0,006711409;13.096;13.201;13.369
27/06/2003;13.024;13.112;13.193;12.976;243800000;-0,0067;0;-0,003915848;13.191;13.286;13.424
30/06/2003;12.973;13.027;13.066;12.930;187870000;-0,0039;0;0,024512449;13.245;13.362;13.474
01/07/2003;13.291;12.967;13.291;12.893;281650000;0,0245;1;0,001429539;13.239;13.366;13.513
02/07/2003;13.310;13.292;13.376;13.240;189250000;0,0014;1;-0,01322314;13.270;13.406;13.548
03/07/2003;13.134;13.308;13.309;13.134;183260000;-0,0132;0;0,010659357;13.432;13.474;13.592
04/07/2003;13.274;13.135;13.292;13.067;151760000;0,0107;1;0,009642911;13.507;13.505;13.626
07/07/2003;13.402;13.274;13.444;13.273;277040000;0,0096;1;0,016191613;13.480;13.536;13.644
08/07/2003;13.619;13.401;13.619;13.339;218250000;0,0162;1;-0,008664366;13.470;13.561;13.644
10/07/2003;13.501;13.622;13.622;13.407;229200000;-0,0087;0;-0,013332346;13.508;13.586;13.642
11/07/2003;13.321;13.498;13.522;13.287;229610000;-0,0133;0;0,02004354;13.563;13.659;13.660
14/07/2003;13.588;13.322;13.635;13.322;196830000;0,02;1;0,001913453;13.574;13.690;13.627
15/07/2003;13.614;13.593;13.736;13.568;227200000;0,0019;1;-0,009328632;13.634;13.711;13.579
16/07/2003;13.487;13.612;13.633;13.435;174040000;-0,0093;0;0,010009639;13.697;13.748;13.548
17/07/2003;13.622;13.487;13.636;13.360;242620000;0,01;1;0,012626633;13.768;13.751;13.496
18/07/2003;13.794;13.622;13.809;13.622;249390000;0,0126;1;-0,008554444;13.770;13.727;13.463
21/07/2003;13.676;13.794;13.859;13.676;232950000;-0,0086;0;0,011626206;13.798;13.698;13.450
22/07/2003;13.835;13.676;13.867;13.671;224470000;0,0116;1;-0,002602096;13.770;13.660;13.431
23/07/2003;13.799;13.852;13.942;13.755;309000000;-0,0026;0;-0,002753823;13.718;13.565;13.416
24/07/2003;13.761;13.799;13.947;13.755;244370000;-0,0028;0;-0,000799361;13.672;13.447;13.411
25/07/2003;13.750;13.761;13.868;13.661;255050000;-0,0008;0;-0,007781818;13.580;13.349;13.415
28/07/2003;13.643;13.752;13.783;13.605;232430000;-0,0078;0;-0,001465953;13.557;13.241;13.433
29/07/2003;13.623;13.652;13.704;13.576;241490000;-0,0015;0;-0,01086398;13.392;13.199;13.470
30/07/2003;13.475;13.623;13.698;13.453;221340000;-0,0109;0;0,007198516;13.214;13.202;13.519
31/07/2003;13.572;13.475;13.615;13.475;253610000;0,0072;1;-0,03256705;13.043;13.201;13.583
01/08/2003;13.130;13.579;13.579;13.130;292060000;-0,0326;0;-0,014546839;12.962;13.268;13.693
04/08/2003;12.939;13.128;13.128;12.757;275360000;-0,0145;0;0,009274287;13.092;13.374;13.813
05/08/2003;13.059;12.940;13.112;12.940;288340000;0,0093;1;-0,013094418;13.239;13.482;13.914
06/08/2003;12.888;13.060;13.188;12.839;311430000;-0,0131;0;0,034140286;13.463;13.625;14.056
07/08/2003;13.328;12.892;13.350;12.892;273700000;0,0341;1;0,012905162;13.554;13.742;14.185
08/08/2003;13.500;13.333;13.513;13.333;267090000;0,0129;1;0,004444444;13.615;13.836;14.297
11/08/2003;13.560;13.500;13.582;13.442;157440000;0,0044;1;0,003097345;13.699;13.965;14.412
12/08/2003;13.602;13.558;13.766;13.553;214670000;0,0031;1;0,005881488;13.795;14.118;14.537
13/08/2003;13.682;13.597;13.858;13.542;468340000;0,0059;1;0,009501535;13.949;14.251;14.664
14/08/2003;13.812;13.683;13.849;13.529;217790000;0,0095;1;0,005647263;14.065;14.345;14.794
15/08/2003;13.890;13.810;13.952;13.744;207700000;0,0056;1;0,018430526;14.257;14.486;14.924
18/08/2003;14.146;13.900;14.147;13.900;314110000;0,0184;1;0,000848296;14.432;14.629;15.049
19/08/2003;14.158;14.147;14.236;14.091;340290000;0,0008;1;0,021825117;14.583;14.758;15.184
20/08/2003;14.467;14.158;14.506;14.058;442340000;0,0218;1;0,014031935;14.585;14.859;15.274
21/08/2003;14.670;14.470;14.687;14.398;454700000;0,014;1;-0,003885481;14.655;14.957;15.367
22/08/2003;14.613;14.670;14.764;14.588;322550000;-0,0039;0;-0,009580511;14.831;15.077;15.487
25/08/2003;14.473;14.613;14.714;14.426;256870000;-0,0096;0;0,027983141;15.029;15.243;15.626
26/08/2003;14.878;14.475;14.948;14.425;376740000;0,028;1;0,017811534;15.127;15.361;15.731
27/08/2003;15.143;14.876;15.143;14.876;357640000;0,0178;1;-0,005150895;15.197;15.469;15.811
28/08/2003;15.065;15.151;15.252;14.929;341340000;-0,0052;0;0,007235314;15.327;15.610;15.913
29/08/2003;15.174;15.065;15.197;14.857;308400000;0,0072;1;0,011730592;15.480;15.688;16.036
01/09/2003;15.352;15.174;15.374;15.075;196460000;0,0117;1;0,006644085;15.598;15.778;16.143
02/09/2003;15.454;15.352;15.475;15.321;309800000;0,0066;1;0,01164747;15.746;15.897;16.217
03/09/2003;15.634;15.455;15.690;15.455;450610000;0,0116;1;0,004541384;15.885;16.010;16.275
04/09/2003;15.705;15.635;15.884;15.564;374260000;0,0045;1;0,012416428;15.889;16.101;16.300
05/09/2003;15.900;15.707;15.951;15.610;353260000;0,0124;1;0,009433962;15.917;16.154;16.293
08/09/2003;16.050;15.904;16.239;15.895;473880000;0,0094;1;-0,020685358;15.998;16.217;16.276
09/09/2003;15.718;16.051;16.062;15.699;428000000;-0,0207;0;0,016859651;16.232;16.384;16.304
10/09/2003;15.983;15.716;15.997;15.492;438730000;0,0169;1;0,019333041;16.352;16.508;16.306
11/09/2003;16.292;15.985;16.454;15.985;472820000;0,0193;1;0,007917997;16.344;16.536;16.326
12/09/2003;16.421;16.283;16.508;16.058;416800000;0,0079;1;-0,004810913;16.368;16.539;16.360
15/09/2003;16.342;16.423;16.601;16.277;446070000;-0,0048;0;-0,004405825;16.550;16.499;16.414
16/09/2003;16.270;16.354;16.496;16.258;387270000;-0,0044;0;0,013644745;16.744;16.432;16.485
17/09/2003;16.492;16.280;16.492;16.225;353740000;0,0136;1;0,024072277;16.742;16.335;16.555
18/09/2003;16.889;16.492;16.911;16.424;495290000;0,0241;1;-0,002249985;16.594;16.224;16.620
19/09/2003;16.851;16.890;17.104;16.822;396650000;-0,0022;0;-0,021660436;16.329;16.104;16.682
22/09/2003;16.486;16.850;16.850;16.450;286680000;-0,0217;0;-0,002547616;16.103;16.117;16.767
23/09/2003;16.444;16.488;16.542;16.226;291780000;-0,0025;0;-0,023473607;15.892;16.181;16.882
24/09/2003;16.058;16.446;16.636;16.053;289880000;-0,0235;0;-0,015693112;15.909;16.328;17.034
25/09/2003;15.806;16.058;16.203;15.775;351800000;-0,0157;0;0,000316336;15.977;16.538;17.186
26/09/2003;15.811;15.807;16.113;15.773;283620000;0,0003;1;0,018847638;16.233;16.775;17.339
29/09/2003;16.109;15.810;16.115;15.768;210480000;0,0188;1;-0,006083556;16.495;17.017;17.460
30/09/2003;16.011;16.109;16.287;16.010;273740000;-0,0061;0;0,035475611;16.854;17.260;17.628
01/10/2003;16.579;16.010;16.609;16.010;366080000;0,0355;1;0,01899994;17.085;17.416;17.762
02/10/2003;16.894;16.582;17.070;16.582;547890000;0,019;1;0,011542559;17.277;17.583;17.857
03/10/2003;17.089;16.898;17.290;16.898;463160000;0,0115;1;0,01076716;17.516;17.739;17.900
06/10/2003;17.273;17.090;17.346;17.026;292970000;0,0108;1;0,011405083;17.661;17.834;17.939
07/10/2003;17.470;17.278;17.537;17.134;516180000;0,0114;1;0,01917573;17.730;17.904;17.959
08/10/2003;17.805;17.474;17.952;17.474;531000000;0,0192;1;-0,005447908;17.815;17.902;17.989
09/10/2003;17.708;17.805;18.060;17.553;521460000;-0,0054;0;-0,001807093;17.972;17.996;18.006
10/10/2003;17.676;17.699;17.834;17.496;284910000;-0,0018;0;0,02183752;18.061;18.107;18.036
13/10/2003;18.062;17.676;18.075;17.676;379980000;0,0218;1;0,006422323;18.025;18.131;18.030
14/10/2003;18.178;18.063;18.246;18.063;363330000;0,0064;1;-0,012982726;17.896;18.062;18.054
15/10/2003;17.942;18.176;18.313;17.819;616250000;-0,013;0;0,000724557;18.039;18.043;18.097
16/10/2003;17.955;17.944;18.075;17.834;280560000;0,0007;1;-0,009133946;18.203;18.014;18.122
17/10/2003;17.791;17.923;17.946;17.679;205450000;-0,0091;0;0,032544545;18.351;18.077;18.181
20/10/2003;18.370;17.791;18.399;17.770;361630000;0,0325;1;0,00430049;18.125;18.016;18.203
21/10/2003;18.449;18.370;18.660;18.370;378080000;0,0043;1;-0,011599545;17.913;17.965;18.211
22/10/2003;18.235;18.449;18.449;18.221;298190000;-0,0116;0;-0,029887579;17.751;17.929;18.224
23/10/2003;17.690;18.235;18.235;17.592;406040000;-0,0299;0;0,00700961;17.931;18.047;18.303
24/10/2003;17.814;17.687;17.835;17.340;232860000;0,007;1;-0,00359268;17.974;18.151;18.370
27/10/2003;17.750;17.820;17.964;17.664;249000000;-0,0036;0;0,026929577;18.089;18.231;18.458
28/10/2003;18.228;17.750;18.228;17.691;268470000;0,0269;1;-0,015525565;18.007;18.286;18.490
29/10/2003;17.945;18.228;18.454;17.945;329640000;-0,0155;0;0,008303149;18.198;18.389;18.552
30/10/2003;18.094;17.945;18.193;17.731;298650000;0,0083;1;-0,006189897;18.347;18.458;18.603
31/10/2003;17.982;18.095;18.218;17.912;266030000;-0,0062;0;0,029751974;18.455;18.519;18.690
03/11/2003;18.517;17.983;18.517;17.983;291390000;0,0298;1;0,001296106;18.487;18.558;18.742
04/11/2003;18.541;18.519;18.714;18.456;359170000;0,0013;1;-0,012620678;18.531;18.589;18.824
05/11/2003;18.307;18.545;18.563;18.267;345960000;-0,0126;0;0,016714918;18.619;18.686;18.931
06/11/2003;18.613;18.307;18.680;18.307;351070000;0,0167;1;0,003169828;18.551;18.694;19.009
07/11/2003;18.672;18.614;18.907;18.614;260120000;0,0032;1;-0,005355613;18.592;18.714;19.101
10/11/2003;18.572;18.672;18.725;18.435;252870000;-0,0054;0;-0,008776653;18.653;18.748;19.216
11/11/2003;18.409;18.572;18.572;18.261;373660000;-0,0088;0;0,020913684;18.845;18.860;19.367
12/11/2003;18.794;18.409;18.812;18.352;340780000;0,0209;1;-0,00207513;18.803;18.925;19.486
13/11/2003;18.755;18.795;19.115;18.677;440980000;-0,0021;0;0,012316716;18.823;19.059;19.613
14/11/2003;18.986;18.763;19.052;18.712;441960000;0,0123;1;-0,016696513;18.763;19.177;19.715
17/11/2003;18.669;18.985;18.985;18.648;389060000;-0,0167;0;0,007713322;18.940;19.323;19.873
18/11/2003;18.813;18.669;19.022;18.669;353840000;0,0077;1;-0,000318928;19.085;19.487;20.021
19/11/2003;18.807;18.819;18.857;18.610;255260000;-0,0003;0;0,020843303;19.379;19.684;20.196
20/11/2003;19.199;18.815;19.262;18.815;332020000;0,0208;1;0,002552216;19.583;19.873;20.323
21/11/2003;19.248;19.197;19.376;19.144;296390000;0,0026;1;0,023015378;19.732;20.046;20.469
24/11/2003;19.691;19.258;19.730;19.258;329510000;0,023;1;0,00604337;19.822;20.167;20.561
25/11/2003;19.810;19.694;19.820;19.615;257630000;0,006;1;-0,005805149;19.947;20.253;20.625
26/11/2003;19.695;19.810;20.002;19.667;240940000;-0,0058;0;0,013505966;20.222;20.423;20.701
27/11/2003;19.961;19.695;19.961;19.616;180730000;0,0135;1;0,011171785;20.388;20.555;20.790
28/11/2003;20.184;19.962;20.188;19.848;302210000;0,0112;1;0,016696393;20.506;20.709;20.883
01/12/2003;20.521;20.184;20.522;20.184;347780000;0,0167;1;-0,003070026;20.471;20.773;20.945
02/12/2003;20.458;20.523;20.630;20.354;304970000;-0,0031;0;0,004008212;20.611;20.893;21.029
03/12/2003;20.540;20.462;20.586;20.322;283210000;0,004;1;-0,006134372;20.728;20.955;21.111
04/12/2003;20.414;20.540;20.570;20.323;251500000;-0,0061;0;0,022827471;21.010;20.997;21.210
05/12/2003;20.880;20.418;20.922;20.418;317230000;0,0228;1;0,000431034;21.041;20.980;21.293
08/12/2003;20.889;20.882;20.937;20.673;244320000;0,0004;1;0,017760544;21.176;21.025;21.390
09/12/2003;21.260;20.889;21.363;20.889;413530000;0,0178;1;-0,01349953;21.081;21.057;21.474
10/12/2003;20.973;21.258;21.394;20.930;471910000;-0,0135;0;0,015400753;20.993;21.116;21.657
11/12/2003;21.296;20.971;21.459;20.971;420360000;0,0154;1;-0,01512021;20.815;21.164;21.820
12/12/2003;20.974;21.296;21.514;20.873;303350000;-0,0151;0;-0,012587012;20.890;21.266;21.987
15/12/2003;20.710;20.974;21.381;20.709;365540000;-0,0126;0;0,002414293;21.149;21.423;22.202
16/12/2003;20.760;20.710;20.842;20.544;246950000;0,0024;1;0,021146435;21.358;21.606;22.428
17/12/2003;21.199;20.763;21.318;20.763;436620000;0,0211;1;0,013679891;21.502;21.754;22.645
18/12/2003;21.489;21.199;21.502;21.195;267060000;0,0137;1;-0,00479315;21.568;21.891;22.820
19/12/2003;21.386;21.489;21.671;21.381;262170000;-0,0048;0;0,011409333;21.708;22.198;22.964
22/12/2003;21.630;21.386;21.630;21.344;199020000;0,0114;1;0,002681461;21.847;22.476;23.059
23/12/2003;21.688;21.631;21.914;21.631;259010000;0,0027;1;0,005486905;22.029;22.709;23.163
26/12/2003;21.807;21.688;21.829;21.688;989480000;0,0055;1;0,010913927;22.242;22.982;23.276
29/12/2003;22.045;21.815;22.046;21.815;199680000;0,0109;1;0,008664096;22.738;23.249;23.393
30/12/2003;22.236;22.051;22.310;22.051;282070000;0,0087;1;0,009399173;23.184;23.535;23.469
02/01/2004;22.445;22.233;22.450;22.208;136420000;0,0094;1;0,048429494;23.476;23.748;23.506
05/01/2004;23.532;22.445;23.532;22.445;496710000;0,0484;1;0,001869794;23.538;23.729;23.502
06/01/2004;23.576;23.532;23.976;23.180;472380000;0,0019;1;-0,0108585;23.651;23.642;23.557
07/01/2004;23.320;23.576;23.899;23.320;464080000;-0,0109;0;0,017024014;23.957;23.618;23.622
08/01/2004;23.717;23.334;23.718;23.122;436740000;0,017;1;0,00843277;24.031;23.571;23.632
09/01/2004;23.917;23.722;24.088;23.710;503350000;0,0084;1;0,013379604;23.859;23.537;23.522
12/01/2004;24.237;23.896;24.323;23.892;379910000;0,0134;1;-0,012253992;23.434;23.403;23.352
13/01/2004;23.940;24.237;24.518;23.867;497930000;-0,0123;0;-0,022598162;23.172;23.264;23.198
14/01/2004;23.399;23.947;24.010;22.878;464750000;-0,0226;0;-0,018676012;23.167;23.275;23.118
15/01/2004;22.962;23.400;23.400;22.962;449980000;-0,0187;0;0,008405191;23.406;23.473;23.027
16/01/2004;23.155;22.964;23.243;22.687;291150000;0,0084;1;0,00993306;23.455;23.626;22.880
19/01/2004;23.385;23.162;23.493;23.090;256150000;0,0099;1;0,012572162;23.317;23.693;22.779
20/01/2004;23.679;23.382;23.724;23.382;271200000;0,0126;1;-0,01592128;23.247;23.508;22.656
21/01/2004;23.302;23.680;23.680;23.213;319640000;-0,0159;0;-0,014290619;23.597;23.301;22.575
22/01/2004;22.969;23.299;23.299;22.682;347080000;-0,0143;0;0,021855544;24.016;23.132;22.591
23/01/2004;23.471;22.969;23.515;22.740;287870000;0,0219;1;0,037450471;24.143;22.962;22.562
26/01/2004;24.350;23.471;24.350;23.471;383190000;0,0375;1;-0,005092402;23.488;22.581;22.432
27/01/2004;24.226;24.355;24.473;23.908;526960000;-0,0051;0;-0,015437959;22.696;22.133;22.287
28/01/2004;23.852;24.226;24.460;23.787;343420000;-0,0154;0;-0,061462351;22.008;21.864;22.185
29/01/2004;22.386;23.849;23.859;22.300;516610000;-0,0615;0;-0,023898865;21.973;21.804;22.157
30/01/2004;21.851;22.384;22.615;21.649;430570000;-0,0239;0;-0,002928928;21.918;21.850;22.093
02/02/2004;21.787;21.842;21.867;21.336;327360000;-0,0029;0;0,022674072;21.686;22.051;22.061
03/02/2004;22.281;21.794;22.287;21.794;302440000;0,0227;1;-0,026749248;21.582;22.163;22.013
04/02/2004;21.685;22.289;22.718;21.555;464940000;-0,0267;0;-0,027346092;21.674;22.283;21.996
05/02/2004;21.092;21.685;21.909;21.077;414970000;-0,0273;0;0,041579746;22.034;22.440;22.044
06/02/2004;21.969;21.092;21.969;20.598;381230000;0,0416;1;-0,000318631;22.443;22.505;22.081
09/02/2004;21.962;21.970;22.493;21.853;373110000;-0,0003;0;0,009516437;22.810;22.511;22.116
10/02/2004;22.171;21.936;22.216;21.694;350830000;0,0095;1;0,046276668;22.930;22.337;22.143
11/02/2004;23.197;22.173;23.241;22.057;417590000;0,0463;1;-0,005776609;22.594;22.071;22.085
12/02/2004;23.063;23.197;23.374;22.929;309590000;-0,0058;0;-0,02311061;22.382;21.863;22.072
13/02/2004;22.530;23.067;23.230;22.188;367400000;-0,0231;0;-0,015135375;22.205;21.709;22.105
16/02/2004;22.189;22.505;22.507;21.901;163740000;-0,0151;0;0,010680968;21.792;21.647;22.139
17/02/2004;22.426;22.195;22.520;22.017;414030000;0,0107;1;-0,018995808;21.429;21.657;22.085
18/02/2004;22.000;22.430;22.668;21.899;525010000;-0,019;0;-0,047681818;21.299;21.720;21.997
19/02/2004;20.951;21.998;21.998;20.877;433850000;-0,0477;0;0,018423942;21.465;21.949;22.056
20/02/2004;21.337;20.949;21.342;20.092;433510000;0,0184;1;0,012747809;21.605;22.100;22.049
25/02/2004;21.609;21.341;21.732;21.341;127140000;0,0127;1;-0,007358045;21.901;22.280;22.049
26/02/2004;21.450;21.608;21.608;21.180;206810000;-0,0074;0;0,014219114;22.232;22.501;22.081
27/02/2004;21.755;21.455;21.755;21.448;275450000;0,0142;1;0,034199035;22.497;22.632;22.125
01/03/2004;22.499;21.761;22.528;21.761;340330000;0,0342;1;-0,002533446;22.462;22.514;22.108
02/03/2004;22.442;22.496;22.714;21.942;339790000;-0,0025;0;0,004812405;22.605;22.274;22.052
03/03/2004;22.550;22.442;22.801;22.191;305090000;0,0048;1;-0,006962306;22.753;22.163;21.956
04/03/2004;22.393;22.542;22.753;22.256;347160000;-0,007;0;0,02143527;22.847;21.998;21.856
05/03/2004;22.873;22.397;22.937;22.349;335060000;0,0214;1;0,00524636;22.446;21.818;21.722
08/03/2004;22.993;22.874;23.373;22.874;295070000;0,0052;1;-0,013873788;21.702;21.662;21.618
09/03/2004;22.674;22.993;23.094;22.503;235170000;-0,0139;0;-0,044279792;21.403;21.618;21.537
10/03/2004;21.670;22.674;22.674;21.670;326190000;-0,0443;0;-0,041855099;21.258;21.703;21.563
11/03/2004;20.763;21.673;21.750;20.756;399570000;-0,0419;0;0,048788711;21.541;21.831;21.662
12/03/2004;21.776;20.770;21.800;20.770;342720000;0,0488;1;-0,024889787;21.583;21.750;21.724
15/03/2004;21.234;21.776;21.836;21.162;304930000;-0,0249;0;0,017848733;21.961;21.714;21.847
16/03/2004;21.613;21.234;21.647;21.234;308940000;0,0178;1;0,013325313;22.177;21.626;21.956
17/03/2004;21.901;21.620;22.034;21.620;351370000;0,0133;1;0,021414547;22.098;21.575;22.040
18/03/2004;22.370;21.901;22.411;21.679;341660000;0,0214;1;-0,004872597;21.710;21.455;22.045
19/03/2004;22.261;22.370;22.470;22.217;292930000;-0,0049;0;-0,026863124;21.284;21.424;22.078
22/03/2004;21.663;22.248;22.248;21.569;158390000;-0,0269;0;-0,021142039;21.063;21.492;22.158
23/03/2004;21.205;21.663;21.832;21.205;370090000;-0,0211;0;-0,010374912;21.175;21.698;22.259
24/03/2004;20.985;21.202;21.317;20.834;359870000;-0,0104;0;0,000714796;21.357;21.979;22.354
25/03/2004;21.000;20.985;21.323;20.857;347640000;0,0007;1;0,025761905;21.705;22.286;22.406
26/03/2004;21.541;21.001;21.650;21.001;311330000;0,0258;1;-0,000464231;21.905;22.504;22.423
29/03/2004;21.531;21.544;21.817;21.435;258380000;-0,0005;0;0,023779667;22.277;22.635;22.430
30/03/2004;22.043;21.531;22.045;21.531;290920000;0,0238;1;0,004491222;22.579;22.732;22.361
31/03/2004;22.142;22.042;22.256;21.873;389680000;0,0045;1;0,022807334;22.914;22.823;22.289
01/04/2004;22.647;22.142;22.769;22.142;399160000;0,0228;1;0,0133351;23.056;22.819;22.214
02/04/2004;22.949;22.650;23.034;22.629;437230000;0,0133;1;0,008584252;22.887;22.728;22.098
05/04/2004;23.146;22.949;23.260;22.773;316280000;0,0086;1;-0,003197097;22.747;22.527;21.967
06/04/2004;23.072;23.146;23.179;22.859;272070000;-0,0032;0;-0,027262483;22.649;22.341;21.781
07/04/2004;22.443;23.061;23.061;22.443;253280000;-0,0273;0;0,012565165;22.708;22.225;21.597
08/04/2004;22.725;22.451;22.740;22.307;254450000;0,0126;1;0,002420242;22.571;21.989;21.375
12/04/2004;22.780;22.725;22.970;22.496;252920000;0,0024;1;-0,007023705;22.224;21.755;21.155
13/04/2004;22.620;22.777;22.995;22.555;236240000;-0,007;0;-0,013616269;21.940;21.608;20.967
14/04/2004;22.312;22.618;22.618;22.165;361930000;-0,0136;0;-0,025681248;21.712;21.467;20.804
15/04/2004;21.739;22.312;22.312;21.483;391690000;-0,0257;0;0,001380008;21.491;21.407;20.622
16/04/2004;21.769;21.727;21.938;21.592;250130000;0,0014;1;-0,006523037;21.282;21.222;20.397
19/04/2004;21.627;21.773;21.864;21.417;400150000;-0,0065;0;-0,025384935;21.270;20.970;20.110
20/04/2004;21.078;21.627;21.665;21.068;303930000;-0,0254;0;0,003036341;21.352;20.760;19.928
22/04/2004;21.142;21.078;21.182;20.732;331420000;0,003;1;0,021190048;21.410;20.555;19.727
23/04/2004;21.590;21.142;21.625;21.142;340500000;0,0212;1;-0,012320519;21.038;20.326;19.499
26/04/2004;21.324;21.588;21.778;21.286;209960000;-0,0123;0;-0,000328269;20.552;20.141;19.305
27/04/2004;21.317;21.324;21.715;21.254;269590000;-0,0003;0;-0,039545902;19.982;19.837;19.077
28/04/2004;20.474;21.317;21.374;20.474;441510000;-0,0395;0;-0,029745042;19.727;19.572;18.940
29/04/2004;19.865;20.481;20.756;19.676;376620000;-0,0297;0;-0,012987667;19.768;19.249;18.856
30/04/2004;19.607;19.871;20.172;19.508;410790000;-0,013;0;0,005202224;19.908;19.096;18.759
03/05/2004;19.709;19.622;19.777;19.086;307250000;0,0052;1;0,014155969;19.735;18.899;18.657
04/05/2004;19.988;19.709;20.195;19.709;295160000;0,0142;1;0,001901141;19.279;18.672;18.563
05/05/2004;20.026;20.013;20.342;19.835;213820000;0,0019;1;-0,041745731;18.471;18.470;18.479
06/05/2004;19.190;20.019;20.019;19.189;278400000;-0,0417;0;-0,02970297;18.254;18.317;18.471
07/05/2004;18.620;19.184;19.184;18.573;319450000;-0,0297;0;-0,054564984;18.156;18.308;18.550
10/05/2004;17.604;18.616;18.616;17.601;378540000;-0,0546;0;0,052999318;18.422;18.463;18.698
11/05/2004;18.537;17.607;18.583;17.607;542180000;0,053;1;-0,01138264;18.446;18.421;18.770
12/05/2004;18.326;18.543;18.745;17.885;336440000;-0,0114;0;0,004147113;18.378;18.415;18.857
13/05/2004;18.402;18.326;18.619;17.902;310060000;0,0041;1;0,011357461;18.430;18.453;18.951
14/05/2004;18.611;18.421;18.952;18.421;332080000;0,0114;1;-0,026274784;18.455;18.489;19.007
17/05/2004;18.122;18.609;18.609;17.973;258220000;-0,0263;0;0,023948792;18.495;18.624;19.128
18/05/2004;18.556;18.125;18.610;18.125;276890000;0,0239;1;0,007113602;18.404;18.792;19.263
19/05/2004;18.688;18.602;19.120;18.602;351010000;0,0071;1;-0,023972603;18.398;18.932;19.377
20/05/2004;18.240;18.688;18.688;18.229;302290000;-0,024;0;0,002467105;18.605;19.118;19.493
21/05/2004;18.285;18.239;18.387;18.041;227910000;0,0025;1;0,02100082;18.866;19.299;19.604
24/05/2004;18.669;18.288;18.670;18.288;391880000;0,021;1;0,010230864;19.221;19.448;19.663
25/05/2004;18.860;18.675;18.869;18.590;251910000;0,0102;1;0,011081654;19.490;19.525;19.747
26/05/2004;19.069;18.860;19.079;18.737;258490000;0,0111;1;0,034873355;19.649;19.633;19.847
27/05/2004;19.734;19.069;19.763;19.061;306620000;0,0349;1;-0,003395156;19.586;19.734;19.890
28/05/2004;19.667;19.734;19.991;19.580;274280000;-0,0034;0;-0,006203285;19.603;19.823;19.937
31/05/2004;19.545;19.672;19.769;19.421;914600000;-0,0062;0;5,1164E-05;19.554;19.868;19.991
01/06/2004;19.546;19.545;19.613;19.177;319750000;0,0001;1;0,008748593;19.645;19.909;20.037
02/06/2004;19.717;19.553;19.923;19.553;249790000;0,0087;1;-0,016077497;19.889;19.877;20.117
03/06/2004;19.400;19.723;19.776;19.332;189650000;-0,0161;0;0,021597938;20.183;19.969;20.211
04/06/2004;19.819;19.404;19.902;19.404;176910000;0,0216;1;0,031686765;20.199;20.061;20.277
07/06/2004;20.447;19.826;20.487;19.826;329800000;0,0317;1;-0,00797183;19.994;20.045;20.270
08/06/2004;20.284;20.447;20.529;20.159;231850000;-0,008;0;-0,020656675;19.729;20.052;20.307
09/06/2004;19.865;20.269;20.298;19.797;194760000;-0,0207;0;-0,001560534;19.790;20.113;20.399
11/06/2004;19.834;19.865;19.979;19.789;658880000;-0,0016;0;-0,017444792;19.998;20.165;20.507
14/06/2004;19.488;19.833;19.833;19.371;187830000;-0,0174;0;0,028684319;20.281;20.358;20.656
15/06/2004;20.047;19.496;20.047;19.496;252380000;0,0287;1;0,020601586;20.376;20.452;20.772
16/06/2004;20.460;20.050;20.514;20.006;519760000;0,0206;1;-0,006109482;20.320;20.493;20.824
17/06/2004;20.335;20.460;20.697;20.203;247650000;-0,0061;0;-9,84E-05;20.275;20.496;20.883
18/06/2004;20.333;20.330;20.455;20.076;130980000;-0,0001;0;-0,001967245;20.443;20.563;20.923
21/06/2004;20.293;20.336;20.654;20.274;243380000;-0,002;0;-0,004632139;20.581;20.685;21.011
22/06/2004;20.199;20.293;20.360;20.070;139480000;-0,0046;0;0,031536215;20.765;20.849;21.117
23/06/2004;20.836;20.199;20.836;20.199;293960000;0,0315;1;-0,006143214;20.603;20.954;21.177
24/06/2004;20.708;20.837;21.068;20.681;203370000;-0,0061;0;0,002028202;20.634;21.091;21.274
25/06/2004;20.750;20.708;20.940;20.669;128170000;0,002;1;-0,019228916;20.767;21.154;21.395
28/06/2004;20.351;20.750;20.892;20.351;181790000;-0,0192;0;0,022111936;21.100;21.271;21.520
29/06/2004;20.801;20.352;20.833;20.352;201580000;0,0221;1;0,016729965;21.355;21.283;21.631
30/06/2004;21.149;20.809;21.183;20.733;261080000;0,0167;1;0,009456712;21.529;21.338;21.679
01/07/2004;21.349;21.152;21.394;21.094;336960000;0,0095;1;0,010258092;21.475;21.385;21.706
02/07/2004;21.568;21.349;21.747;21.349;296500000;0,0103;1;0,004729228;21.343;21.400;21.707
05/07/2004;21.670;21.565;21.775;21.429;122150000;0,0047;1;-0,022242732;21.082;21.456;21.682
06/07/2004;21.188;21.669;21.669;21.124;211350000;-0,0222;0;-0,000802341;21.197;21.636;21.722
07/07/2004;21.171;21.190;21.364;21.118;197800000;-0,0008;0;-0,013414577;21.365;21.769;21.793
08/07/2004;20.887;21.167;21.167;20.821;196170000;-0,0134;0;0,030880452;21.627;21.980;21.889
12/07/2004;21.532;20.885;21.561;20.885;260490000;0,0309;1;0,006734163;21.805;22.019;21.946
13/07/2004;21.677;21.533;21.759;21.456;224310000;0,0067;1;-0,000184527;22.062;22.027;22.001
14/07/2004;21.673;21.676;22.090;21.373;342600000;-0,0002;0;0,018087021;22.205;22.015;22.051
15/07/2004;22.065;21.679;22.198;21.679;273790000;0,0181;1;0,017312486;22.303;21.908;22.059
16/07/2004;22.447;22.064;22.676;22.064;340820000;0,0173;1;-0,015369537;22.091;21.807;21.979
19/07/2004;22.102;22.445;22.518;22.045;195160000;-0,0154;0;0,011718397;21.967;21.816;21.947
20/07/2004;22.361;22.115;22.426;22.046;220710000;0,0117;1;-0,024641116;21.710;21.797;21.869
21/07/2004;21.810;22.362;22.516;21.776;287500000;-0,0246;0;-0,003668042;21.546;21.873;21.864
22/07/2004;21.730;21.821;21.938;21.490;247830000;-0,0037;0;-0,006396687;21.549;21.975;21.852
23/07/2004;21.591;21.729;22.100;21.559;318000000;-0,0064;0;-0,012644157;21.741;22.087;21.851
26/07/2004;21.318;21.635;21.930;21.056;227130000;-0,0126;0;0,019654752;22.044;22.210;21.857
27/07/2004;21.737;21.325;21.813;21.236;282560000;0,0197;1;0,019827943;22.244;22.152;21.858
28/07/2004;22.168;21.740;22.213;21.613;285650000;0,0198;1;0,002706604;22.338;22.078;21.851
29/07/2004;22.228;22.169;22.366;22.019;220540000;0,0027;1;0,004903725;22.386;21.940;21.890
30/07/2004;22.337;22.224;22.534;22.111;204810000;0,0049;1;0,004969333;22.333;21.854;21.933
02/08/2004;22.448;22.342;22.493;21.929;170380000;0,005;1;-0,003341055;21.960;21.729;21.986
03/08/2004;22.373;22.453;22.600;22.340;251700000;-0,0033;0;-0,008715863;21.720;21.614;22.020
04/08/2004;22.178;22.370;22.523;22.159;296920000;-0,0087;0;-0,03823609;21.415;21.503;22.070
05/08/2004;21.330;22.174;22.244;21.178;317620000;-0,0382;0;0,015142991;21.550;21.565;22.193
06/08/2004;21.653;21.341;21.702;21.194;198200000;0,0151;1;-0,018103727;21.523;21.623;22.260
09/08/2004;21.261;21.653;21.745;21.243;194720000;-0,0181;0;0,022388411;21.626;21.840;22.355
10/08/2004;21.737;21.261;21.737;21.261;212280000;0,0224;1;-0,007682753;21.514;22.011;22.436
11/08/2004;21.570;21.736;21.736;21.411;228800000;-0,0077;0;0;21.578;22.244;22.524
12/08/2004;21.570;21.574;21.723;21.484;216230000;0;0;-0,007834956;21.742;22.427;22.591
13/08/2004;21.401;21.570;21.706;21.307;176450000;-0,0078;0;0,016961824;22.201;22.637;22.683
16/08/2004;21.764;21.404;21.829;21.361;198250000;0,017;1;0,013600441;22.591;22.821;22.730
17/08/2004;22.060;21.767;22.159;21.767;208710000;0,0136;1;0,032592928;22.970;22.896;22.761
18/08/2004;22.779;22.059;22.779;21.898;464330000;0,0326;1;0,006848413;22.994;22.870;22.744
19/08/2004;22.935;22.779;23.285;22.772;273320000;0,0068;1;0,011379987;22.973;22.861;22.698
20/08/2004;23.196;22.935;23.381;22.919;330760000;0,0114;1;-0,014830143;22.927;22.804;22.610
23/08/2004;22.852;23.205;23.241;22.773;204400000;-0,0148;0;0,000787677;22.837;22.756;22.535
24/08/2004;22.870;22.863;23.111;22.743;275960000;0,0008;1;0,008220376;22.746;22.730;22.495
25/08/2004;23.058;22.870;23.166;22.745;348360000;0,0082;1;-0,020643594;22.683;22.638;22.444
26/08/2004;22.582;23.047;23.047;22.479;224010000;-0,0206;0;0,000664246;22.756;22.627;22.465
27/08/2004;22.597;22.583;22.801;22.504;172120000;0,0007;1;0,012036996;22.728;22.618;22.499
30/08/2004;22.869;22.600;22.869;22.316;179010000;0,012;1;-0,002886003;22.668;22.534;22.514
31/08/2004;22.803;22.886;23.071;22.685;267850000;-0,0029;0;-0,012717625;22.539;22.415;22.536
01/09/2004;22.513;22.803;22.971;22.363;221560000;-0,0127;0;0,007773287;22.535;22.315;22.553
02/09/2004;22.688;22.516;22.768;22.267;208560000;0,0078;1;-0,012032793;22.484;22.260;22.571
03/09/2004;22.415;22.688;22.769;22.378;160110000;-0,012;0;0,003881329;22.441;22.250;22.611
06/09/2004;22.502;22.416;22.537;22.416;344360000;0,0039;1;0,001422096;22.263;22.304;22.635
08/09/2004;22.534;22.508;22.977;22.508;261770000;0,0014;1;-0,011005592;22.021;22.381;22.684
09/09/2004;22.286;22.536;22.622;22.071;219080000;-0,011;0;-0,014269048;22.029;22.494;22.750
10/09/2004;21.968;22.276;22.299;21.846;301170000;-0,0143;0;-0,0072378;22.154;22.657;22.841
13/09/2004;21.809;21.970;22.226;21.739;207830000;-0,0072;0;0,022926315;22.510;22.791;22.982
14/09/2004;22.309;21.810;22.348;21.741;278640000;0,0229;1;0,001568874;22.765;22.882;23.113
15/09/2004;22.344;22.310;22.577;22.213;161210000;0,0016;1;0,023809524;23.009;22.971;23.246
16/09/2004;22.876;22.346;22.897;22.346;309400000;0,0238;1;0,008655359;23.086;22.965;23.329
17/09/2004;23.074;22.876;23.190;22.876;257550000;0,0087;1;0,000173355;22.978;22.988;23.402
20/09/2004;23.078;23.079;23.485;23.078;260560000;0,0002;1;0,001213277;22.933;23.006;23.463
21/09/2004;23.106;23.078;23.268;22.916;232210000;0,0012;1;-0,015450532;22.888;23.026;23.523
22/09/2004;22.749;23.106;23.207;22.697;187610000;-0,0155;0;0,008571805;22.917;23.173;23.562
23/09/2004;22.944;22.749;23.006;22.749;268950000;0,0086;1;0,001220363;23.012;23.345;23.563
24/09/2004;22.972;22.944;23.110;22.892;174890000;0,0012;1;-0,006007313;23.091;23.521;23.591
27/09/2004;22.834;22.981;22.981;22.733;194850000;-0,006;0;0,017386354;23.228;23.692;23.633
28/09/2004;23.231;22.834;23.275;22.593;259000000;0,0174;1;-0,000990056;23.410;23.817;23.608
29/09/2004;23.208;23.230;23.287;23.069;207210000;-0,001;0;0,001594278;23.724;23.919;23.584
30/09/2004;23.245;23.210;23.423;23.183;231340000;0,0016;1;0,022886642;24.044;24.021;23.571
01/10/2004;23.777;23.246;23.777;23.246;207450000;0,0229;1;0,015687429;24.127;23.951;23.497
04/10/2004;24.150;23.784;24.173;23.784;239090000;0,0157;1;0,002277433;24.112;23.781;23.386
05/10/2004;24.205;24.150;24.362;23.946;231590000;0,0023;1;-0,007353853;24.019;23.661;23.289
06/10/2004;24.027;24.205;24.205;23.899;219930000;-0,0074;0;0,003204728;23.995;23.573;23.228
07/10/2004;24.104;24.014;24.141;23.814;188440000;0,0032;1;-0,00734318;23.723;23.400;23.144
08/10/2004;23.927;24.120;24.346;23.914;287430000;-0,0073;0;0,001128432;23.401;23.250;23.082
11/10/2004;23.954;23.928;24.091;23.921;211720000;0,0011;1;-0,027761543;23.205;23.122;23.033
13/10/2004;23.289;23.953;24.066;23.068;373500000;-0,0278;0;-0,01416978;23.246;23.043;23.060
14/10/2004;22.959;23.287;23.287;22.865;163420000;-0,0142;0;0,017814365;23.224;22.992;23.125
15/10/2004;23.368;22.961;23.422;22.961;148920000;0,0178;1;0,001840123;23.059;22.918;23.138
18/10/2004;23.411;23.368;23.448;23.021;174220000;0,0018;1;-0,022126351;22.942;22.883;23.124
19/10/2004;22.893;23.411;23.621;22.887;237320000;-0,0221;0;-0,000873629;22.889;22.888;23.147
20/10/2004;22.873;22.893;22.929;22.565;212830000;-0,0009;0;0,008131859;22.799;22.914;23.188
21/10/2004;23.059;22.873;23.116;22.779;173270000;0,0081;1;-0,014050913;22.729;22.944;23.221
22/10/2004;22.735;23.061;23.326;22.692;248420000;-0,0141;0;-0,005806026;22.874;23.077;23.314
25/10/2004;22.603;22.735;22.735;22.390;190300000;-0,0058;0;0,010883511;22.983;23.259;23.398
26/10/2004;22.849;22.603;22.849;22.557;174980000;0,0109;1;0,01409252;23.050;23.358;23.492
27/10/2004;23.171;22.861;23.228;22.783;199190000;0,0141;1;-0,010487247;23.084;23.364;23.561
28/10/2004;22.928;23.171;23.171;22.826;126480000;-0,0105;0;0,005408234;23.328;23.405;23.640
29/10/2004;23.052;22.945;23.089;22.877;151630000;0,0054;1;0,009587021;23.604;23.463;23.740
01/11/2004;23.273;23.050;23.309;22.941;857030000;0,0096;1;0,016628711;23.694;23.498;23.816
03/11/2004;23.660;23.275;23.770;23.275;226710000;0,0166;1;0,009298394;23.545;23.552;23.867
04/11/2004;23.880;23.660;23.963;23.629;178030000;0,0093;1;-0,014154104;23.323;23.536;23.937
05/11/2004;23.542;23.864;24.000;23.499;205590000;-0,0142;0;-0,014017501;23.294;23.626;24.041
08/11/2004;23.212;23.542;23.542;23.072;141140000;-0,014;0;0,000172325;23.397;23.759;24.159
09/11/2004;23.216;23.213;23.305;23.022;280950000;0,0002;1;0,010294624;23.670;23.876;24.295
10/11/2004;23.455;23.223;23.479;23.223;148840000;0,0103;1;0,002813899;23.776;24.017;24.422
11/11/2004;23.521;23.457;23.521;23.192;168620000;0,0028;1;0,021852812;23.992;24.134;24.542
12/11/2004;24.035;23.524;24.035;23.524;288470000;0,0219;1;-0,010942376;24.028;24.182;24.645
16/11/2004;23.772;24.035;24.035;23.698;157350000;-0,0109;0;0,016742386;24.116;24.338;24.777
17/11/2004;24.170;23.772;24.289;23.772;255050000;0,0167;1;-0,001117087;24.207;24.456;24.836
18/11/2004;24.143;24.167;24.325;23.845;283770000;-0,0011;0;-0,004514766;24.273;24.558;24.895
19/11/2004;24.034;24.147;24.361;23.848;271440000;-0,0045;0;0,017100774;24.384;24.714;24.930
22/11/2004;24.445;24.034;24.508;23.839;183530000;0,0171;1;-0,004295357;24.525;24.827;24.965
23/11/2004;24.340;24.446;24.684;24.290;188950000;-0,0043;0;0,00115037;24.744;24.950;25.028
24/11/2004;24.368;24.339;24.641;24.339;167450000;0,0012;1;0,020477676;24.907;25.107;25.113
25/11/2004;24.867;24.372;24.872;24.372;111200000;0,0205;1;0,005268026;24.994;25.217;25.164
26/11/2004;24.998;24.867;25.072;24.756;875130000;0,0053;1;-0,005720458;25.073;25.215;25.224
29/11/2004;24.855;25.000;25.084;24.653;150260000;-0,0057;0;0,010983705;25.188;25.231;25.281
30/11/2004;25.128;24.855;25.160;24.736;149820000;0,011;1;0,004258198;25.301;25.145;25.310
01/12/2004;25.235;25.129;25.381;25.118;141350000;0,0043;1;-0,001386963;25.433;25.102;25.357
02/12/2004;25.200;25.235;25.360;25.057;118980000;-0,0014;0;0,010634921;25.363;25.106;25.394
03/12/2004;25.468;25.218;25.604;25.218;162910000;0,0106;1;0,006439453;25.196;25.119;25.424
06/12/2004;25.632;25.474;25.709;25.430;170880000;0,0064;1;-0,02508583;24.828;25.111;25.445
07/12/2004;24.989;25.632;25.667;24.945;319910000;-0,0251;0;-0,00084037;24.809;25.232;25.526
08/12/2004;24.968;24.988;25.041;24.615;308290000;-0,0008;0;-0,017702659;24.895;25.330;25.611
09/12/2004;24.526;24.970;25.053;24.452;168670000;-0,0177;0;0,016594634;25.240;25.475;25.730
10/12/2004;24.933;24.530;24.954;24.494;116490000;0,0166;1;0,011711387;25.455;25.612;25.787
13/12/2004;25.225;24.933;25.260;24.867;121150000;0,0117;1;0,013399405;25.657;25.683;25.760
14/12/2004;25.563;25.226;25.568;25.226;266000000;0,0134;1;0,000508548;25.689;25.728;25.698
15/12/2004;25.576;25.568;25.919;25.363;562470000;0,0005;1;0,009970285;25.676;25.779;25.611
16/12/2004;25.831;25.561;25.877;25.543;353880000;0,01;1;-0,006658666;25.695;25.820;25.534
17/12/2004;25.659;25.835;25.835;25.474;168820000;-0,0067;0;-0,004754667;25.717;25.892;25.436
20/12/2004;25.537;25.661;25.772;25.456;124930000;-0,0048;0;0,01382308;25.830;25.986;25.353
21/12/2004;25.890;25.537;25.898;25.465;818760000;0,0138;1;-0,006450367;25.846;25.962;25.254
22/12/2004;25.723;25.892;26.075;25.712;994960000;-0,0065;0;0,006025736;25.977;25.837;25.189
23/12/2004;25.878;25.719;25.971;25.618;101260000;0,006;1;0,002279929;26.072;25.668;25.121
27/12/2004;25.937;25.862;26.084;25.862;760810000;0,0023;1;0,006939893;26.158;25.443;25.019
28/12/2004;26.117;25.937;26.145;25.919;867490000;0,0069;1;0,001684726;26.026;25.248;24.874
29/12/2004;26.161;26.117;26.245;26.091;123400000;0,0017;1;0,001337869;25.589;24.981;24.739
30/12/2004;26.196;26.171;26.270;26.108;138640000;0,0013;1;-0,018094366;25.087;24.720;24.555
03/01/2005;25.722;26.193;26.492;25.671;115640000;-0,0181;0;-0,033978695;24.636;24.547;24.419
04/01/2005;24.848;25.722;25.873;24.791;146140000;-0,034;0;-0,006278171;24.602;24.541;24.372
05/01/2005;24.692;24.859;25.001;24.523;127420000;-0,0063;0;-0,013162158;24.469;24.574;24.361
06/01/2005;24.367;24.695;24.808;24.250;151170000;-0,0132;0;0,015594862;24.470;24.595;24.336
07/01/2005;24.747;24.376;24.874;24.376;104960000;0,0156;1;-0,018386067;24.391;24.501;24.281
10/01/2005;24.292;24.747;24.825;24.086;126230000;-0,0184;0;0,003210934;24.562;24.498;24.285
11/01/2005;24.370;24.295;24.457;24.127;111400000;0,0032;1;0,005744768;24.747;24.389;24.269
12/01/2005;24.510;24.370;24.560;23.983;107120000;0,0057;1;0,012076703;24.748;24.290;24.276
13/01/2005;24.806;24.523;24.919;24.523;91080000;0,0121;1;0,004756914;24.509;24.204;24.281
14/01/2005;24.924;24.802;24.966;24.481;117140000;0,0048;1;-0,016409886;24.292;24.147;24.339
17/01/2005;24.515;24.924;25.022;24.515;75060000;-0,0164;0;-0,017377116;23.990;24.078;24.467
18/01/2005;24.089;24.515;24.515;24.019;179420000;-0,0174;0;0,007555316;23.900;24.061;24.633
19/01/2005;24.271;24.091;24.465;24.091;113110000;0,0076;1;-0,027234148;23.875;24.072;24.805
20/01/2005;23.610;24.271;24.271;23.534;182060000;-0,0272;0;0,008809826;24.182;24.149;25.013
21/01/2005;23.818;23.618;24.006;23.609;97400000;0,0088;1;0,01595432;24.253;24.262;25.213
24/01/2005;24.198;23.819;24.302;23.813;64590000;0,016;1;0,013720142;24.176;24.358;25.369
26/01/2005;24.530;24.207;24.555;24.207;95260000;0,0137;1;-0,020383204;24.116;24.530;25.552
27/01/2005;24.030;24.529;24.529;23.869;133420000;-0,0204;0;-0,002580108;24.156;24.856;25.747
28/01/2005;23.968;24.006;24.056;23.595;125490000;-0,0026;0;0,01597964;24.368;25.206;25.953
31/01/2005;24.351;23.970;24.399;23.970;74030000;0,016;1;-0,008295347;24.543;25.537;26.123
01/02/2005;24.149;24.392;24.506;24.073;133940000;-0,0083;0;0,018882769;25.070;25.878;26.341
02/02/2005;24.605;24.150;24.624;24.139;110710000;0,0189;1;0,010932737;25.640;26.164;26.615
03/02/2005;24.874;24.606;24.896;24.548;87130000;0,0109;1;0,034493849;26.154;26.380;26.868
04/02/2005;25.732;24.874;25.736;24.818;140400000;0,0345;1;0,022617752;26.467;26.574;27.040
09/02/2005;26.314;25.733;26.314;25.733;79780000;0,0226;1;0,003876264;26.540;26.637;27.142
10/02/2005;26.416;26.314;26.456;25.882;111850000;0,0039;1;0,00965324;26.604;26.700;27.269
11/02/2005;26.671;26.414;26.786;26.132;145810000;0,0097;1;-0,005211653;26.509;26.709;27.412
14/02/2005;26.532;26.660;26.753;26.321;105930000;-0,0052;0;0,002939846;26.695;26.805;27.602
15/02/2005;26.610;26.532;26.660;26.212;115630000;0,0029;1;-0,008493048;26.744;27.065;27.805
16/02/2005;26.384;26.611;26.683;26.312;302530000;-0,0085;0;0,026796543;26.900;27.357;27.994
17/02/2005;27.091;26.385;27.159;26.385;149000000;0,0268;1;-0,01236573;26.783;27.507;28.095
18/02/2005;26.756;27.086;27.184;26.707;96450000;-0,0124;0;0,003625355;26.930;27.646;28.225
21/02/2005;26.853;26.730;27.094;26.698;60650000;0,0036;1;-0,004208096;27.458;27.838;28.312
22/02/2005;26.740;26.856;27.329;26.620;182970000;-0,0042;0;0,017127898;28.020;28.114;28.409
23/02/2005;27.198;26.746;27.198;26.746;130550000;0,0171;1;0,045518053;28.333;28.399;28.437
24/02/2005;28.436;27.198;28.436;27.198;173350000;0,0455;1;-0,000386834;28.098;28.545;28.393
25/02/2005;28.425;28.429;28.778;28.178;117640000;-0,0004;0;-0,010061566;28.023;28.630;28.369
28/02/2005;28.139;28.423;28.555;27.799;71010000;-0,0101;0;-0,014534987;28.199;28.684;28.330
01/03/2005;27.730;28.135;28.137;27.643;102720000;-0,0145;0;0,016949153;28.688;28.803;28.307
02/03/2005;28.200;27.730;28.200;27.498;82650000;0,0169;1;0,016595745;29.107;28.785;28.194
03/03/2005;28.668;28.204;28.766;28.204;107090000;0,0166;1;0,01845263;29.224;28.704;28.021
04/03/2005;29.197;28.676;29.228;28.676;228270000;0,0185;1;0,008836524;28.997;28.474;27.843
07/03/2005;29.455;29.464;29.584;29.183;138840000;0,0088;1;-0,014734341;28.701;28.242;27.615
08/03/2005;29.021;29.452;29.452;28.883;152150000;-0,0147;0;-0,017470108;28.385;28.108;27.388
09/03/2005;28.514;29.018;29.058;28.381;134410000;-0,0175;0;0,001858736;28.247;27.976;27.242
10/03/2005;28.567;28.511;28.682;28.049;265020000;0,0019;1;-0,01722267;27.921;27.811;27.102
11/03/2005;28.075;28.567;28.932;28.008;180420000;-0,0172;0;0,000854853;27.838;27.603;27.009
14/03/2005;28.099;28.075;28.135;27.715;123750000;0,0009;1;-0,018185701;27.834;27.339;26.888
15/03/2005;27.588;28.107;28.300;27.455;118120000;-0,0182;0;0,008663187;27.835;27.212;26.777
16/03/2005;27.827;27.587;27.841;27.260;128150000;0,0087;1;0,009307507;27.697;26.988;26.625
17/03/2005;28.086;27.824;28.162;27.319;98460000;0,0093;1;-0,017553229;27.207;26.667;26.498
18/03/2005;27.593;28.088;28.174;27.498;132580000;-0,0176;0;-0,006595876;26.759;26.507;26.376
21/03/2005;27.411;27.587;27.633;27.214;89750000;-0,0066;0;-0,028929992;26.523;26.393;26.268
22/03/2005;26.618;27.419;27.844;26.480;138190000;-0,0289;0;-0,013900368;26.402;26.415;26.239
23/03/2005;26.248;26.613;26.792;26.130;117330000;-0,0139;0;0,017296556;26.267;26.438;26.226
24/03/2005;26.702;26.267;26.827;26.267;77790000;0,0173;1;-0,016665418;26.190;26.343;26.103
28/03/2005;26.257;26.705;26.705;26.224;85060000;-0,0167;0;-0,015805309;26.308;26.262;25.989
29/03/2005;25.842;26.259;26.620;25.761;99530000;-0,0158;0;0,024301525;26.618;26.329;25.920
30/03/2005;26.470;25.861;26.470;25.861;102330000;0,0243;1;0,005326785;26.597;26.245;25.855
31/03/2005;26.611;26.471;26.768;26.259;81350000;0,0053;1;0,006125287;26.406;26.144;25.745
01/04/2005;26.774;26.612;27.178;26.612;99390000;0,0061;1;-0,013707328;26.047;26.063;25.601
04/04/2005;26.407;26.770;26.770;26.204;95240000;-0,0137;0;-0,013973568;26.014;26.014;25.517
05/04/2005;26.038;26.407;26.724;25.965;112510000;-0,014;0;-0,013173055;25.963;25.863;25.465
06/04/2005;25.695;26.038;26.254;25.615;102710000;-0,0132;0;0,023856781;26.031;25.715;25.433
07/04/2005;26.308;25.695;26.308;25.656;142810000;0,0239;1;-0,016078759;25.997;25.511;25.299
08/04/2005;25.885;26.305;26.310;25.826;59630000;-0,0161;0;0,000579486;26.057;25.465;25.225
11/04/2005;25.900;25.884;25.943;25.695;55060000;0,0006;1;0,011814672;25.752;25.345;25.139
12/04/2005;26.206;25.900;26.324;25.611;147360000;0,0118;1;-0,005342288;25.235;25.140;25.033
13/04/2005;26.066;26.206;26.579;26.057;290560000;-0,0053;0;-0,041510013;24.839;25.021;24.991
14/04/2005;24.984;26.069;26.113;24.949;136640000;-0,0415;0;-0,013128402;25.033;25.066;25.023
15/04/2005;24.656;25.000;25.115;24.575;102180000;-0,0131;0;0,008963335;25.168;25.150;25.090
18/04/2005;24.877;24.656;24.964;24.420;78860000;0,009;1;0,027696266;25.132;25.088;25.132
19/04/2005;25.566;24.877;25.566;24.877;122090000;0,0277;1;-0,019713682;25.020;24.985;25.074
20/04/2005;25.062;25.566;25.692;24.954;99010000;-0,0197;0;-0,011770808;25.101;24.934;25.048
22/04/2005;24.767;25.062;25.428;24.691;92950000;-0,0118;0;0,018774983;25.260;24.926;25.002
25/04/2005;25.232;24.769;25.297;24.744;86270000;0,0188;1;0,002893152;24.996;24.961;24.906
26/04/2005;25.305;25.232;25.563;25.067;96440000;0,0029;1;-0,002489627;24.842;24.980;24.840
27/04/2005;25.242;25.295;25.295;24.886;151300000;-0,0025;0;-0,031772443;24.663;25.029;24.780
28/04/2005;24.440;25.238;25.238;24.423;225900000;-0,0318;0;0,016530278;24.755;25.176;24.813
29/04/2005;24.844;24.454;24.858;24.154;254070000;0,0165;1;-0,005594912;24.965;25.164;24.812
02/05/2005;24.705;24.847;24.904;24.468;141190000;-0,0056;0;0,000445254;25.209;25.163;24.799
03/05/2005;24.716;24.711;24.926;24.548;104690000;0,0004;1;0,030668393;25.500;25.078;24.763
04/05/2005;25.474;24.738;25.560;24.738;121030000;0,0307;1;-0,001491717;25.497;24.851;24.697
05/05/2005;25.436;25.478;25.697;25.225;145680000;-0,0015;0;0,006015097;25.272;24.700;24.628
06/05/2005;25.589;25.437;25.808;25.437;113830000;0,006;1;-0,004845832;24.976;24.532;24.605
09/05/2005;25.465;25.593;25.623;25.404;109880000;-0,0048;0;-0,027567249;24.526;24.451;24.602
10/05/2005;24.763;25.467;25.530;24.636;114020000;-0,0276;0;-0,002584501;24.234;24.460;24.633
11/05/2005;24.699;24.764;24.837;24.290;126730000;-0,0026;0;-0,023563707;24.127;24.435;24.723
12/05/2005;24.117;24.699;24.923;23.985;124490000;-0,0236;0;-0,009536841;24.226;24.449;24.903
13/05/2005;23.887;24.115;24.260;23.680;144510000;-0,0095;0;0,020555114;24.563;24.543;25.080
16/05/2005;24.378;23.883;24.381;23.765;98370000;0,0206;1;0,001435721;24.713;24.557;25.164
17/05/2005;24.413;24.362;24.513;24.024;73140000;0,0014;1;0,019866465;24.750;24.677;25.208
18/05/2005;24.898;24.410;24.967;24.410;111180000;0,0199;1;-0,002771307;24.522;24.753;25.194
19/05/2005;24.829;24.882;24.882;24.530;80970000;-0,0028;0;-0,012364574;24.427;24.807;25.169
20/05/2005;24.522;24.827;24.836;24.494;55830000;-0,0124;0;-0,01251937;24.413;25.010;25.200
23/05/2005;24.215;24.525;24.586;24.208;72220000;-0,0125;0;0,013627917;24.759;25.357;25.249
24/05/2005;24.545;24.215;24.583;24.012;131760000;0,0136;1;-0,00272968;25.052;25.617;25.335
25/05/2005;24.478;24.541;24.682;24.345;98210000;-0,0027;0;0,031742789;25.295;25.771;25.406
27/05/2005;25.255;24.480;25.270;24.480;110950000;0,0317;1;0,006691744;25.527;25.738;25.442
30/05/2005;25.424;25.248;25.616;25.215;50570000;0,0067;1;-0,008535242;25.932;25.635;25.489
31/05/2005;25.207;25.426;25.633;25.154;115390000;-0,0085;0;0,029436268;26.318;25.532;25.549
01/06/2005;25.949;25.209;25.992;25.209;155220000;0,0294;1;0,026629157;26.187;25.389;25.533
02/06/2005;26.640;25.950;26.755;25.930;199890000;0,0266;1;-0,010285285;25.649;25.141;25.464
03/06/2005;26.366;26.642;26.692;26.145;140710000;-0,0103;0;-0,030721384;25.095;25.052;25.354
06/06/2005;25.556;26.363;26.363;25.217;126940000;-0,0307;0;-0,02073877;24.737;25.041;25.308
07/06/2005;25.026;25.556;25.556;24.933;140640000;-0,0207;0;-0,012946536;24.712;25.145;25.322
08/06/2005;24.702;25.026;25.423;24.645;103160000;-0,0129;0;-0,008825196;24.779;25.344;25.362
09/06/2005;24.484;24.702;24.702;24.224;134460000;-0,0088;0;0,019073681;25.199;25.567;25.408
10/06/2005;24.951;24.484;25.049;24.484;71080000;0,0191;1;-0,001963849;25.376;25.677;25.415
13/06/2005;24.902;24.955;25.309;24.846;78260000;-0,002;0;0,033812545;25.659;25.788;25.445
14/06/2005;25.744;24.898;25.789;24.330;240230000;0,0338;1;-0,010215973;25.775;25.655;25.395
15/06/2005;25.481;25.744;25.744;24.916;172370000;-0,0102;0;0,01059613;25.963;25.575;25.337
16/06/2005;25.751;25.479;25.895;25.479;112950000;0,0106;1;0,013281038;25.954;25.500;25.249
17/06/2005;26.093;25.752;26.267;25.752;151340000;0,0133;1;-0,001801249;25.815;25.381;25.132
20/06/2005;26.046;26.093;26.142;25.764;74120000;-0,0018;0;-0,01243953;25.405;25.249;25.016
21/06/2005;25.722;26.046;26.130;25.578;113730000;-0,0124;0;-0,001710598;25.137;25.154;24.965
22/06/2005;25.678;25.730;25.755;25.324;82460000;-0,0017;0;-0,033569593;24.986;25.101;24.955
23/06/2005;24.816;25.678;25.704;24.816;150380000;-0,0336;0;0,004069955;25.135;25.134;25.029
24/06/2005;24.917;24.811;25.011;24.725;57690000;0,0041;1;0,012401172;25.204;25.099;25.101
27/06/2005;25.226;24.917;25.306;24.640;60290000;0,0124;1;0,001387457;25.146;24.998;25.101
28/06/2005;25.261;25.226;25.454;25.098;71920000;0,0014;1;-0,005344206;25.163;24.882;25.105
29/06/2005;25.126;25.267;25.451;25.031;53120000;-0,0053;0;-0,002984956;25.136;24.782;25.115
30/06/2005;25.051;25.132;25.279;25.051;70920000;-0,003;0;0,010378827;25.010;24.777;25.162
01/07/2005;25.311;25.051;25.409;25.047;51030000;0,0104;1;-0,010509265;24.746;24.809;25.200
04/07/2005;25.045;25.314;25.314;24.899;28090000;-0,0105;0;-0,014773408;24.547;24.925;25.225
05/07/2005;24.675;25.042;25.059;24.526;154510000;-0,0148;0;-0,006403242;24.463;25.103;25.214
06/07/2005;24.517;24.677;24.677;24.267;135930000;-0,0064;0;-0,002732798;24.630;25.203;25.239
07/07/2005;24.450;24.513;24.603;24.192;103320000;-0,0027;0;-0,001104294;24.992;25.328;25.303
08/07/2005;24.423;24.452;24.657;24.287;142730000;-0,0011;0;0,024280391;25.469;25.449;25.420
11/07/2005;25.016;24.425;25.032;24.425;100420000;0,0243;1;0,020786697;25.771;25.547;25.494
12/07/2005;25.536;25.027;25.576;24.932;94910000;0,0208;1;0,012531328;25.666;25.591;25.548
13/07/2005;25.856;25.557;26.043;25.557;107280000;0,0125;1;0,002475248;25.488;25.525;25.615
14/07/2005;25.920;25.859;26.142;25.725;113350000;0,0025;1;-0,026929012;25.271;25.326;25.671
15/07/2005;25.222;25.916;25.916;25.222;72880000;-0,0269;0;0,003925145;25.432;25.276;25.761
18/07/2005;25.321;25.222;25.412;24.916;52170000;0,0039;1;-0,001974646;25.606;25.278;25.846
19/07/2005;25.271;25.312;25.312;24.960;119270000;-0,002;0;0,017173836;25.646;25.392;25.949
20/07/2005;25.705;25.268;25.795;24.970;130630000;0,0172;1;0,005329702;25.255;25.440;26.062
21/07/2005;25.842;25.706;25.964;25.505;109500000;0,0053;1;-0,01745221;24.930;25.505;26.153
22/07/2005;25.391;25.834;25.848;25.244;166890000;-0,0175;0;-0,033870269;24.912;25.705;26.242
25/07/2005;24.531;25.388;25.388;24.410;218220000;-0,0339;0;0,01373772;25.425;26.017;26.415
26/07/2005;24.868;24.506;24.899;24.328;158980000;0,0137;1;0,018899791;25.816;26.246;26.594
27/07/2005;25.338;24.882;25.362;24.774;150580000;0,0189;1;0,028810482;26.136;26.414;26.718
28/07/2005;26.068;25.340;26.125;25.340;144820000;0,0288;1;-0,000997391;26.376;26.506;26.815
29/07/2005;26.042;26.065;26.306;25.946;115050000;-0,001;0;0,009830274;26.600;26.684;26.876
01/08/2005;26.298;26.042;26.452;25.911;105830000;0,0098;1;0,018670621;26.658;26.801;26.901
02/08/2005;26.789;26.325;26.824;26.325;111580000;0,0187;1;-0,002799657;26.567;26.779;26.934
03/08/2005;26.714;26.789;27.317;26.638;120850000;-0,0028;0;-0,009133788;26.566;26.813;26.938
04/08/2005;26.470;26.714;26.960;26.440;75290000;-0,0091;0;0,001813374;26.840;26.942;26.956
05/08/2005;26.518;26.469;26.881;26.350;81670000;0,0018;1;0,007278075;27.040;27.023;27.019
08/08/2005;26.711;26.521;26.985;26.521;86050000;0,0073;1;0,021713901;27.014;27.123;27.046
09/08/2005;27.291;26.711;27.291;26.711;87220000;0,0217;1;-0,006375728;26.900;27.067;27.053
10/08/2005;27.117;27.291;27.606;26.935;143980000;-0,0064;0;-0,017848582;26.986;27.000;27.088
11/08/2005;26.633;27.099;27.512;26.494;148340000;-0,0178;0;0,011940074;27.135;27.090;27.189
12/08/2005;26.951;26.629;26.951;25.734;133060000;0,0119;1;0,015732255;27.290;27.064;27.261
15/08/2005;27.375;26.960;27.413;26.944;136160000;0,0157;1;-0,010776256;27.132;26.969;27.328
16/08/2005;27.080;27.376;27.696;26.967;127780000;-0,0108;0;0,012407681;26.987;27.015;27.431
17/08/2005;27.416;27.084;27.519;27.057;231510000;0,0124;1;-0,018821126;26.935;26.969;27.534
18/08/2005;26.900;27.395;27.419;26.806;105880000;-0,0188;0;-0,009516729;26.891;27.038;27.672
19/08/2005;26.644;26.909;27.183;26.129;188770000;-0,0095;0;0,023157184;26.914;27.175;27.862
22/08/2005;27.261;26.647;27.287;26.647;87560000;0,0232;1;-0,018047761;26.961;27.287;27.992
23/08/2005;26.769;27.261;27.264;26.648;66390000;-0,018;0;-0,002129329;27.070;27.458;28.143
24/08/2005;26.712;26.769;26.862;26.479;96060000;-0,0021;0;0,025831087;27.294;27.687;28.310
25/08/2005;27.402;26.712;27.403;26.712;105800000;0,0258;1;-0,011203562;27.361;27.847;28.450
26/08/2005;27.095;27.397;27.422;27.008;74290000;-0,0112;0;0,010703082;27.678;28.099;28.644
29/08/2005;27.385;27.113;27.432;26.981;61090000;0,0107;1;0,007997079;27.870;28.305;28.836
30/08/2005;27.604;27.385;27.619;27.339;69510000;0,008;1;0,015975946;28.109;28.548;29.012
31/08/2005;28.045;27.626;28.072;27.626;149620000;0,016;1;-0,002959529;28.268;28.697;29.211
01/09/2005;27.962;28.044;28.237;27.799;102020000;-0,003;0;0,012767327;28.565;28.827;29.405
02/09/2005;28.319;27.972;28.347;27.972;109500000;0,0128;1;0,007168332;28.735;28.932;29.618
05/09/2005;28.522;28.322;28.579;28.322;46130000;0,0072;1;0,011675198;28.997;29.052;29.805
06/09/2005;28.855;28.523;28.855;28.338;87360000;0,0117;1;-0,000935713;29.074;29.190;29.949
08/09/2005;28.828;28.855;28.956;28.709;58770000;-0,0009;0;0,016650479;29.089;29.368;30.127
09/09/2005;29.308;28.837;29.387;28.820;87450000;0,0167;1;-0,007574724;29.003;29.475;30.263
12/09/2005;29.086;29.308;29.331;28.991;61770000;-0,0076;0;-0,007323111;29.096;29.725;30.441
13/09/2005;28.873;29.084;29.194;28.814;94850000;-0,0073;0;0,006130295;29.411;29.983;30.654
14/09/2005;29.050;28.874;29.152;28.842;106960000;0,0061;1;0,010877797;29.753;30.304;30.814
15/09/2005;29.366;29.048;29.561;29.048;102840000;0,0109;1;0,015323844;29.984;30.557;30.871
16/09/2005;29.816;29.368;29.863;29.368;91360000;0,0153;1;0,00872015;30.324;30.709;30.829
19/09/2005;30.076;29.816;30.076;29.715;140100000;0,0087;1;-0,000565235;30.525;30.886;30.821
20/09/2005;30.059;30.076;30.370;29.889;179790000;-0,0006;0;0,025882431;30.936;31.050;30.837
21/09/2005;30.837;30.059;30.890;29.815;159290000;0,0259;1;-0,005156144;31.038;31.157;30.821
22/09/2005;30.678;30.839;30.931;30.422;113990000;-0,0052;0;0,020079536;31.103;31.325;30.764
23/09/2005;31.294;30.683;31.371;30.683;242240000;0,0201;1;-0,004889116;31.111;31.324;30.655
26/09/2005;31.141;31.301;31.565;30.957;133020000;-0,0049;0;-0,008541794;31.134;31.184;30.591
27/09/2005;30.875;31.146;31.219;30.593;126120000;-0,0085;0;0,014315789;31.370;30.949;30.462
28/09/2005;31.317;30.879;31.405;30.879;127070000;0,0143;1;-0,003448606;31.550;30.757;30.318
29/09/2005;31.209;31.318;31.524;30.839;122120000;-0,0034;0;0,012015765;31.575;30.624;30.113
30/09/2005;31.584;31.209;31.584;31.135;134160000;0,012;1;0,008611955;31.101;30.485;29.941
03/10/2005;31.856;31.582;31.985;31.542;139640000;0,0086;1;-0,017955801;30.225;30.203;29.797
04/10/2005;31.284;31.857;32.052;31.235;197570000;-0,018;0;-0,035801048;29.788;29.986;29.669
05/10/2005;30.164;31.272;31.272;30.118;122330000;-0,0358;0;-0,031063519;29.826;29.998;29.638
06/10/2005;29.227;30.165;30.241;28.893;167100000;-0,0311;0;0,025524344;30.288;29.975;29.631
07/10/2005;29.973;29.227;30.213;29.227;115580000;0,0255;1;0,010142462;30.257;29.878;29.584
10/10/2005;30.277;29.982;30.502;29.982;106640000;0,0101;1;0,011130561;30.088;29.602;29.579
11/10/2005;30.614;30.275;30.775;30.275;148290000;0,0111;1;-0,023975959;29.964;29.397;29.599
13/10/2005;29.880;30.561;30.561;29.337;166340000;-0,024;0;-0,003681392;29.693;29.390;29.686
14/10/2005;29.770;29.880;30.251;29.090;112510000;-0,0037;0;0,015854887;29.536;29.351;29.766
17/10/2005;30.242;29.777;30.377;29.777;115260000;0,0159;1;-0,038820184;28.903;29.278;29.817
18/10/2005;29.068;30.241;30.451;29.068;115750000;-0,0388;0;0,007878079;28.939;29.288;29.953
19/10/2005;29.297;29.072;29.558;28.596;131580000;0,0079;1;-0,032528928;29.118;29.291;30.050
20/10/2005;28.344;29.300;29.975;28.161;151790000;-0,0325;0;0,029353655;29.503;29.555;30.220
21/10/2005;29.176;28.346;29.176;28.346;126540000;0,0294;1;0,022587058;29.688;29.801;30.316
24/10/2005;29.835;29.176;29.835;29.120;101450000;0,0226;1;-0,011295458;29.454;29.982;30.343
25/10/2005;29.498;29.837;30.095;29.396;107330000;-0,0113;0;0,00786494;29.394;30.180;30.414
26/10/2005;29.730;29.492;29.971;29.244;127610000;0,0079;1;-0,020080727;29.548;30.355;30.510
27/10/2005;29.133;29.730;29.842;29.005;98540000;-0,0201;0;0,006350187;30.137;30.618;30.651
28/10/2005;29.318;29.133;29.567;29.133;96840000;0,0064;1;0,029879255;30.731;30.810;30.779
31/10/2005;30.194;29.333;30.252;29.333;103810000;0,0299;1;0,023382129;30.963;30.886;30.872
01/11/2005;30.900;30.194;30.981;30.194;133760000;0,0234;1;0,006472492;30.980;30.830;30.946
03/11/2005;31.100;30.898;31.487;30.898;118570000;0,0065;1;-0,00681672;30.937;30.705;31.006
04/11/2005;30.888;31.080;31.234;30.584;96990000;-0,0068;0;0,002072002;30.863;30.647;31.080
07/11/2005;30.952;30.888;31.363;30.728;102680000;0,0021;1;0,000613854;30.787;30.666;31.109
08/11/2005;30.971;30.951;31.078;30.587;75750000;0,0006;1;-0,009847922;30.634;30.685;31.158
09/11/2005;30.666;30.971;31.232;30.493;71380000;-0,0098;0;0,001923955;30.485;30.748;31.247
10/11/2005;30.725;30.665;30.726;30.218;135370000;0,0019;1;-0,006965012;30.404;30.857;31.382
11/11/2005;30.511;30.722;30.746;30.385;69370000;-0,007;0;-0,009570319;30.596;31.062;31.548
14/11/2005;30.219;30.510;30.510;29.948;35510000;-0,0096;0;0,008703134;30.890;31.308;31.725
16/11/2005;30.482;30.219;30.516;30.157;66160000;0,0087;1;0,019847779;31.100;31.514;31.921
17/11/2005;31.087;30.483;31.248;30.483;74030000;0,0198;1;0,000482517;31.234;31.552;32.040
18/11/2005;31.102;31.087;31.180;30.887;61750000;0,0005;1;0,000257218;31.514;31.631;32.139
21/11/2005;31.110;31.102;31.291;30.969;76590000;0,0003;1;0,012182578;31.792;31.746;32.268
22/11/2005;31.489;31.110;31.500;30.473;112840000;0,0122;1;0,014417733;31.936;31.907;32.374
23/11/2005;31.943;31.489;32.014;31.489;113460000;0,0144;1;6,26115E-05;31.741;32.034;32.480
24/11/2005;31.945;31.938;32.122;31.678;84730000;0,0001;1;-0,000782595;31.643;32.142;32.600
25/11/2005;31.920;31.947;32.059;31.840;55340000;-0,0008;0;-0,017606516;31.642;32.329;32.691
28/11/2005;31.358;31.920;32.350;31.337;89650000;-0,0176;0;0,009375598;32.062;32.528;32.829
29/11/2005;31.652;31.360;31.767;31.360;79480000;0,0094;1;0,008372299;32.455;32.647;32.926
30/11/2005;31.917;31.652;31.918;31.296;110290000;0,0084;1;0,021931886;32.717;32.790;33.008
01/12/2005;32.617;31.921;32.700;31.921;144700000;0,0219;1;0,006591655;32.919;32.841;33.072
02/12/2005;32.832;32.617;32.936;32.617;120770000;0,0066;1;-0,00399001;32.894;32.925;33.121
05/12/2005;32.701;32.835;32.910;32.547;110170000;-0,004;0;0,015962815;32.820;33.057;33.166
06/12/2005;33.223;32.712;33.332;32.712;141790000;0,016;1;-0,014026427;32.720;33.053;33.171
07/12/2005;32.757;33.225;33.271;32.649;125450000;-0,014;0;-0,008456208;32.791;33.130;33.215
08/12/2005;32.480;32.756;32.997;32.476;128830000;-0,0085;0;0,013608374;33.104;33.205;33.262
09/12/2005;32.922;32.483;32.971;32.483;88680000;0,0136;1;0,001488366;33.340;33.225;33.300
12/12/2005;32.971;32.925;33.299;32.868;97410000;0,0015;1;0,013618028;33.414;33.303;33.338
13/12/2005;33.420;32.971;33.432;32.835;174910000;0,0136;1;0,00625374;33.371;33.317;33.418
14/12/2005;33.629;33.420;33.837;33.369;155170000;0,0063;1;-0,012965;33.163;33.274;33.517
15/12/2005;33.193;33.625;33.799;33.103;96480000;-0,013;0;0,002982557;33.121;33.289;33.641
16/12/2005;33.292;33.193;33.579;33.193;93620000;0,003;1;-0,00862069;33.196;33.300;33.797
19/12/2005;33.005;33.284;33.496;32.908;115920000;-0,0086;0;0,001878503;33.366;33.319;33.964
20/12/2005;33.067;33.008;33.140;32.768;112520000;0,0019;1;0,013608734;33.454;33.375;34.105
21/12/2005;33.517;33.068;33.553;33.068;139100000;0,0136;1;-0,000119342;33.381;33.373;34.279
22/12/2005;33.513;33.521;33.652;33.463;74560000;-0,0001;0;-0,005430728;33.333;33.520;34.441
23/12/2005;33.331;33.509;33.575;33.280;49960000;-0,0054;0;-0,000990069;33.269;33.759;34.624
26/12/2005;33.298;33.331;33.435;33.140;22000000;-0,001;0;0,002192324;33.322;33.993;34.855
27/12/2005;33.371;33.297;33.631;33.239;74000000;0,0022;1;-0,00698211;33.367;34.294;35.052
28/12/2005;33.138;33.371;33.463;32.965;112690000;-0,007;0;0,009596234;33.835;34.608;35.242
29/12/2005;33.456;33.137;33.456;33.137;110340000;0,0096;1;0,00152439;34.350;34.835;35.485
02/01/2006;33.507;33.462;33.519;32.860;72320000;0,0015;1;0,030859223;34.826;35.185;35.713
03/01/2006;34.541;33.507;34.563;33.507;148380000;0,0309;1;0,013346458;35.138;35.361;35.862
04/01/2006;35.002;34.540;35.223;34.540;147130000;0,0133;1;-0,001885607;35.249;35.489;36.033
05/01/2006;34.936;35.006;35.088;34.681;142070000;-0,0019;0;0,015428212;35.287;35.718;36.253
06/01/2006;35.475;35.170;35.529;34.940;115090000;0,0154;1;-0,003890063;35.446;35.810;36.421
09/01/2006;35.337;35.475;35.601;35.108;108990000;-0,0039;0;-0,008150098;35.593;35.876;36.628
10/01/2006;35.049;35.338;35.338;34.686;136990000;-0,0082;0;0,02576393;35.876;36.135;36.867
11/01/2006;35.952;35.050;35.953;35.050;147850000;0,0258;1;-0,004811972;36.070;36.241;37.048
12/01/2006;35.779;35.953;36.286;35.641;113640000;-0,0048;0;0,003298024;36.183;36.363;37.156
13/01/2006;35.897;35.779;35.951;35.480;95440000;0,0033;1;0,017745215;36.153;36.578;37.254
16/01/2006;36.534;35.897;36.534;35.891;63800000;0,0177;1;-0,011359282;36.261;36.789;37.310
17/01/2006;36.119;36.534;36.534;35.817;157510000;-0,0114;0;-0,008693485;36.453;37.032;37.342
18/01/2006;35.805;36.115;36.115;35.380;94830000;-0,0087;0;0,0294093;36.728;37.380;37.391
19/01/2006;36.858;35.813;36.979;35.813;110280000;0,0294;1;-0,004422378;36.909;37.598;37.393
20/01/2006;36.695;36.857;36.938;36.432;124840000;-0,0044;0;-0,001716855;37.349;37.854;37.413
23/01/2006;36.632;36.687;36.771;36.213;104570000;-0,0017;0;0,020965276;37.745;37.950;37.376
24/01/2006;37.400;36.632;37.428;36.632;108830000;0,021;1;0,016417112;38.026;37.930;37.321
26/01/2006;38.014;37.402;38.031;37.402;168270000;0,0164;1;-0,005050771;38.149;37.831;37.266
27/01/2006;37.822;38.018;38.804;37.688;146820000;-0,0051;0;0,011104648;38.370;37.651;37.297
30/01/2006;38.242;37.824;38.276;37.501;103240000;0,0111;1;0,003687046;38.057;37.402;37.309
31/01/2006;38.383;38.243;38.456;37.630;137330000;0,0037;1;0,002657426;37.684;37.188;37.321
01/02/2006;38.485;38.382;38.500;37.886;263910000;0,0027;1;-0,030687281;37.296;36.972;37.298
02/02/2006;37.304;38.482;38.508;37.237;166780000;-0,0307;0;-0,001125885;37.048;36.802;37.365
03/02/2006;37.262;37.304;37.609;36.526;115440000;-0,0011;0;0,001583383;36.794;36.711;37.447
06/02/2006;37.321;37.262;37.776;37.229;130710000;0,0016;1;-0,020337076;36.648;36.700;37.539
07/02/2006;36.562;37.320;37.376;36.556;111070000;-0,0203;0;-0,0017231;36.785;36.942;37.726
08/02/2006;36.499;36.553;36.784;36.183;142040000;-0,0017;0;0,010493438;36.657;37.216;37.913
09/02/2006;36.882;36.501;37.177;36.501;199890000;0,0105;1;0,002521555;36.572;37.453;38.082
10/02/2006;36.975;36.886;37.813;36.633;246050000;0,0025;1;-0,023286004;36.660;37.623;38.180
13/02/2006;36.114;36.975;37.076;36.114;130280000;-0,0233;0;0,014205017;37.374;37.928;38.274
14/02/2006;36.627;36.117;36.734;35.891;157390000;0,0142;1;0,016708985;37.972;38.182;38.321
15/02/2006;37.239;36.629;37.447;36.422;168410000;0,0167;1;0,027310078;38.406;38.378;38.255
16/02/2006;38.256;37.245;38.268;37.245;176530000;0,0273;1;0,004339189;38.376;38.509;38.157
17/02/2006;38.422;38.256;38.642;38.256;111940000;0,0043;1;0,00304513;38.317;38.610;38.041
20/02/2006;38.539;38.418;38.678;38.032;73390000;0,003;1;-0,009678507;38.272;38.710;37.970
21/02/2006;38.166;38.541;38.978;38.166;114120000;-0,0097;0;0,002096106;38.420;38.737;37.975
22/02/2006;38.246;38.166;38.633;38.056;81860000;0,0021;1;0,004157297;38.731;38.619;37.969
23/02/2006;38.405;38.242;38.522;37.747;110070000;0,0042;1;0,005337847;38.971;38.460;37.943
24/02/2006;38.610;38.406;38.610;38.337;107630000;0,0053;1;0,014711215;39.181;38.132;37.914
01/03/2006;39.178;38.610;39.203;38.533;79530000;0,0147;1;-0,001327276;38.907;37.805;37.787
02/03/2006;39.126;39.182;39.367;38.989;86850000;-0,0013;0;0,002913664;38.339;37.472;37.696
03/03/2006;39.240;39.129;39.356;38.716;96080000;0,0029;1;-0,022579001;37.689;37.229;37.570
06/03/2006;38.354;39.241;39.395;38.348;125160000;-0,0226;0;-0,02427387;37.008;37.213;37.515
07/03/2006;37.423;38.350;38.350;37.130;150700000;-0,0243;0;-0,003580686;36.831;37.318;37.530
08/03/2006;37.289;37.421;37.421;36.446;139700000;-0,0036;0;-0,026200756;36.665;37.427;37.487
09/03/2006;36.312;37.289;37.739;36.084;112320000;-0,0262;0;0,015945142;37.075;37.697;37.571
10/03/2006;36.891;36.328;37.161;36.218;82280000;0,0159;1;-0,002656474;37.526;37.769;37.634
13/03/2006;36.793;36.891;37.259;36.513;98370000;-0,0027;0;0,020329954;37.981;37.921;37.717
14/03/2006;37.541;36.789;37.541;36.417;118400000;0,0203;1;0,018726193;38.150;37.911;37.801
15/03/2006;38.244;37.546;38.341;37.543;144000000;0,0187;1;-0,002274867;38.137;37.816;37.841
16/03/2006;38.157;38.245;38.578;37.962;145580000;-0,0023;0;-0,002830411;37.884;37.742;37.905
17/03/2006;38.049;38.159;38.268;37.769;100440000;-0,0028;0;0,004073694;37.818;37.547;37.993
20/03/2006;38.204;38.049;38.500;37.978;101770000;0,0041;1;-0,021097267;37.574;37.445;38.045
21/03/2006;37.398;38.204;38.204;37.351;134390000;-0,0211;0;0,012112947;37.634;37.499;38.122
22/03/2006;37.851;37.398;37.851;37.156;104880000;0,0121;1;-0,009960107;37.564;37.514;38.125
23/03/2006;37.474;37.850;38.128;37.207;199640000;-0,01;0;0,002748572;37.300;37.691;38.193
24/03/2006;37.577;37.473;37.775;37.301;86830000;0,0027;1;0,001703169;37.272;37.866;38.229
27/03/2006;37.641;37.577;37.893;37.153;122450000;0,0017;1;-0,025477538;37.317;38.068;38.288
28/03/2006;36.682;37.640;37.731;36.682;169630000;-0,0255;0;0,022081675;37.740;38.440;38.495
29/03/2006;37.492;36.684;37.492;36.684;157240000;0,0221;1;0,007601622;38.149;38.645;38.669
30/03/2006;37.777;37.493;38.089;37.469;114600000;0,0076;1;0,004632448;38.490;38.744;38.812
31/03/2006;37.952;37.783;38.016;37.619;118950000;0,0046;1;0,02015704;38.857;38.737;38.940
03/04/2006;38.717;37.952;38.851;37.952;95110000;0,0202;1;0,002195418;39.047;38.696;39.013
04/04/2006;38.802;38.718;39.086;38.606;127330000;0,0022;1;0,006468739;39.088;38.593;39.128
05/04/2006;39.053;38.803;39.054;38.475;158410000;0,0065;1;0,005940645;38.895;38.508;39.178
06/04/2006;39.285;39.053;39.310;38.700;140740000;0,0059;1;-0,009138348;38.434;38.549;39.255
07/04/2006;38.926;39.285;39.397;38.630;169990000;-0,0091;0;-0,011586086;38.268;38.694;39.404
10/04/2006;38.475;38.927;38.927;38.239;120480000;-0,0116;0;-0,014918778;38.137;38.880;39.579
11/04/2006;37.901;38.478;38.885;37.823;137330000;-0,0149;0;0,013878262;38.324;39.144;39.799
12/04/2006;38.427;37.901;38.448;37.816;177300000;0,0139;1;-0,008978062;38.705;39.331;40.012
13/04/2006;38.082;38.426;38.479;37.984;79020000;-0,009;0;0,009978468;39.324;39.664;40.258
17/04/2006;38.462;38.086;38.698;38.086;107050000;0,01;1;0,028859654;39.762;39.848;40.509
18/04/2006;39.572;38.466;39.584;38.466;134760000;0,0289;1;0,009248964;39.821;39.961;40.664
19/04/2006;39.938;39.581;40.026;39.492;85190000;0,0092;1;-0,004081326;39.755;40.115;40.729
20/04/2006;39.775;39.941;40.278;39.435;120670000;-0,0041;0;-0,000603394;39.966;40.279;40.761
24/04/2006;39.751;39.775;40.089;39.616;84980000;-0,0006;0;-0,000327036;39.966;40.454;40.726
25/04/2006;39.738;39.753;39.953;39.577;72650000;-0,0003;0;0,016910766;40.175;40.693;40.703
26/04/2006;40.410;39.739;40.422;39.739;104240000;0,0169;1;-0,016307845;40.377;40.851;40.552
27/04/2006;39.751;40.410;40.410;39.631;126510000;-0,0163;0;0,015395839;40.767;41.170;40.413
28/04/2006;40.363;39.752;40.425;39.752;174160000;0,0154;1;0,016202958;40.971;41.368;40.225
02/05/2006;41.017;40.365;41.017;40.277;121120000;0,0162;1;-0,002364873;41.104;41.344;39.902
03/05/2006;40.920;41.016;41.068;40.574;116270000;-0,0024;0;0,001368524;41.303;41.243;39.559
04/05/2006;40.976;40.926;41.258;40.894;133380000;0,0014;1;0,010762398;41.637;40.999;39.189
05/05/2006;41.417;40.976;41.449;40.976;141000000;0,0108;1;0,002366178;41.749;40.713;38.914
08/05/2006;41.515;41.417;41.693;41.095;106210000;0,0024;1;0,011176683;41.526;40.253;38.708
09/05/2006;41.979;41.505;42.016;41.446;349070000;0,0112;1;-0,005407466;40.937;39.657;38.434
10/05/2006;41.752;41.981;41.985;41.418;134100000;-0,0054;0;-0,021675608;40.110;39.082;38.052
11/05/2006;40.847;41.758;42.062;40.777;142970000;-0,0217;0;-0,015545817;39.633;38.461;37.744
12/05/2006;40.212;40.847;40.862;40.121;113590000;-0,0155;0;-0,023400975;38.993;37.875;37.568
15/05/2006;39.271;39.688;40.209;38.871;127760000;-0,0234;0;0,003692292;38.505;37.378;37.473
16/05/2006;39.416;39.271;39.953;38.923;113940000;0,0037;1;-0,028541709;37.944;37.114;37.282
17/05/2006;38.291;39.411;39.411;38.099;214450000;-0,0285;0;-0,012640046;37.346;37.163;37.158
18/05/2006;37.807;38.290;38.591;37.807;184470000;-0,0126;0;-0,001957309;36.780;37.211;36.977
19/05/2006;37.733;37.820;38.465;37.325;210340000;-0,002;0;-0,032756473;36.133;37.022;36.813
22/05/2006;36.497;37.732;37.732;35.664;233980000;-0,0328;0;-0,010603611;36.490;37.027;36.711
23/05/2006;36.110;36.498;37.567;36.099;211210000;-0,0106;0;-0,008806425;37.330;37.261;36.529
24/05/2006;35.792;36.104;36.341;34.911;191740000;-0,0088;0;0,049647966;38.115;37.568;36.318
25/05/2006;37.569;35.794;37.569;35.794;157320000;0,0496;1;0,028241369;37.729;37.450;35.988
26/05/2006;38.630;37.574;38.630;37.574;176940000;0,0282;1;-0,012555009;37.029;37.154;35.685
29/05/2006;38.145;38.634;38.734;38.055;32600000;-0,0126;0;-0,045405689;36.897;36.742;35.382
30/05/2006;36.413;38.149;38.149;36.413;143090000;-0,0454;0;0,003213138;37.407;36.603;35.183
31/05/2006;36.530;36.414;37.216;36.362;188730000;0,0032;1;0,033342458;37.477;36.395;35.042
01/06/2006;37.748;36.531;37.748;36.502;142620000;0,0333;1;0,005139345;37.080;35.796;34.797
02/06/2006;37.942;37.750;38.437;37.411;180040000;0,0051;1;-0,031679933;36.187;35.068;34.562
05/06/2006;36.740;37.939;37.976;36.670;90080000;-0,0317;0;-0,004953729;35.753;34.526;34.412
06/06/2006;36.558;36.740;36.740;35.673;161540000;-0,005;0;-0,035395809;35.259;34.217;34.256
07/06/2006;35.264;36.559;36.771;35.262;128220000;-0,0354;0;0,004934211;34.689;34.022;34.225
08/06/2006;35.438;35.262;35.608;34.360;208850000;0,0049;1;-0,010243242;33.826;33.764;34.300
09/06/2006;35.075;35.438;36.181;35.075;78630000;-0,0102;0;-0,043335709;33.115;33.688;34.411
12/06/2006;33.555;35.083;35.266;33.537;131200000;-0,0433;0;-0,021069885;33.396;33.797;34.683
13/06/2006;32.848;33.535;33.582;32.824;151010000;-0,0211;0;0,002831223;33.746;34.056;35.006
14/06/2006;32.941;32.848;33.474;32.057;253850000;0,0028;1;0,044260951;33.976;34.298;35.251
16/06/2006;34.399;32.942;34.543;32.942;103570000;0,0443;1;-0,014593447;34.025;34.294;35.404
19/06/2006;33.897;34.407;34.669;33.549;93060000;-0,0146;0;-0,007817801;34.165;34.428;35.561
20/06/2006;33.632;33.897;34.156;33.568;84380000;-0,0078;0;0,027206232;34.508;34.836;35.740
21/06/2006;34.547;33.632;34.601;33.216;103930000;0,0272;1;-0,006657597;34.536;35.134;35.884
22/06/2006;34.317;34.544;34.714;34.226;61810000;-0,0067;0;0,010024186;34.556;35.568;36.020
23/06/2006;34.661;34.314;34.864;33.880;74790000;0,01;1;-0,000865526;34.614;35.955;36.070
26/06/2006;34.631;34.663;34.875;34.584;87960000;-0,0009;0;-0,007363345;35.233;36.204;36.121
27/06/2006;34.376;34.631;35.015;34.368;65650000;-0,0074;0;0,013352339;35.984;36.513;36.156
28/06/2006;34.835;34.374;34.837;34.349;93090000;0,0134;1;0,047423568;36.825;36.694;36.177
29/06/2006;36.487;34.835;36.487;34.835;127970000;0,0474;1;0,003946611;37.118;36.644;36.198
30/06/2006;36.631;36.487;37.036;36.359;121980000;0,0039;1;0,019819279;37.034;36.633;36.142
03/07/2006;37.357;36.629;37.402;36.534;100360000;0,0198;1;0,000267687;36.759;36.472;36.011
04/07/2006;37.367;37.358;37.601;37.188;65930000;0,0003;1;-0,026467204;36.338;36.185;35.929
05/07/2006;36.378;37.366;37.366;36.304;160320000;-0,0265;0;0,004260817;36.259;36.038;35.951
06/07/2006;36.533;36.380;36.993;36.380;78520000;0,0043;1;-0,011797553;36.266;35.800;35.955
07/07/2006;36.102;36.541;36.796;35.850;85910000;-0,0118;0;0,001080273;36.308;35.661;36.011
10/07/2006;36.141;36.107;36.427;35.863;63700000;0,0011;1;0,011427465;36.046;35.753;36.100
11/07/2006;36.554;36.137;36.581;35.590;95570000;0,0114;1;-0,008863599;35.645;35.652;36.137
12/07/2006;36.230;36.555;36.747;36.189;79270000;-0,0089;0;-0,024178857;35.190;35.549;36.180
13/07/2006;35.354;36.221;36.221;35.344;65270000;-0,0242;0;-0,000113141;35.115;35.673;36.319
14/07/2006;35.350;35.353;35.651;35.001;57670000;-0,0001;0;-0,013691655;35.594;35.863;36.469
17/07/2006;34.866;35.344;35.469;34.814;67460000;-0,0137;0;0,007571846;35.921;36.110;36.682
18/07/2006;35.130;34.871;35.311;34.591;85040000;0,0076;1;0,047110732;36.047;36.361;36.865
19/07/2006;36.785;35.136;36.785;35.136;155670000;0,0471;1;-0,025499524;35.860;36.446;36.923
20/07/2006;35.847;36.786;37.043;35.847;83300000;-0,0255;0;-0,009401066;36.138;36.622;37.024
21/07/2006;35.510;35.847;36.144;35.307;80680000;-0,0094;0;0,020107012;36.500;36.812;37.156
24/07/2006;36.224;35.525;36.283;35.525;79440000;0,0201;1;0,012615945;36.721;36.964;37.207
25/07/2006;36.681;36.223;36.709;36.011;127240000;0,0126;1;-0,0023718;36.954;37.074;37.198
26/07/2006;36.594;36.681;36.951;36.475;73270000;-0,0024;0;0,008034104;37.115;37.253;37.248
27/07/2006;36.888;36.595;37.112;36.593;72160000;0,008;1;0,01336478;37.099;37.369;37.305
28/07/2006;37.381;36.886;37.522;36.841;126320000;0,0134;1;-0,008132474;37.068;37.400;37.317
31/07/2006;37.077;37.381;37.399;37.077;66820000;-0,0081;0;-0,006419074;37.193;37.426;37.351
01/08/2006;36.839;37.077;37.084;36.536;83480000;-0,0064;0;0,01218817;37.529;37.499;37.374
02/08/2006;37.288;36.843;37.481;36.834;102120000;0,0122;1;0,00437138;37.666;37.450;37.331
03/08/2006;37.451;37.288;37.688;36.893;77650000;0,0044;1;0,010600518;37.715;37.322;37.192
04/08/2006;37.848;37.462;38.172;37.462;73280000;0,0106;1;-0,003963221;37.518;37.243;37.046
07/08/2006;37.698;37.845;37.879;37.518;65290000;-0,004;0;-0,002599607;37.403;37.241;36.922
08/08/2006;37.600;37.699;38.081;37.532;101670000;-0,0026;0;-0,009175532;37.184;37.235;36.834
09/08/2006;37.255;37.602;38.086;37.180;112210000;-0,0092;0;0,002657361;36.952;37.277;36.766
10/08/2006;37.354;37.255;37.423;36.929;100390000;0,0027;1;-0,010976067;36.932;37.250;36.692
11/08/2006;36.944;37.354;37.502;36.886;74680000;-0,011;0;-0,010475314;37.177;37.212;36.641
14/08/2006;36.557;36.950;37.184;36.490;71850000;-0,0105;0;0,020215007;37.511;37.062;36.696
15/08/2006;37.296;36.559;37.417;36.559;114350000;0,0202;1;0,010242385;37.596;36.848;36.724
16/08/2006;37.678;37.296;37.697;37.210;242520000;0,0102;1;-0,003158342;37.424;36.602;36.702
17/08/2006;37.559;37.451;38.022;37.402;106440000;-0,0032;0;-0,000186373;37.130;36.433;36.642
18/08/2006;37.552;37.559;37.589;37.178;76320000;-0,0002;0;-0,010412228;36.450;36.255;36.571
21/08/2006;37.161;37.550;37.550;37.139;115890000;-0,0104;0;-0,012997497;35.996;36.134;36.471
22/08/2006;36.678;37.161;37.255;36.511;86330000;-0,013;0;-0,031790174;35.756;36.070;36.433
23/08/2006;35.512;36.675;36.690;35.512;145260000;-0,0318;0;0,008025456;36.043;36.330;36.508
24/08/2006;35.797;35.514;35.872;35.123;89260000;0,008;1;0,004497584;36.212;36.601;36.533
25/08/2006;35.958;35.795;36.128;35.586;89310000;0,0045;1;0,011596863;36.331;36.802;36.548
28/08/2006;36.375;35.958;36.389;35.649;78680000;0,0116;1;-0,00195189;36.283;36.850;36.556
29/08/2006;36.304;36.384;36.617;36.013;59390000;-0,002;0;0,000247907;36.625;36.886;36.526
30/08/2006;36.313;36.303;36.520;36.125;144240000;0,0002;1;-0,002230606;37.085;36.809;36.446
31/08/2006;36.232;36.313;36.606;36.013;152050000;-0,0022;0;0,030277103;37.463;36.797;36.346
01/09/2006;37.329;36.232;37.329;36.232;98950000;0,0303;1;0,009751132;37.257;36.685;36.166
04/09/2006;37.693;37.330;37.739;37.287;83710000;0,0098;1;-0,008622291;36.879;36.466;35.971
05/09/2006;37.368;37.693;37.693;37.271;104150000;-0,0086;0;-0,017608649;36.347;36.294;35.861
06/09/2006;36.710;37.368;37.368;36.710;99020000;-0,0176;0;-0,004140561;36.159;36.262;35.817
08/09/2006;36.558;36.705;36.725;36.495;80360000;-0,0041;0;-0,021500082;36.156;36.166;35.812
11/09/2006;35.772;36.561;36.561;35.666;158480000;-0,0215;0;0,010483059;36.284;36.084;35.861
12/09/2006;36.147;35.777;36.147;35.626;127770000;0,0105;1;0,01114892;36.291;35.896;35.926
13/09/2006;36.550;36.147;36.726;36.034;142780000;0,0111;1;-0,010834473;36.269;35.646;35.918
14/09/2006;36.154;36.548;36.680;36.087;91090000;-0,0108;0;0,000442551;36.180;35.477;36.032
15/09/2006;36.170;36.154;36.469;35.878;81900000;0,0004;1;0,00865358;35.855;35.427;36.161
18/09/2006;36.483;36.168;36.670;36.134;68700000;0,0087;1;-0,016363786;35.304;35.373;36.265
19/09/2006;35.886;36.477;36.487;35.555;115660000;-0,0164;0;-0,019199688;34.942;35.459;36.445
20/09/2006;35.197;35.889;36.069;34.928;153830000;-0,0192;0;-0,010427025;34.867;35.637;36.692
21/09/2006;34.830;35.199;35.332;34.624;198930000;-0,0104;0;-0,000890037;35.197;35.956;36.941
22/09/2006;34.799;34.829;34.897;34.397;131280000;-0,0009;0;0,005000144;35.633;36.190;37.231
25/09/2006;34.973;34.803;35.054;34.127;126960000;0,005;1;0,024190089;36.137;36.586;37.535
26/09/2006;35.819;34.972;35.827;34.972;121510000;0,0242;1;0,008012507;36.347;36.895;37.755
27/09/2006;36.106;35.817;36.114;35.611;152450000;0,008;1;0,010524567;36.664;37.157;37.939
28/09/2006;36.486;36.105;36.487;36.031;124880000;0,0105;1;-0,001014088;36.648;37.431;38.113
29/09/2006;36.449;36.486;36.570;36.261;128960000;-0,001;0;0,016708277;37.082;37.746;38.269
02/10/2006;37.058;36.450;37.317;36.450;149990000;0,0167;1;-0,016730531;37.388;37.927;38.424
03/10/2006;36.438;37.057;37.057;36.438;121790000;-0,0167;0;0,035978923;37.889;38.271;38.643
04/10/2006;37.749;36.441;37.780;36.441;201050000;0,036;1;0,006039895;38.108;38.483;38.773
05/10/2006;37.977;37.750;38.205;37.624;147090000;0,006;1;-0,000974274;38.334;38.614;38.892
06/10/2006;37.940;37.976;37.976;37.493;88620000;-0,001;0;0,012282551;38.461;38.721;38.991
09/10/2006;38.406;37.930;38.626;37.736;111500000;0,0123;1;0,006483362;38.609;38.794;39.026
10/10/2006;38.655;38.411;38.778;38.407;119440000;0,0065;1;-0,008614668;38.800;38.793;39.070
11/10/2006;38.322;38.652;38.652;38.091;87990000;-0,0086;0;0,013777987;38.992;38.922;39.184
13/10/2006;38.850;38.328;39.177;38.328;112580000;0,0138;1;0,00975547;38.938;39.015;39.298
16/10/2006;39.229;38.852;39.261;38.672;110700000;0,0098;1;-0,008437635;38.835;39.062;39.442
17/10/2006;38.898;39.226;39.226;38.672;88850000;-0,0084;0;-0,005450152;38.750;39.169;39.595
18/10/2006;38.686;38.898;39.446;38.557;208400000;-0,0055;0;0,0060487;38.930;39.261;39.784
19/10/2006;38.920;38.595;38.940;38.561;3890000;0,006;1;-0,007117163;39.123;39.258;39.920
20/10/2006;38.643;38.919;38.958;38.440;71730000;-0,0071;0;0,015112698;39.430;39.346;40.068
23/10/2006;39.227;38.643;39.227;38.273;101060000;0,0151;1;0,006934;39.569;39.447;40.167
24/10/2006;39.499;39.227;39.552;39.091;74330000;0,0069;1;0,001620294;39.512;39.581;40.295
25/10/2006;39.563;39.499;39.721;39.341;122630000;0,0016;1;0,002072644;39.291;39.821;40.409
26/10/2006;39.645;39.563;39.843;39.365;98570000;0,0021;1;-0,007995964;39.164;40.022;40.508
27/10/2006;39.328;39.640;39.746;39.293;115170000;-0,008;0;-0,010882832;39.364;40.308;40.668
30/10/2006;38.900;39.327;39.340;38.681;94530000;-0,0109;0;0,00933162;39.876;40.582;40.883
31/10/2006;39.263;38.900;39.263;38.880;166830000;0,0093;1;0,016988004;40.537;40.790;41.084
01/11/2006;39.930;39.279;40.104;39.279;151360000;0,017;1;0,012647132;40.910;40.886;41.214
03/11/2006;40.435;39.930;40.482;39.924;160850000;0,0126;1;0,020081612;41.210;41.009;41.248
06/11/2006;41.247;40.437;41.256;40.437;171530000;0,0201;1;-0,004824593;41.066;40.997;41.234
07/11/2006;41.048;41.247;41.402;40.863;129700000;-0,0048;0;0,006967453;40.956;40.994;41.300
08/11/2006;41.334;41.042;41.345;40.624;142110000;0,007;1;-0,012556249;40.714;41.028;41.342
09/11/2006;40.815;41.334;41.813;40.657;140120000;-0,0126;0;-0,002327576;40.872;41.184;41.379
10/11/2006;40.720;40.815;40.942;40.322;163280000;-0,0023;0;-0,002799607;41.020;41.377;41.517
13/11/2006;40.606;40.724;40.724;40.038;116860000;-0,0028;0;0,016869428;41.161;41.542;41.699
14/11/2006;41.291;40.607;41.342;40.607;141770000;0,0169;1;-0,003124167;41.254;41.488;41.828
16/11/2006;41.162;41.296;41.781;41.153;157410000;-0,0031;0;-0,003231136;41.504;41.471;41.953
17/11/2006;41.029;41.164;41.164;40.482;117270000;-0,0032;0;0,013185795;41.851;41.606;42.092
21/11/2006;41.570;41.029;41.570;40.986;118530000;0,0132;1;0,008251143;41.914;41.657;42.216
22/11/2006;41.913;41.579;41.951;41.308;109890000;0,0083;1;0,003745855;41.581;41.574;42.295
23/11/2006;42.070;41.913;42.308;41.913;91750000;0,0037;1;-0,007416211;41.239;41.657;42.381
24/11/2006;41.758;42.071;42.071;41.468;92540000;-0,0074;0;-0,020187748;41.309;41.857;42.524
27/11/2006;40.915;41.758;41.758;40.722;159520000;-0,0202;0;0,003128437;41.648;42.168;42.716
28/11/2006;41.043;40.915;41.083;40.428;955370000;0,0031;1;0,022586068;41.743;42.435;42.892
29/11/2006;41.970;41.041;41.988;41.041;146200000;0,0226;1;-0,000905409;41.971;42.579;43.007
30/11/2006;41.932;41.971;42.175;41.497;141200000;-0,0009;0;-0,014428122;42.379;42.774;43.120
01/12/2006;41.327;41.930;42.095;41.192;84180000;-0,0144;0;0,032109759;42.969;43.016;43.267
04/12/2006;42.654;41.329;42.660;41.282;86580000;0,0321;1;0,011792563;43.054;43.106;43.317
05/12/2006;43.157;42.652;43.261;42.636;97890000;0,0118;1;-0,001413444;42.994;43.191;43.349
06/12/2006;43.096;43.158;43.422;42.831;87840000;-0,0014;0;-0,00433915;43.061;43.263;43.451
07/12/2006;42.909;43.097;43.506;42.758;81580000;-0,0043;0;0,001608054;43.098;43.348;43.562
08/12/2006;42.978;42.910;43.303;42.818;66400000;0,0016;1;0,007422402;43.200;43.436;43.734
11/12/2006;43.297;42.968;43.432;42.968;99180000;0,0074;1;-0,006443864;43.353;43.465;43.816
12/12/2006;43.018;43.297;43.297;42.794;94210000;-0,0064;0;0,006206704;43.545;43.517;43.888
13/12/2006;43.285;43.026;43.394;42.783;194330000;0,0062;1;0,010858265;43.620;43.528;43.814
14/12/2006;43.755;43.291;43.797;43.291;155100000;0,0109;1;-0,00363387;43.565;43.506;43.747
15/12/2006;43.596;43.755;44.263;43.447;140260000;-0,0036;0;-0,001995596;43.534;43.639;43.634
18/12/2006;43.509;43.596;44.048;43.400;138330000;-0,002;0;0,001861684;43.492;43.777;43.550
19/12/2006;43.590;43.038;43.590;42.891;119390000;0,0019;1;-0,002018812;43.414;44.033;43.484
20/12/2006;43.502;43.592;43.946;43.379;111490000;-0,002;0;-0,002689532;43.448;44.167;43.455
21/12/2006;43.385;43.505;43.689;43.100;80740000;-0,0027;0;-0,000668434;43.828;44.258;43.422
22/12/2006;43.356;43.385;43.602;43.125;65730000;-0,0007;0;0,00569702;44.201;44.099;43.370
26/12/2006;43.603;43.356;43.611;43.356;47330000;0,0057;1;0,021168268;44.794;43.989;43.308
27/12/2006;44.526;43.602;44.526;43.602;101320000;0,0212;1;-0,001167857;44.767;43.629;43.162
28/12/2006;44.474;44.526;44.675;44.373;113110000;-0,0012;0;0,020438908;44.616;43.324;43.087
02/01/2007;45.383;44.476;45.388;44.476;75560000;0,0204;1;-0,020668532;43.570;42.936;42.956
03/01/2007;44.445;45.379;45.379;44.284;122370000;-0,0207;0;-0,00956238;43.032;42.743;42.937
04/01/2007;44.020;44.442;44.442;43.623;86580000;-0,0096;0;-0,040322581;42.361;42.586;42.985
05/01/2007;42.245;44.019;44.081;42.160;164060000;-0,0403;0;0,013847793;42.391;42.640;43.139
08/01/2007;42.830;42.249;42.926;42.144;114010000;0,0138;1;-0,019215503;42.338;42.627;43.192
09/01/2007;42.007;42.831;43.001;41.438;112990000;-0,0192;0;0,007832028;42.700;42.694;43.338
10/01/2007;42.336;42.001;42.336;41.266;110760000;0,0078;1;0,007889267;42.895;42.850;43.503
11/01/2007;42.670;42.336;43.128;41.940;84170000;0,0079;1;0,009960159;42.879;42.976;43.656
12/01/2007;43.095;42.669;43.188;42.526;96840000;0,01;1;-0,004084;42.759;43.131;43.792
15/01/2007;42.919;43.095;43.473;42.875;45030000;-0,0041;0;-0,006873413;42.612;43.383;43.961
16/01/2007;42.624;42.916;42.916;42.415;93090000;-0,0069;0;0,002604167;42.880;43.639;44.156
17/01/2007;42.735;42.626;42.930;42.252;73000000;0,0026;1;-0,006013806;43.153;43.758;44.288
18/01/2007;42.478;42.741;43.402;42.407;97200000;-0,006;0;0,022364518;43.719;43.982;44.461
19/01/2007;43.428;42.477;43.428;42.477;651000000;0,0224;1;0,002878327;44.139;44.155;44.522
22/01/2007;43.553;43.431;43.879;43.183;70800000;0,0029;1;0,014327371;44.425;44.336;44.549
23/01/2007;44.177;43.549;44.243;43.432;109920000;0,0143;1;0,011544469;44.224;44.453;44.622
24/01/2007;44.687;44.177;44.808;44.041;114650000;0,0115;1;-0,006153915;44.010;44.539;44.715
26/01/2007;44.412;44.687;44.687;43.870;102460000;-0,0062;0;-0,018891291;44.086;44.673;44.826
29/01/2007;43.573;44.414;44.435;43.555;95140000;-0,0189;0;0,010809446;44.500;44.818;44.988
30/01/2007;44.044;43.573;44.065;43.508;110700000;0,0108;1;0,013577332;44.818;44.939;45.117
31/01/2007;44.642;44.046;44.643;43.824;131510000;0,0136;1;0,003875274;45.033;44.888;45.220
01/02/2007;44.815;44.642;45.212;44.642;120500000;0,0039;1;0,004083454;45.212;44.762;45.337
02/02/2007;44.998;44.815;45.204;44.597;106510000;0,0041;1;0,006400284;45.075;44.791;45.410
05/02/2007;45.286;44.999;45.286;44.851;79480000;0,0064;1;0,001457404;44.944;44.892;45.476
06/02/2007;45.352;45.287;45.486;45.038;109400000;0,0015;1;-0,016846005;44.588;44.978;45.318
07/02/2007;44.588;45.352;45.425;44.488;114290000;-0,0168;0;0,006817978;44.370;45.158;45.269
08/02/2007;44.892;44.585;44.892;44.070;124660000;0,0068;1;-0,013543616;44.472;45.295;45.170
09/02/2007;44.284;44.894;45.050;44.180;133300000;-0,0135;0;-0,00788095;45.043;45.553;45.034
12/02/2007;43.935;44.286;44.464;43.850;94840000;-0,0079;0;0,028724252;45.716;45.913;44.837
13/02/2007;45.197;43.932;45.197;43.932;116710000;0,0287;1;0,017678164;45.933;46.030;44.695
14/02/2007;45.996;45.198;46.106;45.198;232270000;0,0177;1;-0,000891382;45.884;46.060;44.458
15/02/2007;45.955;45.996;46.178;45.734;140010000;-0,0009;0;-0,002306604;45.929;45.658;44.280
16/02/2007;45.849;45.955;45.966;45.614;107390000;-0,0023;0;0;46.130;45.379;44.157
20/02/2007;45.849;45.955;45.966;45.614;107390000;0;0;0,005256385;46.186;45.046;44.043
21/02/2007;46.090;45.849;46.095;45.558;73070000;0,0053;1;0,007854198;46.225;44.514;43.804
22/02/2007;46.452;46.097;46.752;46.097;121580000;0,0079;1;-0,009386033;45.123;43.761;43.578
23/02/2007;46.016;46.452;46.517;45.813;76530000;-0,0094;0;0,00415073;44.415;43.361;43.383
26/02/2007;46.207;46.021;46.450;45.885;94900000;0,0042;1;-0,066267016;43.518;42.855;43.134
27/02/2007;43.145;46.190;46.190;42.571;189350000;-0,0663;0;0,01731371;43.260;42.901;43.175
28/02/2007;43.892;43.150;43.923;43.122;176100000;0,0173;1;-0,008543698;42.355;42.936;43.208
01/03/2007;43.517;43.886;43.886;42.037;131230000;-0,0085;0;-0,026357515;42.256;43.040;43.359
02/03/2007;42.370;43.518;43.518;42.297;199570000;-0,0264;0;-0,028109511;42.355;43.094;43.577
05/03/2007;41.179;42.370;42.370;41.117;123680000;-0,0281;0;0,04951553;43.117;43.396;43.888
06/03/2007;43.218;41.192;43.218;41.192;119200000;0,0495;1;-0,012749317;43.422;43.404;44.061
07/03/2007;42.667;43.224;43.396;42.660;128350000;-0,0127;0;0,018726416;43.949;43.413;44.243
08/03/2007;43.466;42.672;43.726;42.672;85350000;0,0187;1;0,015345327;43.710;43.449;44.315
09/03/2007;44.133;43.466;44.173;43.466;129010000;0,0153;1;0,002628419;43.429;43.480;44.403
12/03/2007;44.249;44.133;44.406;43.845;116190000;0,0026;1;-0,033899071;43.105;43.677;44.514
13/03/2007;42.749;44.249;44.249;42.724;159220000;-0,0339;0;0,012608482;43.099;44.059;44.717
14/03/2007;43.288;42.749;43.290;42.051;160330000;0,0126;1;-0,000231011;43.240;44.380;44.932
15/03/2007;43.278;43.289;43.573;42.951;136950000;-0,0002;0;-0,012662323;43.598;44.718;45.166
16/03/2007;42.730;43.278;43.568;42.598;112350000;-0,0127;0;0,023004915;44.565;45.072;45.445
19/03/2007;43.713;42.734;43.714;42.734;142700000;0,023;1;0,014595201;45.135;45.182;45.670
20/03/2007;44.351;43.713;44.353;43.679;165680000;0,0146;1;0,02886068;45.529;45.326;45.871
21/03/2007;45.631;44.350;45.631;44.350;201400000;0,0289;1;-0,00453639;45.534;45.350;45.965
22/03/2007;45.424;45.631;45.950;45.272;139700000;-0,0045;0;0,002399613;45.462;45.375;46.102
23/03/2007;45.533;45.425;45.759;45.168;82310000;0,0024;1;0,002459754;45.112;45.483;46.273
26/03/2007;45.645;45.533;45.712;44.965;78420000;0,0025;1;-0,009595794;45.015;45.613;46.507
27/03/2007;45.207;45.646;45.646;45.143;95100000;-0,0096;0;-0,015993098;45.215;45.819;46.761
28/03/2007;44.484;45.204;45.204;44.315;132180000;-0,016;0;0,019580074;45.586;46.157;47.062
29/03/2007;45.355;44.493;45.570;44.493;134400000;0,0196;1;0,009921729;45.897;46.417;47.306
30/03/2007;45.805;45.355;45.805;45.138;124970000;0,0099;1;-0,004540989;46.146;46.579;47.563
02/04/2007;45.597;45.805;45.805;45.225;141630000;-0,0045;0;0,015154506;46.496;46.829;47.818
03/04/2007;46.288;45.601;46.481;45.601;208960000;0,0152;1;0,00574663;46.685;47.063;48.017
04/04/2007;46.554;46.290;46.692;46.113;121560000;0,0057;1;0,00199768;46.892;47.401;48.240
05/04/2007;46.647;46.555;46.767;46.418;113830000;0,002;1;0,004459022;46.989;47.702;48.412
09/04/2007;46.855;46.650;47.239;46.650;124570000;0,0045;1;0,006808238;47.153;47.967;48.582
10/04/2007;47.174;46.855;47.234;46.822;165430000;0,0068;1;-0,004981558;47.404;48.194;48.709
11/04/2007;46.939;47.173;47.573;46.680;169050000;-0,005;0;0,008692132;48.065;48.547;48.890
12/04/2007;47.347;46.941;47.389;46.506;117210000;0,0087;1;0,012228863;48.534;48.806;49.095
13/04/2007;47.926;47.347;47.968;47.267;122910000;0,0122;1;0,020761173;48.795;48.970;49.286
16/04/2007;48.921;47.925;49.022;47.925;155060000;0,0208;1;-0,003393226;48.742;49.078;49.383
17/04/2007;48.755;48.923;49.156;48.631;140110000;-0,0034;0;-0,000922982;48.960;49.122;49.492
18/04/2007;48.710;48.760;49.339;48.456;190930000;-0,0009;0;0,001067543;49.111;49.197;49.677
19/04/2007;48.762;48.705;48.837;47.917;168340000;0,0011;1;0,013248021;49.214;49.224;49.782
20/04/2007;49.408;48.763;49.459;48.763;155980000;0,0132;1;-0,004978951;49.303;49.234;49.889
23/04/2007;49.162;49.409;49.477;49.097;84800000;-0,005;0;-0,001851023;49.272;49.384;49.986
24/04/2007;49.071;49.162;49.259;48.602;85150000;-0,0019;0;0,012329074;49.325;49.603;50.089
25/04/2007;49.676;49.072;49.816;49.072;139460000;0,0123;1;-0,012239311;49.085;49.689;50.236
26/04/2007;49.068;49.678;49.856;49.060;130520000;-0,0122;0;0,003301541;49.219;49.862;50.419
27/04/2007;49.230;49.067;49.232;48.311;97450000;0,0033;1;-0,005565712;49.549;50.158;50.623
30/04/2007;48.956;49.222;49.482;48.744;155710000;-0,0056;0;0,010540077;50.096;50.340;50.870
02/05/2007;49.472;48.955;49.630;48.953;82440000;0,0105;1;0,015079237;50.366;50.545;51.066
03/05/2007;50.218;49.472;50.318;49.472;61500000;0,0151;1;0,007567008;50.386;50.587;51.180
04/05/2007;50.598;50.218;50.898;50.218;48750000;0,0076;1;-0,006245306;50.620;50.575;51.175
07/05/2007;50.282;50.591;50.618;50.154;30580000;-0,0062;0;-7,96E-05;50.604;50.783;51.270
08/05/2007;50.278;50.276;50.369;49.526;58600000;-0,0001;0;0,020326982;50.812;50.976;51.402
09/05/2007;51.300;50.277;51.369;50.149;129550000;0,0203;1;-0,020760234;50.549;51.088;51.431
10/05/2007;50.235;51.298;51.298;50.205;183380000;-0,0208;0;0,013277595;50.644;51.400;51.595
11/05/2007;50.902;50.235;51.083;50.235;146070000;0,0133;1;-0,007681427;50.922;51.587;51.693
14/05/2007;50.511;50.910;51.066;50.298;82390000;-0,0077;0;0,000138584;51.296;51.773;51.901
15/05/2007;50.518;50.511;51.042;50.370;88110000;0,0001;1;0,024149808;51.816;51.774;52.095
16/05/2007;51.738;50.518;51.738;50.518;154950000;0,0241;1;-0,002068112;52.044;51.757;52.197
17/05/2007;51.631;51.741;51.959;51.374;100340000;-0,0021;0;0,008657589;52.236;51.827;52.227
18/05/2007;52.078;51.633;52.088;51.499;103170000;0,0087;1;0,006624678;52.148;51.775;52.245
21/05/2007;52.423;52.078;52.691;52.078;128960000;0,0066;1;-0,004101253;51.517;51.790;52.270
22/05/2007;52.208;52.424;52.560;52.039;54600000;-0,0041;0;-0,007585044;51.320;51.799;52.241
23/05/2007;51.812;52.210;52.505;51.670;177390000;-0,0076;0;-0,024724002;51.423;52.029;52.325
24/05/2007;50.531;51.813;51.891;50.214;104110000;-0,0247;0;0,021511547;51.817;52.416;52.553
25/05/2007;51.618;50.541;51.633;50.541;93920000;0,0215;1;0,00972529;52.120;52.637;52.760
28/05/2007;52.120;51.616;52.209;51.616;58690000;0,0097;1;-0,007808903;52.170;52.627;52.946
29/05/2007;51.713;52.121;52.545;51.271;158100000;-0,0078;0;0,01576006;52.740;52.715;53.156
30/05/2007;52.528;51.706;52.595;50.607;140480000;0,0158;1;-0,004949741;52.978;52.750;53.263
31/05/2007;52.268;52.536;52.877;52.098;125170000;-0,0049;0;0,022097651;53.276;52.683;53.433
01/06/2007;53.423;52.271;53.423;52.271;148690000;0,0221;1;-0,003369335;52.818;52.622;53.494
04/06/2007;53.243;53.423;53.423;52.651;90060000;-0,0034;0;-0,001521327;52.514;52.689;53.551
05/06/2007;53.162;53.245;53.271;52.673;89870000;-0,0015;0;-0,020936007;52.385;52.883;53.600
06/06/2007;52.049;53.162;53.162;51.869;92940000;-0,0209;0;0,005398759;52.301;53.266;53.750
08/06/2007;52.330;52.045;52.500;50.884;84330000;0,0054;1;0,008541945;52.523;53.596;53.879
11/06/2007;52.777;52.324;52.952;52.184;81570000;0,0085;1;-0,018568695;52.835;53.775;53.995
12/06/2007;51.797;52.776;52.776;51.643;75770000;-0,0186;0;0,023109446;53.742;54.184;54.250
13/06/2007;52.994;51.799;53.226;51.799;175650000;0,0231;1;0,013567574;54.321;54.366;54.443
14/06/2007;53.713;53.011;53.798;53.009;97860000;0,0136;1;0,015005678;54.631;54.413;54.585
15/06/2007;54.519;53.723;54.726;53.723;123500000;0,015;1;0,00387021;54.468;54.317;54.686
18/06/2007;54.730;54.519;55.000;54.355;115680000;0,0039;1;-0,00157135;54.443;54.233;54.808
19/06/2007;54.644;54.730;54.797;54.450;99300000;-0,0016;0;-0,011254667;54.318;54.162;54.897
20/06/2007;54.029;54.644;55.003;54.029;120530000;-0,0113;0;0,011623387;54.322;54.214;55.063
21/06/2007;54.657;54.030;54.844;53.911;103580000;0,0116;1;-0,007135408;54.054;54.316;55.274
22/06/2007;54.267;54.644;54.644;53.952;94640000;-0,0071;0;-0,004146166;54.012;54.521;55.515
25/06/2007;54.042;54.270;54.605;53.605;84710000;-0,0041;0;-0,003515784;54.047;54.757;55.753
26/06/2007;53.852;54.045;54.413;53.842;68430000;-0,0035;0;0,005403699;54.227;55.054;56.025
27/06/2007;54.143;53.852;54.164;53.202;86420000;0,0054;1;7,38784E-05;54.637;55.383;56.269
28/06/2007;54.147;54.154;54.648;54.147;89190000;0,0001;1;0,00452472;55.154;55.631;56.553
29/06/2007;54.392;54.150;54.783;53.958;85400000;0,0045;1;0,01799897;55.589;55.912;56.771
02/07/2007;55.371;54.396;55.386;54.396;67220000;0,018;1;0,005941738;55.776;56.232;56.962
03/07/2007;55.700;55.371;55.783;55.259;33760000;0,0059;1;-7,18E-05;56.024;56.510;56.968
04/07/2007;55.696;55.698;56.000;55.598;23830000;-0,0001;0;0,004237288;56.086;56.749;56.990
05/07/2007;55.932;55.696;55.932;55.345;54020000;0,0042;1;0,009153973;56.228;56.996;56.845
06/07/2007;56.444;55.932;56.444;55.932;39110000;0,0092;1;-0,009939055;56.617;57.155;56.593
10/07/2007;55.883;56.444;56.544;55.678;50770000;-0,0099;0;0,008464113;57.204;57.475;56.499
11/07/2007;56.356;55.882;56.495;55.628;42580000;0,0085;1;0,022304635;57.544;57.631;56.344
12/07/2007;57.613;56.380;57.676;56.378;43540000;0,0223;1;0,000538073;57.559;57.691;56.103
13/07/2007;57.644;57.613;57.983;57.327;49970000;0,0005;1;-0,004683922;57.530;57.427;55.892
16/07/2007;57.374;57.644;57.666;57.035;51590000;-0,0047;0;0,004984836;57.780;57.231;55.568
17/07/2007;57.660;57.376;57.799;57.307;49240000;0,005;1;-0,001803677;57.708;56.693;55.242
18/07/2007;57.556;57.660;57.660;56.903;33930000;-0,0018;0;0,009886024;57.868;56.031;54.974
19/07/2007;58.125;57.556;58.293;57.556;47260000;0,0099;1;-0,011733333;57.092;55.523;54.768
20/07/2007;57.443;58.125;58.125;57.103;36500000;-0,0117;0;0,010340686;56.611;55.058;54.481
23/07/2007;58.037;57.443;58.070;57.443;40730000;0,0103;1;-0,038630529;55.230;54.514;54.096
24/07/2007;55.795;58.036;58.057;55.165;61820000;-0,0386;0;0,003692087;54.272;54.357;53.856
25/07/2007;56.001;55.797;56.409;54.520;79980000;0,0037;1;-0,037642185;53.796;53.906;53.492
26/07/2007;53.893;55.998;55.998;52.627;80240000;-0,0376;0;-0,018017182;53.892;53.791;53.163
27/07/2007;52.922;53.893;54.407;52.922;64170000;-0,018;0;0,031196856;54.330;53.917;52.813
30/07/2007;54.573;52.925;54.790;52.925;46190000;0,0312;1;-0,007164715;54.369;54.012;52.383
31/07/2007;54.182;54.602;55.662;54.169;60290000;-0,0072;0;0,000959728;53.924;53.905;52.028
01/08/2007;54.234;54.170;54.234;53.036;60580000;0,001;1;0,008426448;53.543;53.677;51.712
02/08/2007;54.691;54.245;54.959;54.202;46540000;0,0084;1;-0,033734984;53.246;53.355;51.502
03/08/2007;52.846;54.697;54.725;52.575;83120000;-0,0337;0;0,004636112;54.045;53.078;51.430
06/08/2007;53.091;52.846;53.207;51.317;81610000;0,0046;1;0,0133921;54.158;52.535;51.424
07/08/2007;53.802;53.092;54.113;52.746;37270000;0,0134;1;0,026746218;53.770;51.708;51.372
08/08/2007;55.241;53.804;55.616;53.804;64400000;0,0267;1;-0,032765518;52.834;50.754;51.115
09/08/2007;53.431;55.213;55.213;53.324;50740000;-0,0328;0;-0,014841571;51.995;50.150;51.065
10/08/2007;52.638;53.431;53.431;51.682;58810000;-0,0148;0;-0,003875527;50.877;49.747;51.081
13/08/2007;52.434;52.647;53.670;52.202;48390000;-0,0039;0;-0,029026967;49.404;49.648;51.238
14/08/2007;50.912;52.434;52.945;50.912;49400000;-0,029;0;-0,031957102;48.620;49.782;51.518
15/08/2007;49.285;50.912;51.286;49.106;108090000;-0,032;0;-0,025748199;48.594;50.312;51.945
16/08/2007;48.016;49.281;49.281;44.938;94940000;-0,0257;0;0,01130873;49.193;51.036;52.401
17/08/2007;48.559;48.026;49.588;46.877;69140000;0,0113;1;0,013323998;50.255;51.476;52.830
20/08/2007;49.206;48.561;49.574;48.561;40150000;0,0133;1;0,012376539;51.136;51.981;53.077
21/08/2007;49.815;49.208;50.064;48.739;25610000;0,0124;1;0,03874335;52.197;52.415;53.370
22/08/2007;51.745;49.815;51.749;49.815;26170000;0,0387;1;0,00199053;52.641;52.828;53.523
23/08/2007;51.848;51.745;52.351;51.082;18680000;0,002;1;0,022180219;52.574;53.255;53.741
24/08/2007;52.998;51.845;52.998;51.390;48700000;0,0222;1;0,001509491;52.486;53.577;53.861
27/08/2007;53.078;52.995;53.396;52.502;23480000;0,0015;1;-0,026998003;52.413;53.767;53.951
28/08/2007;51.645;53.072;53.072;51.390;20720000;-0,027;0;0,021105625;53.410;54.184;54.310
29/08/2007;52.735;51.648;52.810;51.647;20050000;0,0211;1;0,002332417;54.109;54.173;54.633
30/08/2007;52.858;52.728;53.645;52.223;28670000;0,0023;1;0,033656211;54.907;54.324;54.922
31/08/2007;54.637;52.874;54.715;52.874;46500000;0,0337;1;0,003587313;54.830;54.217;55.148
03/09/2007;54.833;54.641;54.998;54.519;5240000;0,0036;1;0,007604909;54.742;54.227;55.426
04/09/2007;55.250;54.834;55.566;54.588;9580000;0,0076;1;-0,015239819;53.877;54.145;55.683
05/09/2007;54.408;55.243;55.243;54.156;2830000;-0,0152;0;0,002959124;53.714;54.135;56.062
06/09/2007;54.569;54.413;55.094;54.413;5900000;0,003;1;-0,03511151;53.486;54.435;56.525
10/09/2007;52.653;54.554;54.554;52.321;4080000;-0,0351;0;0,024082199;54.237;55.093;57.083
11/09/2007;53.921;52.660;53.954;52.660;4890000;0,0241;1;-0,000704735;54.487;55.520;57.685
12/09/2007;53.883;53.922;54.622;53.718;5600000;-0,0007;0;0,019022697;54.640;56.079;58.266
13/09/2007;54.908;53.883;55.087;53.883;3630000;0,019;1;-0,004316311;55.226;56.624;58.637
14/09/2007;54.671;54.909;55.465;54.378;5840000;-0,0043;0;-0,006036107;56.090;57.222;59.046
17/09/2007;54.341;54.671;54.733;53.691;4180000;-0,006;0;0,042785374;56.945;57.990;59.616
18/09/2007;56.666;54.351;56.844;54.351;7550000;0,0428;1;0,010553065;57.323;58.616;60.044
19/09/2007;57.264;56.675;58.079;56.675;7790000;0,0106;1;-0,006251746;57.808;59.073;60.493
20/09/2007;56.906;57.263;57.609;56.607;4660000;-0,0063;0;0,015692546;58.459;59.850;60.943
21/09/2007;57.799;56.919;57.899;56.919;7360000;0,0157;1;0,01591723;59.097;60.452;61.275
24/09/2007;58.719;57.799;58.719;57.799;5820000;0,0159;1;0,002367207;59.875;60.649;61.579
25/09/2007;58.858;58.717;58.862;57.969;3460000;0,0024;1;0,014560468;60.411;60.871;61.783
26/09/2007;59.715;58.859;59.825;58.859;6100000;0,0146;1;0,022389684;61.286;61.243;62.032
27/09/2007;61.052;59.713;61.052;59.713;6390000;0,0224;1;-0,009614755;61.607;61.473;62.189
28/09/2007;60.465;61.054;61.054;60.086;5430000;-0,0096;0;0,031009675;61.485;61.913;62.220
01/10/2007;62.340;60.465;62.355;60.465;15390000;0,031;1;-0,005181264;60.841;62.036;62.140
02/10/2007;62.017;62.341;62.356;61.241;6100000;-0,0052;0;-0,030927004;60.942;62.098;62.188
03/10/2007;60.099;62.021;62.021;60.094;6850000;-0,0309;0;0,005124877;61.796;62.508;62.369
04/10/2007;60.407;60.102;61.080;59.536;8710000;0,0051;1;0,031651961;62.843;62.696;62.507
05/10/2007;62.319;60.408;62.704;60.408;9080000;0,0317;1;0,005487893;63.136;62.821;62.647
08/10/2007;62.661;62.319;62.725;61.841;4080000;0,0055;1;0,014171494;63.067;62.906;62.817
09/10/2007;63.549;62.661;63.658;62.661;7510000;0,0142;1;-0,005539033;62.874;62.527;62.876
10/10/2007;63.197;63.550;63.565;62.894;4720000;-0,0055;0;-0,01172524;62.381;62.244;63.028
11/10/2007;62.456;63.197;64.169;61.487;5270000;-0,0117;0;0,008213783;62.627;62.278;63.142
15/10/2007;62.969;62.455;63.841;62.411;520870;0,0082;1;-0,019866919;62.724;62.229;63.141
16/10/2007;61.718;62.965;62.965;61.565;4900000;-0,0199;0;0,023915227;62.450;62.318;63.340
17/10/2007;63.194;61.720;63.194;61.460;7640000;0,0239;1;0,001060227;61.790;62.473;63.362
18/10/2007;63.261;63.192;63.322;61.943;4540000;0,0011;1;-0,037416418;61.602;62.727;63.384
19/10/2007;60.894;63.270;63.349;60.883;5450000;-0,0374;0;0,005271455;62.179;63.226;63.628
22/10/2007;61.215;60.884;61.379;59.473;4190000;0,0053;1;0,024209753;62.554;63.812;63.651
23/10/2007;62.697;61.214;62.773;61.214;7590000;0,0242;1;-0,00114838;63.081;64.005;63.667
24/10/2007;62.625;62.693;62.816;61.448;7750000;-0,0011;0;-0,00453493;63.887;64.053;63.810
25/10/2007;62.341;62.628;63.206;61.968;6490000;-0,0045;0;0,031038963;64.568;64.362;63.972
26/10/2007;64.276;62.346;64.320;62.346;6240000;0,031;1;0,011948472;64.915;64.251;63.834
29/10/2007;65.044;64.275;65.670;64.275;7740000;0,0119;1;-0,010162352;64.584;64.040;63.515
30/10/2007;64.383;65.044;65.147;64.264;7820000;-0,0102;0;0,014522467;64.109;64.031;63.249
31/10/2007;65.318;64.385;65.949;64.385;4320000;0,0145;1;-0,019412719;63.838;63.489;62.938
01/11/2007;64.050;65.317;65.317;63.774;6190000;-0,0194;0;-0,017017955;63.655;63.329;62.582
05/11/2007;62.960;64.049;64.049;62.720;9280000;-0,017;0;0,024507624;63.855;63.567;62.330
06/11/2007;64.503;62.967;64.524;62.967;4560000;0,0245;1;-0,015534161;63.795;63.583;62.131
07/11/2007;63.501;64.503;64.603;63.223;112100;-0,0155;0;0,000960615;63.137;63.416;62.035
08/11/2007;63.562;63.503;65.283;63.140;7200000;0,001;1;0,011941097;62.925;62.990;61.995
09/11/2007;64.321;63.571;65.281;62.279;6870000;0,0119;1;-0,043438379;63.028;62.466;61.915
12/11/2007;61.527;64.321;64.321;61.452;5390000;-0,0434;0;0,022754238;64.056;62.387;62.055
13/11/2007;62.927;61.526;62.933;61.034;5980000;0,0228;1;0,027078996;63.859;61.836;62.198
14/11/2007;64.631;62.919;64.896;62.919;10890000;0,0271;1;-0,000340394;62.509;61.093;62.281
16/11/2007;64.609;64.634;64.802;63.627;4450000;-0,0003;0;-0,035180857;61.190;60.680;62.354
19/11/2007;62.336;64.609;64.609;62.321;3820000;-0,0352;0;-0,028137834;60.735;60.654;62.576
21/11/2007;60.582;62.335;62.335;59.847;6540000;-0,0281;0;0,001171965;60.231;61.000;62.857
22/11/2007;60.653;60.582;61.102;60.124;2220000;0,0012;1;0,005242939;59.824;61.364;63.149
23/11/2007;60.971;60.662;61.334;60.662;8920000;0,0052;1;-0,031195158;60.072;61.723;63.284
26/11/2007;59.069;60.973;61.560;59.067;6200000;-0,0312;0;0,006145355;61.101;62.560;63.525
27/11/2007;59.432;59.067;59.971;58.096;6150000;0,0061;1;0,038413649;62.292;63.468;63.554
28/11/2007;61.715;59.432;61.858;59.432;6120000;0,0384;1;0,007145751;62.787;64.029;63.509
29/11/2007;62.156;61.720;63.190;61.465;5980000;0,0071;1;0,013675269;63.229;64.499;63.478
30/11/2007;63.006;62.157;63.701;62.157;4850000;0,0137;1;0,003079072;63.870;64.714;63.386
03/12/2007;63.200;63.018;63.682;62.729;1710000;0,0031;1;0,004462025;64.734;64.934;63.379
04/12/2007;63.482;63.203;63.722;62.373;1950000;0,0045;1;0,02277811;65.453;64.846;63.437
05/12/2007;64.928;63.483;65.204;63.483;2590000;0,0228;1;0,013291646;65.625;64.491;63.354
06/12/2007;65.791;64.929;65.791;64.692;3110000;0,0133;1;-0,002310346;65.199;63.639;63.218
07/12/2007;65.639;65.789;66.529;65.278;2290000;-0,0023;0;-0,002940325;64.900;62.990;63.016
10/12/2007;65.446;65.642;65.874;65.228;3680000;-0,0029;0;-0,014271308;64.038;62.458;62.834
11/12/2007;64.512;65.448;66.451;64.127;4640000;-0,0143;0;0,003565228;63.349;62.059;62.586
12/12/2007;64.742;64.512;66.171;64.502;3120000;0,0036;1;-0,029053783;61.711;61.824;62.302
13/12/2007;62.861;64.735;64.735;62.466;2940000;-0,0291;0;-0,006617776;61.123;62.028;62.246
14/12/2007;62.445;62.868;63.455;62.445;3050000;-0,0066;0;-0,04190888;60.882;62.217;62.263
17/12/2007;59.828;62.445;62.445;59.820;2240000;-0,0419;0;0,02119409;61.511;62.797;62.526
18/12/2007;61.096;59.832;61.421;59.414;3620000;0,0212;1;0,01024617;62.179;63.043;62.587
19/12/2007;61.722;61.108;61.734;60.915;3740000;0,0102;1;-9,72E-05;63.034;63.210;62.620
20/12/2007;61.716;61.724;62.467;61.416;4800000;-0,0001;0;0,022392896;63.720;63.113;62.491
21/12/2007;63.098;61.725;63.398;61.725;2450000;0,0224;1;0,018859552;63.983;62.781;62.182
26/12/2007;64.288;63.101;64.304;63.101;1820000;0,0189;1;-0,007995271;63.492;62.465;61.664
27/12/2007;63.774;64.287;64.584;63.590;2040000;-0,008;0;0,001756202;63.198;62.308;61.216
28/12/2007;63.886;63.776;64.124;63.598;2590000;0,0018;1;-0,016764236;62.248;62.255;60.489
02/01/2008;62.815;63.885;63.906;62.659;2980000;-0,0168;0;0,001225822;61.567;62.130;60.010
03/01/2008;62.892;62.814;63.129;62.556;1900000;0,0012;1;-0,029495007;61.297;62.030;59.391
04/01/2008;61.037;62.898;63.436;60.574;2610000;-0,0295;0;-0,004341629;61.842;61.868;59.136
07/01/2008;60.772;61.054;61.505;60.092;2220000;-0,0043;0;0,021539525;62.757;61.583;58.980
08/01/2008;62.081;60.771;62.650;60.771;3310000;0,0215;1;0,009552037;62.710;60.863;58.798
09/01/2008;62.674;62.078;62.674;61.487;3480000;0,0096;1;0,013418642;62.548;60.125;58.628
10/01/2008;63.515;62.677;63.615;62.594;3230000;0,0134;1;-0,024765803;61.346;58.724;58.340
11/01/2008;61.942;63.514;63.514;61.942;2920000;-0,0248;0;0,003971457;60.291;57.889;58.279
14/01/2008;62.188;61.950;62.536;61.643;2830000;0,004;1;-0,036679102;58.574;56.753;58.049
15/01/2008;59.907;62.180;62.180;59.897;4080000;-0,0367;0;-0,01886257;57.773;56.403;57.982
16/01/2008;58.777;59.906;59.906;58.077;3460000;-0,0189;0;-0,029603416;56.084;56.377;58.003
17/01/2008;57.037;58.773;59.643;56.734;3590000;-0,0296;0;0,008222733;55.771;56.733;58.260
18/01/2008;57.506;57.039;58.291;56.241;5810000;0,0082;1;-0,066027893;54.680;57.131;58.568
21/01/2008;53.709;57.503;57.503;53.487;3570000;-0,066;0;0,044461822;55.932;57.957;59.202
22/01/2008;56.097;53.705;56.541;53.610;3650000;0,0445;1;-0,033192506;56.764;58.669;59.611
23/01/2008;54.235;56.098;56.098;53.011;3720000;-0,0332;0;0,059518761;58.529;59.345;60.113
24/01/2008;57.463;54.242;57.675;54.242;3800000;0,0595;1;0,01968223;59.471;59.560;60.495
28/01/2008;58.594;57.457;58.721;56.360;3930000;0,0197;1;0,015974332;59.770;59.628;60.759
29/01/2008;59.530;58.597;59.715;58.597;3440000;0,016;1;0,012749874;60.286;59.787;61.060
30/01/2008;60.289;59.522;60.289;58.752;4310000;0,0127;1;-0,013252832;59.846;60.004;61.311
31/01/2008;59.490;60.288;60.288;57.886;6160000;-0,0133;0;0,026727181;59.671;60.447;61.676
01/02/2008;61.080;59.491;61.187;59.491;3600000;0,0267;1;-0,034561231;59.003;60.553;61.956
06/02/2008;58.969;61.076;61.076;58.742;2050000;-0,0346;0;-6,78E-05;59.561;60.882;62.400
07/02/2008;58.965;58.965;59.581;58.030;3990000;-0,0001;0;0,001882473;60.508;61.430;62.867
08/02/2008;59.076;58.967;59.520;58.843;2020000;0,0019;1;0,026525154;61.680;61.890;63.329
11/02/2008;60.643;59.081;60.805;59.081;2570000;0,0265;1;0,019161321;62.072;62.333;63.533
12/02/2008;61.805;60.645;62.828;60.645;13470000;0,0192;1;0,012717418;61.894;62.617;63.724
13/02/2008;62.591;61.802;63.002;61.802;4420000;0,0127;1;-0,012334042;61.964;62.905;63.800
14/02/2008;61.819;62.595;63.224;61.737;2360000;-0,0123;0;-0,008848412;62.123;63.360;64.001
15/02/2008;61.272;61.803;61.803;60.717;2350000;-0,0088;0;0,024954302;62.948;63.919;64.123
18/02/2008;62.801;61.292;62.883;61.292;1500000;0,025;1;-0,00802535;63.279;64.303;64.056
19/02/2008;62.297;62.801;63.590;62.180;2090000;-0,008;0;0,023275599;64.049;64.769;63.892
20/02/2008;63.747;62.292;63.780;61.634;2760000;0,0233;1;0,000705916;64.467;64.732;63.794
21/02/2008;63.792;63.748;64.631;63.620;2420000;0,0007;1;0,012807249;64.931;64.832;63.678
22/02/2008;64.609;63.780;64.609;63.360;2080000;0,0128;1;0,006067266;65.226;64.696;63.512
25/02/2008;65.001;64.605;65.013;64.060;2370000;0,0061;1;0,002799957;65.411;64.642;63.297
26/02/2008;65.183;64.994;65.399;63.983;3560000;0,0028;1;0,004786524;64.846;64.327;62.927
27/02/2008;65.495;65.178;65.968;64.647;4840000;0,0048;1;0,0009161;64.511;63.809;62.673
28/02/2008;65.555;65.495;66.005;65.248;3690000;0,0009;1;-0,031515521;63.878;63.015;62.192
29/02/2008;63.489;65.553;65.553;63.482;2820000;-0,0315;0;0,015766511;64.258;62.855;61.871
03/03/2008;64.490;63.496;64.644;63.159;2270000;0,0158;1;-0,012932238;63.753;62.525;61.537
04/03/2008;63.656;64.486;64.530;62.745;2140000;-0,0129;0;0,015285283;63.157;62.328;61.364
05/03/2008;64.629;63.653;65.045;63.653;2320000;0,0153;1;-0,025592226;61.614;61.951;61.134
06/03/2008;62.975;64.631;64.676;62.975;2250000;-0,0256;0;-0,017578404;61.412;61.528;60.976
07/03/2008;61.868;62.973;62.973;61.382;2490000;-0,0176;0;-0,030209478;61.515;61.537;60.875
10/03/2008;59.999;61.869;61.923;59.996;1900000;-0,0302;0;0,039483991;62.275;61.370;60.944
11/03/2008;62.368;60.006;62.368;60.006;3220000;0,0395;1;-0,003062468;62.149;60.887;60.973
12/03/2008;62.177;62.378;63.036;62.022;2320000;-0,0031;0;0,001656561;61.428;60.549;61.058
13/03/2008;62.280;62.175;62.413;60.168;3850000;0,0017;1;-0,004640334;61.312;60.400;61.193
14/03/2008;61.991;62.280;63.028;60.710;2810000;-0,0046;0;-0,031923989;60.257;60.317;61.369
17/03/2008;60.012;61.987;61.987;59.342;2130000;-0,0319;0;0,032010265;59.916;60.424;61.666
18/03/2008;61.933;60.040;61.933;60.040;3080000;0,032;1;-0,05015097;59.209;60.213;61.852
19/03/2008;58.827;61.936;62.372;58.805;2230000;-0,0502;0;0,00271984;60.011;60.519;62.185
20/03/2008;58.987;58.818;59.170;57.824;2720000;0,0027;1;0,014003085;60.821;61.060;62.509
24/03/2008;59.813;58.994;61.083;58.994;2290000;0,014;1;0,023757377;61.137;61.567;62.707
25/03/2008;61.234;59.820;61.616;59.820;2520000;0,0238;1;0,002955874;60.876;61.987;62.773
26/03/2008;61.415;61.234;61.849;60.759;2350000;0,003;1;-0,010632582;60.727;62.420;62.858
27/03/2008;60.762;61.418;62.200;60.679;1640000;-0,0106;0;-0,005101873;61.398;62.908;63.101
28/03/2008;60.452;60.762;61.062;60.192;1670000;-0,0051;0;0,008535698;62.369;63.492;63.393
31/03/2008;60.968;60.449;60.982;59.917;2170000;0,0085;1;0,029638499;63.438;63.850;63.676
01/04/2008;62.775;60.965;62.788;60.965;1210000;0,0296;1;0,009382716;63.995;63.958;63.864
02/04/2008;63.364;62.775;63.816;62.775;1080000;0,0094;1;0,012799066;64.266;63.847;63.978
03/04/2008;64.175;63.367;64.731;62.793;1040000;0,0128;1;0,004222828;64.387;63.558;64.006
04/04/2008;64.446;64.177;64.630;63.906;812760;0,0042;1;-0,004189554;64.064;63.297;64.059
07/04/2008;64.176;64.447;65.409;63.919;909330;-0,0042;0;0,005671902;63.848;63.293;64.166
08/04/2008;64.540;64.180;64.833;63.453;877990;0,0057;1;-0,016470406;63.196;63.295;64.115
09/04/2008;63.477;64.540;64.621;63.167;863320;-0,0165;0;0,000787687;62.755;63.501;64.429
10/04/2008;63.527;63.475;63.646;62.712;909310;0,0008;1;-0,014828341;62.452;63.771;64.846
11/04/2008;62.585;63.526;63.526;62.459;696840;-0,0148;0;-0,006902612;62.974;64.108;65.388
14/04/2008;62.153;62.592;62.733;61.466;926680;-0,0069;0;0,007481537;63.774;64.455;65.963
15/04/2008;62.618;62.151;62.825;62.151;841670;0,0075;1;0,024497748;64.542;64.822;66.420
16/04/2008;64.152;62.625;64.314;62.625;1240000;0,0245;1;0,006235191;64.963;65.040;66.818
17/04/2008;64.552;64.150;64.945;63.599;908420;0,0062;1;0,005747304;65.095;64.936;67.182
18/04/2008;64.923;64.554;65.384;64.554;856820;0,0057;1;0,007547402;64.979;65.357;67.574
22/04/2008;65.413;64.922;65.689;64.922;965740;0,0075;1;-0,007108679;64.904;65.921;67.937
23/04/2008;64.948;65.413;65.689;64.914;862850;-0,0071;0;-0,005727659;65.147;66.668;68.300
24/04/2008;64.576;64.946;65.086;64.223;971550;-0,0057;0;0,00946172;64.897;67.471;68.794
25/04/2008;65.187;64.576;65.253;64.172;1110000;0,0095;1;0,007532177;65.791;68.018;69.336
28/04/2008;65.678;65.191;66.025;65.191;1180000;0,0075;1;-0,028198179;67.020;68.596;69.890
29/04/2008;63.826;65.678;65.678;63.706;1110000;-0,0282;0;0,063328424;69.136;69.427;70.582
30/04/2008;67.868;63.826;68.038;63.826;2110000;0,0633;1;0,022072258;69.912;69.791;70.898
02/05/2008;69.366;67.869;70.973;67.865;1980000;0,0221;1;0,011662774;69.796;69.954;71.047
05/05/2008;70.175;69.366;70.435;69.366;1350000;0,0117;1;0,000285002;69.645;69.932;71.151
06/05/2008;70.195;70.175;70.215;69.561;1520000;0,0003;1;-0,016767576;69.462;70.118;71.208
07/05/2008;69.018;70.201;70.545;68.599;1340000;-0,0168;0;0,010200238;69.928;70.653;71.504
08/05/2008;69.722;69.021;69.877;69.014;975060;0,0102;1;-0,001090043;70.188;71.184;71.652
09/05/2008;69.646;69.722;69.722;68.764;841250;-0,0011;0;0,011055911;70.315;71.737;71.862
12/05/2008;70.416;69.646;70.420;69.068;966700;0,0111;1;0,001235515;70.674;72.006;71.968
13/05/2008;70.503;70.422;71.084;70.108;1210000;0,0012;1;-0,006751486;71.429;72.141;71.933
14/05/2008;70.027;70.495;70.966;70.027;1200000;-0,0068;0;0,020920502;72.566;72.370;71.836
15/05/2008;71.492;70.031;71.492;70.031;1140000;0,0209;1;0,017834163;73.241;72.299;71.816
16/05/2008;72.767;71.496;72.767;71.496;1350000;0,0178;1;0,009234955;73.084;72.354;71.603
19/05/2008;73.439;72.767;73.794;72.458;1490000;0,0092;1;0,001062106;72.421;72.119;71.306
20/05/2008;73.517;73.445;73.522;72.146;1260000;0,0011;1;-0,016622006;71.792;71.987;70.896
21/05/2008;72.295;73.508;73.780;72.150;1460000;-0,0166;0;-0,011660557;71.358;71.930;70.503
23/05/2008;71.452;72.295;72.295;70.774;1090000;-0,0117;0;0,002477187;71.925;71.725;70.208
26/05/2008;71.629;71.452;71.988;71.423;503200;0,0025;1;-0,008893046;71.981;71.302;69.892
27/05/2008;70.992;71.629;71.659;70.335;1410000;-0,0089;0;0,03044005;72.514;71.333;69.627
28/05/2008;73.153;70.995;73.180;70.734;1460000;0,0304;1;-0,018522822;72.096;70.852;69.290
29/05/2008;71.798;73.154;73.920;71.695;1540000;-0,0185;0;0,011058804;71.500;70.493;68.954
30/05/2008;72.592;71.798;72.862;71.766;1770000;0,0111;1;-0,009574058;70.194;69.805;68.525
02/06/2008;71.897;72.592;72.592;71.352;1170000;-0,0096;0;-0,026218062;69.965;69.076;68.005
03/06/2008;70.012;71.897;72.019;69.602;1300000;-0,0262;0;-0,019125293;69.889;68.691;67.621
04/06/2008;68.673;70.012;70.012;68.465;1440000;-0,0191;0;0,036928633;70.092;68.481;67.300
05/06/2008;71.209;68.674;71.248;68.674;1220000;0,0369;1;-0,019983429;68.947;67.921;66.917
06/06/2008;69.786;71.208;71.211;69.515;1200000;-0,02;0;-0,007236408;67.950;67.728;66.500
09/06/2008;69.281;69.786;69.990;68.534;1030000;-0,0072;0;-0,021737562;67.297;67.415;66.146
10/06/2008;67.775;69.275;69.275;67.067;1260000;-0,0217;0;-0,014459609;67.106;67.246;65.949
11/06/2008;66.795;67.775;68.061;66.715;1250000;-0,0145;0;0,00785987;67.270;66.934;65.706
12/06/2008;67.320;66.798;67.958;66.798;1140000;0,0079;1;-0,001723113;67.642;66.552;65.262
13/06/2008;67.204;67.326;67.885;66.906;917320;-0,0017;0;0,001205285;67.604;66.118;64.696
16/06/2008;67.285;67.206;67.618;66.430;1040000;0,0012;1;0,017136063;67.373;65.913;64.130
17/06/2008;68.438;67.284;69.029;67.284;1200000;0,0171;1;-0,01969666;66.098;65.272;63.462
18/06/2008;67.090;68.431;68.431;66.917;1360000;-0,0197;0;-0,007452676;65.281;64.876;62.923
19/06/2008;66.590;67.090;67.339;66.182;1170000;-0,0075;0;-0,029674125;64.474;64.652;62.470
20/06/2008;64.614;66.584;66.611;64.602;1140000;-0,0297;0;0,00040239;64.887;64.478;62.151
23/06/2008;64.640;64.622;65.401;64.440;858520;0,0004;1;-0,00730198;64.656;63.973;61.871
24/06/2008;64.168;64.636;65.084;63.713;1130000;-0,0073;0;0,026259195;64.707;63.273;61.646
25/06/2008;65.853;64.173;66.308;64.173;1350000;0,0263;1;-0,028943252;64.429;62.347;61.375
26/06/2008;63.947;65.804;65.804;63.689;1270000;-0,0289;0;0,005848593;64.245;61.652;61.100
27/06/2008;64.321;63.951;64.624;63.881;1100000;0,0058;1;0,010836274;63.173;60.969;60.791
30/06/2008;65.018;64.326;65.353;64.326;970440;0,0108;1;-0,024946938;61.258;60.288;60.488
01/07/2008;63.396;65.018;65.018;62.911;1260000;-0,0249;0;-0,036122153;59.915;59.824;60.220
02/07/2008;61.106;63.397;63.945;61.028;1310000;-0,0361;0;-0,029997054;59.242;59.769;60.099
03/07/2008;59.273;61.094;61.601;59.243;1210000;-0,03;0;0,00155214;59.330;60.018;59.968
04/07/2008;59.365;59.266;59.779;58.786;642070;0,0016;1;-0,004666049;59.626;60.402;59.813
07/07/2008;59.088;59.372;60.795;58.731;1080000;-0,0047;0;0,007581912;59.979;60.548;59.655
08/07/2008;59.536;59.081;59.536;57.945;1240000;0,0076;1;0,012043134;60.374;60.613;59.548
10/07/2008;60.253;59.528;60.589;58.338;1490000;0,012;1;-0,001742652;60.628;60.687;59.530
11/07/2008;60.148;60.256;61.053;59.603;1050000;-0,0017;0;0,009526501;61.264;60.615;59.484
14/07/2008;60.721;60.156;61.306;60.156;970370;0,0095;1;0,004841817;61.060;60.430;59.263
15/07/2008;61.015;60.715;61.679;58.790;1470000;0,0048;1;0,017061378;60.718;59.918;58.877
16/07/2008;62.056;61.018;62.183;60.863;1580000;0,0171;1;-0,031374887;60.290;59.224;58.478
17/07/2008;60.109;62.063;62.606;59.985;1890000;-0,0314;0;-0,00201301;60.136;58.761;58.295
18/07/2008;59.988;60.106;61.299;59.479;1230000;-0,002;0;0,013069281;59.947;58.484;58.083
21/07/2008;60.772;60.002;61.275;60.002;1230000;0,0131;1;-0,018511815;58.834;58.373;57.784
22/07/2008;59.647;60.772;60.780;59.231;1200000;-0,0185;0;-0,003788958;58.018;58.353;57.432
23/07/2008;59.421;59.646;60.242;59.313;1420000;-0,0038;0;-0,033439356;57.167;58.097;57.080
24/07/2008;57.434;59.425;59.641;57.334;1780000;-0,0334;0;-0,004091653;57.370;57.836;56.876
25/07/2008;57.199;57.420;57.711;56.418;1180000;-0,0041;0;-0,005769332;58.303;57.732;56.729
28/07/2008;56.869;57.207;58.176;56.839;887590;-0,0058;0;0,020643936;59.182;57.828;56.541
29/07/2008;58.043;56.869;58.043;56.869;1120000;0,0206;1;0,033681925;59.044;57.682;56.204
30/07/2008;59.998;58.069;59.998;58.069;1530000;0,0337;1;-0,008216941;57.581;57.194;55.750
31/07/2008;59.505;59.998;60.023;59.225;1280000;-0,0082;0;-0,031509957;56.570;56.511;55.455
01/08/2008;57.630;59.505;59.505;57.492;999460;-0,0315;0;-0,035068541;56.541;56.064;55.334
04/08/2008;55.609;57.619;57.641;55.367;1150000;-0,0351;0;0,015501088;57.010;55.916;55.352
05/08/2008;56.471;55.609;56.974;55.609;1400000;0,0155;1;0,018965487;57.048;55.725;55.209
06/08/2008;57.542;56.473;57.813;56.473;1270000;0,019;1;-0,009106392;56.107;55.254;54.982
07/08/2008;57.018;57.546;57.942;56.960;1120000;-0,0091;0;-0,007611631;55.269;54.727;54.875
08/08/2008;56.584;57.018;57.146;56.152;1050000;-0,0076;0;-0,032942174;54.599;54.306;54.860
11/08/2008;54.720;56.590;56.974;54.569;1210000;-0,0329;0;-0,003965643;54.738;54.400;54.929
12/08/2008;54.503;54.721;55.355;54.325;1230000;-0,004;0;0,001284333;54.652;54.605;54.976
13/08/2008;54.573;54.509;55.492;54.035;1920000;0,0013;1;0,010353105;54.236;54.787;54.964
14/08/2008;55.138;54.573;55.725;54.573;1070000;0,0104;1;-0,016213863;53.737;54.693;54.849
15/08/2008;54.244;55.137;55.307;53.831;945790;-0,0162;0;-0,016905095;54.114;54.709;54.646
18/08/2008;53.327;54.252;54.928;53.050;846960;-0,0169;0;0,005850695;54.984;55.022;54.547
19/08/2008;53.639;53.326;54.329;52.345;1010000;0,0059;1;0,032401797;55.721;55.414;54.339
20/08/2008;55.377;53.641;55.545;53.641;1150000;0,0324;1;0,010076386;55.421;55.457;53.843
21/08/2008;55.935;55.380;56.144;55.380;1110000;0,0101;1;-0,001519621;54.895;55.347;53.393
22/08/2008;55.850;55.933;56.430;55.202;823430;-0,0015;0;-0,024583706;54.785;55.140;53.065
25/08/2008;54.477;55.854;55.906;54.468;653400;-0,0246;0;-0,002166052;55.420;55.005;52.917
26/08/2008;54.359;54.477;55.088;54.153;836270;-0,0022;0;0,021339613;55.860;54.583;52.492
27/08/2008;55.519;54.366;55.591;54.366;881670;0,0213;1;0,015544228;55.741;54.072;52.043
28/08/2008;56.382;55.516;56.524;55.516;1060000;0,0155;1;-0,012450782;55.082;53.263;51.295
29/08/2008;55.680;56.388;56.856;55.678;1100000;-0,0125;0;-0,009303161;54.364;52.228;50.776
01/09/2008;55.162;55.665;55.665;54.933;520000;-0,0093;0;-0,013741344;53.113;51.438;50.626
02/09/2008;54.404;55.161;55.412;54.207;1160000;-0,0137;0;-0,016120138;52.292;50.990;50.421
03/09/2008;53.527;54.414;55.241;52.891;1440000;-0,0161;0;-0,039568816;51.356;50.828;50.140
04/09/2008;51.409;53.527;53.749;51.157;1540000;-0,0396;0;0,010328931;50.364;50.401;50.028
05/09/2008;51.940;51.404;51.940;50.092;1440000;0,0103;1;-0,023527147;49.595;50.013;50.020
08/09/2008;50.718;51.940;53.706;50.646;1470000;-0,0235;0;-0,045013605;49.779;49.326;50.025
09/09/2008;48.435;50.711;50.711;48.419;1480000;-0,045;0;0,02473418;51.099;49.325;49.853
10/09/2008;49.633;48.439;49.957;47.606;1900000;0,0247;1;0,032982089;50.693;49.814;49.847
11/09/2008;51.270;49.629;51.270;48.217;1560000;0,033;1;0,021903647;50.013;49.852;49.742
12/09/2008;52.393;51.267;52.591;50.789;1390000;0,0219;1;-0,075907087;47.851;49.452;49.295
15/09/2008;48.416;52.386;52.386;48.409;1590000;-0,0759;0;0,01679197;47.854;49.656;49.017
16/09/2008;49.229;48.404;49.313;46.261;2050000;0,0168;1;-0,067439924;49.129;50.027;48.508
17/09/2008;45.909;49.218;49.218;45.859;2320000;-0,0674;0;0,054760504;51.006;50.724;48.096
18/09/2008;48.423;45.909;49.002;45.295;2330000;0,0548;1;0,095657022;51.396;50.382;47.393
19/09/2008;53.055;48.424;53.168;48.424;2100000;0,0957;1;-0,028536424;50.326;49.880;46.252
22/09/2008;51.541;53.055;53.455;51.530;1450000;-0,0285;0;-0,037795153;50.421;49.631;45.114
23/09/2008;49.593;51.537;51.856;49.289;1650000;-0,0378;0;0,005041034;50.818;49.138;44.488
24/09/2008;49.843;49.598;50.747;49.598;1200000;0,005;1;0,039825051;49.546;48.377;43.897
25/09/2008;51.828;49.848;51.867;49.848;1400000;0,0398;1;-0,020162846;48.784;46.988;42.826
26/09/2008;50.783;51.824;51.824;49.902;1990000;-0,0202;0;-0,093633696;48.456;45.467;41.802
29/09/2008;46.028;50.743;50.743;43.766;1880000;-0,0936;0;0,076323108;48.495;44.405;41.114
30/09/2008;49.541;46.026;49.541;46.026;1560000;0,0763;1;0,005207808;46.820;42.625;40.393
01/10/2008;49.799;49.538;49.834;47.641;1500000;0,0052;1;-0,073374967;44.254;40.598;39.625
02/10/2008;46.145;49.805;49.805;45.113;1680000;-0,0734;0;-0,035280095;42.253;39.839;38.833
03/10/2008;44.517;46.155;48.075;44.158;1580000;-0,0353;0;-0,054271402;40.278;39.418;38.069
06/10/2008;42.101;44.502;44.502;37.617;2080000;-0,0543;0;-0,046578466;38.605;38.665;37.311
07/10/2008;40.140;42.104;43.167;39.583;1970000;-0,0466;0;-0,038515197;37.095;38.137;36.546
08/10/2008;38.594;40.137;40.439;37.597;2830000;-0,0385;0;-0,039228896;37.840;37.823;36.174
09/10/2008;37.080;38.594;40.479;36.832;2180000;-0,0392;0;-0,039644013;39.336;38.160;36.015
10/10/2008;35.610;37.079;37.079;33.238;2440000;-0,0396;0;0,146559955;39.744;38.651;36.146
13/10/2008;40.829;35.609;40.829;35.609;1970000;0,1466;1;0,018124372;38.281;37.828;35.891
14/10/2008;41.569;40.833;43.753;40.218;2260000;0,0181;1;-0,113931054;36.558;36.721;35.654
15/10/2008;36.833;41.567;41.567;35.411;2150000;-0,1139;0;-0,010615481;37.427;35.956;35.898
16/10/2008;36.442;36.835;37.394;33.752;2280000;-0,0106;0;-0,001179957;38.294;34.955;35.994
17/10/2008;36.399;36.440;38.342;35.834;1850000;-0,0012;0;0,083573725;37.851;34.525;35.991
20/10/2008;39.441;36.401;39.453;36.401;1550000;0,0836;1;-0,010091022;35.977;33.869;35.793
21/10/2008;39.043;39.440;39.980;38.083;1530000;-0,0101;0;-0,101759598;33.457;33.641;35.631
22/10/2008;35.070;39.043;39.043;35.028;1650000;-0,1018;0;-0,035700029;31.578;33.953;35.788
23/10/2008;33.818;35.069;35.777;32.706;1960000;-0,0357;0;-0,06907564;31.435;34.586;35.827
24/10/2008;31.482;33.809;33.809;30.788;2250000;-0,0691;0;-0,065021282;32.556;35.840;36.150
27/10/2008;29.435;31.480;31.480;29.435;1700000;-0,065;0;0,134261933;35.227;37.033;36.604
28/10/2008;33.387;29.438;33.387;29.438;2340000;0,1343;1;0,043669692;36.517;37.458;36.770
29/10/2008;34.845;33.387;35.766;33.387;2180000;0,0437;1;0,074730951;37.652;37.718;36.716
30/10/2008;37.449;34.852;37.590;34.852;2490000;0,0747;1;-0,005126973;38.587;37.621;36.428
31/10/2008;37.257;37.447;37.945;35.858;2000000;-0,0051;0;0,026625869;38.763;37.622;35.999
03/11/2008;38.249;37.261;38.545;36.938;1680000;0,0266;1;0,052445816;38.134;37.069;35.709
04/11/2008;40.255;38.256;41.003;38.256;2130000;0,0524;1;-0,061333996;36.938;36.460;35.320
05/11/2008;37.786;40.245;40.245;37.711;2130000;-0,0613;0;-0,037685915;36.601;36.174;35.226
06/11/2008;36.362;37.786;37.786;35.387;2000000;-0,0377;0;0,008332875;36.901;36.082;35.215
07/11/2008;36.665;36.362;37.716;36.297;1760000;0,0083;1;0,00302741;36.137;35.715;35.210
10/11/2008;36.776;36.672;38.725;36.298;1470000;0,003;1;0,01321514;35.876;35.234;35.065
11/11/2008;37.262;36.775;37.629;35.499;1540000;0,0132;1;-0,077505233;35.385;34.375;34.903
12/11/2008;34.374;37.261;37.261;34.221;2410000;-0,0775;0;0,047099552;35.833;34.348;34.969
13/11/2008;35.993;34.374;36.244;33.645;1890000;0,0471;1;-0,005667769;35.200;34.180;34.907
14/11/2008;35.789;36.003;36.697;35.016;1630000;-0,0057;0;-0,002011791;34.406;34.277;34.876
17/11/2008;35.717;35.777;36.373;34.427;1390000;-0,002;0;-0,045412549;32.917;34.348;35.059
18/11/2008;34.095;35.698;35.698;33.882;1750000;-0,0454;0;-0,020237571;32.948;34.705;35.336
19/11/2008;33.405;34.098;34.786;33.275;1570000;-0,0202;0;-0,064481365;33.418;34.896;35.736
21/11/2008;31.251;33.403;33.403;31.081;1890000;-0,0645;0;0,094012992;35.157;35.432;36.255
24/11/2008;34.189;31.255;34.382;31.255;2000000;0,094;1;0,018251484;35.832;35.590;36.625
25/11/2008;34.813;34.189;35.532;33.620;1710000;0,0183;1;0,047597162;36.426;35.635;36.876
26/11/2008;36.470;34.814;36.877;34.319;2080000;0,0476;1;-0,007046888;35.850;35.475;37.128
27/11/2008;36.213;36.470;36.817;36.114;878650;-0,007;0;0,010576312;35.446;35.771;37.394
28/11/2008;36.596;36.216;37.217;35.944;1550000;0,0106;1;-0,050715925;35.013;35.967;37.604
01/12/2008;34.740;36.596;36.596;34.396;1460000;-0,0507;0;0,007512953;35.142;36.576;37.918
02/12/2008;35.001;34.743;35.734;34.743;1600000;0,0075;1;0,008456901;35.257;37.078;38.105
03/12/2008;35.297;35.001;35.476;33.798;2240000;0,0085;1;-0,004787942;36.253;37.661;38.189
04/12/2008;35.128;35.311;35.944;35.128;1260000;-0,0048;0;0,006234343;37.200;38.117;38.313
05/12/2008;35.347;35.125;35.435;34.013;1930000;0,0062;1;0,083118794;38.419;38.780;38.435
08/12/2008;38.285;35.347;38.426;35.347;2420000;0,0831;1;-0,008280005;38.497;39.018;38.383
09/12/2008;37.968;38.285;38.863;37.653;2010000;-0,0083;0;0,027286136;38.966;39.242;38.545
10/12/2008;39.004;37.972;39.748;37.972;2230000;0,0273;1;-0,012434622;38.738;39.260;38.725
11/12/2008;38.519;39.009;39.880;38.515;1950000;-0,0124;0;0,022196838;39.229;39.131;38.996
12/12/2008;39.374;38.517;39.374;37.014;1690000;0,0222;1;-0,026768934;39.420;38.717;39.099
15/12/2008;38.320;39.368;39.735;38.320;1630000;-0,0268;0;0,043658664;39.825;38.509;39.361
16/12/2008;39.993;38.324;39.993;38.324;1610000;0,0437;1;-0,001150201;39.538;38.090;39.475
17/12/2008;39.947;39.993;40.361;39.121;2280000;-0,0012;0;-0,010288632;38.762;37.747;39.436
18/12/2008;39.536;39.947;40.498;38.995;1700000;-0,0103;0;-0,010243828;37.740;37.848;39.436
19/12/2008;39.131;39.535;39.785;38.728;1220000;-0,0102;0;-0,038664997;36.984;38.189;39.354
22/12/2008;37.618;39.140;39.452;37.478;1280000;-0,0387;0;-0,030490723;36.798;38.860;39.464
23/12/2008;36.471;37.617;38.005;36.452;859920;-0,0305;0;0,010775685;37.158;39.481;39.669
26/12/2008;36.864;36.470;37.136;36.334;508530;0,0108;1;0,00531684;38.285;40.214;39.809
29/12/2008;37.060;36.864;37.631;36.638;984710;0,0053;1;0,013221802;39.771;40.860;39.824
30/12/2008;37.550;37.070;37.783;37.065;1570000;0,0132;1;0,071744341;41.358;41.125;39.895
02/01/2009;40.244;37.550;40.265;37.550;1060000;0,0717;1;0,031681741;41.550;41.025;39.727
05/01/2009;41.519;40.243;41.889;39.526;1910000;0,0317;1;0,019099689;41.708;40.519;39.486
06/01/2009;42.312;41.520;42.363;41.520;1790000;0,0191;1;-0,035261864;41.465;40.068;39.214
07/01/2009;40.820;42.308;42.308;40.563;1380000;-0,0353;0;0,028686918;40.992;39.857;39.062
08/01/2009;41.991;40.819;41.991;40.251;1560000;0,0287;1;-0,009716368;40.177;39.405;38.936
09/01/2009;41.583;41.992;42.525;41.181;1570000;-0,0097;0;-0,05242527;38.976;38.789;38.797
12/01/2009;39.403;41.585;41.585;39.345;1550000;-0,0524;0;0,003578408;38.892;38.666;38.790
13/01/2009;39.544;39.397;40.323;38.623;1800000;0,0036;1;-0,039500303;38.825;38.430;38.727
14/01/2009;37.982;39.537;39.570;37.658;2200000;-0,0395;0;0,030777737;39.107;38.452;38.854
15/01/2009;39.151;37.993;39.197;36.806;2030000;0,0308;1;0,004878547;38.481;38.360;38.923
16/01/2009;39.342;39.149;39.904;38.578;1730000;0,0049;1;-0,013064918;38.214;38.268;39.050
19/01/2009;38.828;39.351;39.570;38.700;791080;-0,0131;0;-0,040074173;37.903;38.468;39.330
20/01/2009;37.272;38.828;39.174;37.272;1420000;-0,0401;0;0,034100665;38.190;38.806;39.675
21/01/2009;38.543;37.279;38.543;37.279;1670000;0,0341;1;-0,016838336;38.178;38.914;39.865
22/01/2009;37.894;38.543;38.845;37.255;1740000;-0,0168;0;0,006280678;38.447;39.025;40.076
23/01/2009;38.132;37.891;38.660;36.744;1430000;0,0063;1;0,009886709;39.145;39.255;40.245
26/01/2009;38.509;38.130;39.065;37.831;1490000;0,0099;1;0,004933912;39.521;39.487;40.471
27/01/2009;38.699;38.511;39.025;38.422;1420000;0,0049;1;0,039484224;39.722;39.831;40.696
28/01/2009;40.227;38.704;40.438;38.704;2130000;0,0395;1;-0,014641907;39.202;40.192;40.669
29/01/2009;39.638;40.229;40.229;39.369;1330000;-0,0146;0;-0,008501943;39.238;40.544;40.671
30/01/2009;39.301;39.637;40.273;39.185;1480000;-0,0085;0;-0,01615735;39.514;40.816;40.702
02/02/2009;38.666;39.296;39.364;38.453;1330000;-0,0162;0;0,027957379;40.328;41.128;40.705
03/02/2009;39.747;38.665;39.765;38.655;1550000;0,028;1;0,009610788;41.331;41.235;40.597
04/02/2009;40.129;39.746;41.490;39.746;2410000;0,0096;1;0,024421241;41.988;41.456;40.458
05/02/2009;41.109;40.120;41.373;39.791;1930000;0,0244;1;0,04006422;42.021;41.561;40.249
06/02/2009;42.756;41.110;42.873;41.110;2180000;0,0401;1;-0,015342876;41.384;41.145;39.783
09/02/2009;42.100;42.755;43.441;41.977;1750000;-0,0153;0;-0,021211401;40.851;40.799;39.381
10/02/2009;41.207;42.101;42.819;40.960;2280000;-0,0212;0;-0,008760647;41.007;40.588;39.181
11/02/2009;40.846;41.207;42.032;40.286;1670000;-0,0088;0;-0,008446359;41.339;40.283;38.932
12/02/2009;40.501;40.827;41.082;39.992;1780000;-0,0084;0;0,028962248;41.121;39.959;38.690
13/02/2009;41.674;40.512;41.833;40.512;1450000;0,029;1;0,004007295;40.454;39.460;38.337
16/02/2009;41.841;41.672;41.841;41.026;1090000;0,004;1;-0,047656605;39.750;38.937;38.120
17/02/2009;39.847;41.838;41.838;39.817;1730000;-0,0477;0;-0,004341607;39.373;38.421;38.045
18/02/2009;39.674;39.848;40.434;39.209;1650000;-0,0043;0;0,001411504;38.892;37.963;38.008
19/02/2009;39.730;39.675;40.433;39.630;1160000;0,0014;1;-0,025547445;38.376;37.774;37.957
20/02/2009;38.715;39.725;39.725;38.103;1710000;-0,0255;0;-0,012475785;38.198;37.581;37.949
25/02/2009;38.232;38.712;38.933;37.694;1220000;-0,0125;0;-0,001360117;37.533;37.420;38.041
26/02/2009;38.180;38.234;39.219;38.180;1520000;-0,0014;0;7,85752E-05;36.962;37.215;38.181
27/02/2009;38.183;38.178;38.801;37.324;1650000;0,0001;1;-0,051017469;37.035;37.302;38.343
02/03/2009;36.235;38.180;38.180;36.196;1730000;-0,051;0;0,006430247;37.413;37.669;38.617
03/03/2009;36.468;36.236;37.085;35.722;1730000;0,0064;1;0,053032796;37.625;38.053;39.044
04/03/2009;38.402;36.468;38.554;36.468;1800000;0,053;1;-0,026899641;37.072;38.140;39.263
05/03/2009;37.369;38.391;38.391;36.973;1350000;-0,0269;0;-0,007064679;37.547;38.317;39.580
06/03/2009;37.105;37.367;38.309;36.476;1480000;-0,0071;0;-0,009809999;38.114;38.661;39.971
09/03/2009;36.741;37.103;37.464;36.392;1070000;-0,0098;0;0,055904847;38.917;39.147;40.340
10/03/2009;38.795;36.745;38.804;36.745;1790000;0,0559;1;0,000257765;38.991;39.384;40.473
11/03/2009;38.805;38.795;39.310;38.238;1400000;0,0003;1;0,008942147;38.925;39.565;40.625
12/03/2009;39.152;38.806;39.304;38.286;1630000;0,0089;1;-0,003499183;39.044;40.035;40.826
13/03/2009;39.015;39.152;39.707;38.580;1600000;-0,0035;0;-0,010457516;39.420;40.386;41.164
16/03/2009;38.607;39.018;39.713;38.467;1530000;-0,0105;0;0,023415443;40.035;40.842;41.577
17/03/2009;39.511;38.608;39.511;38.080;1460000;0,0234;1;0,015970236;40.224;41.282;41.909
18/03/2009;40.142;39.508;40.551;38.850;1730000;0,016;1;0,007747496;40.989;41.534;42.172
19/03/2009;40.453;40.146;41.137;40.146;1900000;0,0077;1;-0,009319457;41.330;41.563;42.439
20/03/2009;40.076;40.453;41.053;40.076;1390000;-0,0093;0;0,05896297;41.905;41.684;42.829
23/03/2009;42.439;40.077;42.509;40.077;1880000;0,059;1;-0,022691392;41.955;41.618;43.083
24/03/2009;41.476;42.439;42.439;41.476;1830000;-0,0227;0;0,007787636;42.098;41.941;43.364
25/03/2009;41.799;41.478;42.623;41.114;1960000;0,0078;1;0,018899974;41.716;42.311;43.612
26/03/2009;42.589;41.801;42.680;41.801;1640000;0,0189;1;-0,016013525;41.162;42.537;43.858
27/03/2009;41.907;42.589;42.589;41.586;1340000;-0,016;0;-0,029923402;41.185;42.811;44.134
30/03/2009;40.653;41.909;41.909;40.351;1510000;-0,0299;0;0,006715372;42.213;43.315;44.404
31/03/2009;40.926;40.661;41.610;40.661;1590000;0,0067;1;0,025656062;43.368;43.974;44.687
01/04/2009;41.976;40.918;42.005;40.256;1670000;0,0257;1;0,041928721;44.098;44.547;44.961
02/04/2009;43.736;41.977;44.286;41.977;2360000;0,0419;1;0,014976221;44.128;44.788;45.177
03/04/2009;44.391;43.738;44.610;43.520;1880000;0,015;1;-0,005046068;44.058;44.914;45.280
06/04/2009;44.167;44.385;44.385;43.429;1470000;-0,005;0;-0,007743338;44.515;45.179;45.398
07/04/2009;43.825;44.163;44.471;43.593;1710000;-0,0077;0;0,008146035;45.238;45.458;45.641
08/04/2009;44.182;43.828;44.390;43.706;1780000;0,0081;1;0,030713865;45.650;45.494;45.863
09/04/2009;45.539;44.183;45.702;44.183;1920000;0,0307;1;0,009947518;45.561;45.401;46.210
13/04/2009;45.992;45.536;46.179;45.226;1550000;0,0099;1;-0,012480431;45.572;45.374;46.544
14/04/2009;45.418;45.989;46.591;45.284;2130000;-0,0125;0;-0,003192567;45.692;45.567;46.979
15/04/2009;45.273;45.420;45.453;44.811;1760000;-0,0032;0;0,016610342;45.412;45.645;47.321
16/04/2009;46.025;45.277;46.211;45.277;1770000;0,0166;1;-0,005366649;45.033;45.616;47.704
17/04/2009;45.778;46.018;46.187;45.723;1470000;-0,0054;0;-0,029380925;45.041;45.823;48.075
20/04/2009;44.433;45.778;45.778;44.275;1270000;-0,0294;0;0,010240137;45.820;46.231;48.496
22/04/2009;44.888;44.434;45.369;44.434;1360000;0,0102;1;0,020339512;46.131;47.019;48.767
23/04/2009;45.801;44.888;45.804;44.888;1240000;0,0203;1;0,02120041;46.138;47.715;49.028
24/04/2009;46.772;45.801;46.946;45.801;1530000;0,0212;1;-0,020354058;46.289;48.390;49.187
27/04/2009;45.820;46.772;46.772;45.662;1690000;-0,0204;0;2,18245E-05;46.779;48.996;49.590
28/04/2009;45.821;45.819;46.138;44.966;1790000;0;0;0,030684621;48.307;49.792;49.985
29/04/2009;47.227;45.825;47.410;45.825;2050000;0,0307;1;0,001333983;49.455;50.328;50.272
30/04/2009;47.290;47.235;48.126;47.235;2140000;0,0013;1;0,065870163;50.858;50.761;50.472
04/05/2009;50.405;47.290;50.405;47.290;2500000;0,0659;1;0,005257415;50.742;50.515;50.483
05/05/2009;50.670;50.404;50.909;50.013;1950000;0,0053;1;0,016360766;50.984;50.340;50.494
06/05/2009;51.499;50.675;52.096;50.672;2470000;0,0164;1;-0,027981126;50.810;49.984;50.518
07/05/2009;50.058;51.499;52.079;49.743;2030000;-0,028;0;0,026728994;50.899;50.185;50.642
08/05/2009;51.396;50.066;51.396;50.051;1690000;0,0267;1;-0,008171842;49.994;50.178;50.760
11/05/2009;50.976;51.389;51.389;50.060;1290000;-0,0082;0;-0,012751099;49.484;50.216;50.918
12/05/2009;50.326;50.980;51.565;49.808;1850000;-0,0128;0;-0,032726622;49.044;50.182;51.215
13/05/2009;48.679;50.317;50.317;48.430;1710000;-0,0327;0;0,015756281;49.972;50.452;51.596
14/05/2009;49.446;48.671;49.461;48.284;1420000;0,0158;1;-0,008878372;50.606;50.648;51.784
15/05/2009;49.007;49.447;49.552;48.796;1510000;-0,0089;0;0,05011529;51.352;51.052;52.103
18/05/2009;51.463;49.012;51.490;49.012;1730000;0,0501;1;-0,002254047;50.893;51.099;52.237
19/05/2009;51.347;51.465;52.145;50.987;2000000;-0,0023;0;-0,001986484;50.633;51.341;52.400
20/05/2009;51.245;51.349;52.640;51.143;2060000;-0,002;0;-0,022597327;50.490;51.620;52.536
21/05/2009;50.087;51.244;51.244;49.565;1680000;-0,0226;0;0,00960329;51.075;52.249;52.774
22/05/2009;50.568;50.089;50.893;49.989;1310000;0,0096;1;0,004904287;51.483;52.739;52.987
25/05/2009;50.816;50.558;50.969;50.558;490960;0,0049;1;0,020170812;52.225;52.921;53.074
26/05/2009;51.841;50.817;51.934;50.074;1460000;0,0202;1;-0,000945198;52.677;53.153;53.029
27/05/2009;51.792;51.840;53.092;51.637;1730000;-0,0009;0;0,024115694;53.575;53.374;52.976
28/05/2009;53.041;51.795;53.041;51.795;1520000;0,0241;1;0,002959974;53.895;53.458;52.823
29/05/2009;53.198;53.047;53.806;52.432;2840000;0,003;1;0,024211437;53.524;53.452;52.693
01/06/2009;54.486;53.202;54.857;53.202;1800000;0,0242;1;-0,008919722;53.184;53.299;52.336
02/06/2009;54.000;54.486;54.955;53.850;1920000;-0,0089;0;-0,035425926;52.964;53.235;52.037
03/06/2009;52.087;53.999;54.001;51.643;2040000;-0,0354;0;0,026436539;53.478;53.228;51.865
04/06/2009;53.464;52.094;53.464;51.745;1400000;0,0264;1;-0,002300613;53.376;52.905;51.725
05/06/2009;53.341;53.474;54.627;53.050;1440000;-0,0023;0;0,005417971;53.399;52.577;51.593
08/06/2009;53.630;53.340;53.905;52.483;1180000;0,0054;1;-0,00881969;53.375;52.188;51.486
09/06/2009;53.157;53.633;54.102;52.845;1230000;-0,0088;0;0,004778298;53.001;51.933;51.366
10/06/2009;53.411;53.159;54.048;52.819;1440000;0,0048;1;0,002752242;52.266;51.374;51.232
12/06/2009;53.558;53.411;53.936;53.143;1420000;0,0028;1;-0,028455133;51.429;50.839;51.051
15/06/2009;52.034;53.558;53.558;51.252;1660000;-0,0285;0;-0,015912672;51.052;50.501;50.973
16/06/2009;51.206;52.035;52.494;51.166;1330000;-0,0159;0;-0,003124634;51.108;50.546;50.931
17/06/2009;51.046;51.197;51.197;50.265;1640000;-0,0031;0;-0,002801395;50.591;50.608;50.818
18/06/2009;50.903;51.050;51.275;50.510;1160000;-0,0028;0;0,009252893;50.228;50.785;50.694
19/06/2009;51.374;50.908;51.665;50.908;1230000;0,0093;1;-0,036574921;49.660;50.798;50.541
22/06/2009;49.495;51.367;51.367;49.411;1600000;-0,0366;0;0,006445095;50.334;51.091;50.519
23/06/2009;49.814;49.496;49.902;49.130;1400000;0,0064;1;-0,002850604;50.891;51.264;50.451
24/06/2009;49.672;49.819;50.758;49.520;1370000;-0,0029;0;0,037103398;51.713;51.444;50.567
25/06/2009;51.515;49.668;51.515;49.327;1590000;0,0371;1;-0,000562943;51.696;51.316;50.596
26/06/2009;51.486;51.516;51.935;51.341;1220000;-0,0006;0;0,012663637;51.716;51.027;50.638
29/06/2009;52.138;51.488;52.275;51.488;1050000;0,0127;1;-0,012908052;51.345;50.604;50.711
30/06/2009;51.465;52.143;52.435;51.102;1320000;-0,0129;0;0,001535024;51.168;50.283;50.837
01/07/2009;51.544;51.464;52.383;51.464;1370000;0,0015;1;-0,010069067;50.861;49.946;50.946
02/07/2009;51.025;51.538;51.538;50.608;1010000;-0,0101;0;-0,001763841;50.338;49.639;51.177
03/07/2009;50.935;51.026;51.167;50.915;487810;-0,0018;0;-0,006145087;49.752;49.691;51.428
06/07/2009;50.622;50.932;50.932;49.691;1380000;-0,0061;0;-0,023013709;49.285;49.876;51.709
07/07/2009;49.457;50.619;50.621;49.400;1640000;-0,023;0;-0,005641264;49.195;50.249;52.067
08/07/2009;49.178;49.460;49.846;48.456;1550000;-0,0056;0;0,000874375;49.094;50.818;52.392
10/07/2009;49.221;49.175;49.326;48.714;1040000;0,0009;1;-0,000690762;49.786;51.391;52.768
13/07/2009;49.187;49.221;49.644;48.262;1330000;-0,0007;0;-0,006383801;50.696;51.946;53.166
14/07/2009;48.873;49.186;49.647;48.573;1430000;-0,0064;0;0,049597938;51.762;52.714;53.675
15/07/2009;51.297;48.876;51.488;48.876;1890000;0,0496;1;0,012105971;52.382;53.165;54.014
16/07/2009;51.918;51.292;52.338;50.703;1550000;0,0121;1;0,002966216;52.820;53.541;54.333
17/07/2009;52.072;51.918;52.352;51.736;1230000;0,003;1;0,020798126;53.154;53.884;54.596
20/07/2009;53.155;52.073;53.262;52.073;1500000;0,0208;1;0,00148622;53.519;53.967;54.823
21/07/2009;53.234;53.155;53.716;52.520;1400000;0,0015;1;-0,003024383;53.926;54.145;55.080
22/07/2009;53.073;53.232;53.664;52.543;1360000;-0,003;0;0,02215816;54.418;54.387;55.272
23/07/2009;54.249;53.074;54.629;53.065;2060000;0,0222;1;0,003834172;54.493;54.636;55.439
24/07/2009;54.457;54.249;54.600;54.037;1130000;0,0038;1;0,001689406;54.252;54.862;55.624
27/07/2009;54.549;54.458;54.886;53.943;1110000;0,0017;1;-0,001411575;54.228;55.124;55.773
28/07/2009;54.472;54.547;54.547;53.779;1300000;-0,0014;0;-0,013529887;54.326;55.308;55.826
29/07/2009;53.735;54.470;54.470;53.256;1230000;-0,0135;0;0,013827115;55.081;55.678;55.970
30/07/2009;54.478;53.735;55.083;53.735;1250000;0,0138;1;0,005286538;55.601;56.014;56.090
31/07/2009;54.766;54.474;54.980;54.206;1230000;0,0053;1;0,022495709;56.140;56.157;56.237
03/08/2009;55.998;54.766;56.200;54.766;1260000;0,0225;1;0,000714311;56.059;56.241;56.361
04/08/2009;56.038;55.998;56.656;55.727;1510000;0,0007;1;0,006174382;56.156;56.385;56.485
05/08/2009;56.384;56.041;56.586;55.407;1240000;0,0062;1;-0,011155647;56.305;56.421;56.559
06/08/2009;55.755;56.385;56.780;55.361;1330000;-0,0112;0;0,010312976;56.307;56.345;56.703
07/08/2009;56.330;55.758;56.644;55.758;1260000;0,0103;1;0,008876265;56.393;56.262;56.801
10/08/2009;56.830;56.329;56.830;56.151;1190000;0,0089;1;-0,018810487;56.466;56.165;56.863
11/08/2009;55.761;56.816;56.816;55.568;1410000;-0,0188;0;0,014831154;56.758;56.318;56.915
12/08/2009;56.588;55.761;56.696;55.714;1660000;0,0148;1;0,008128932;56.301;56.481;56.860
13/08/2009;57.048;56.588;57.367;56.533;1510000;0,0081;1;-0,00718693;55.868;56.585;56.741
14/08/2009;56.638;57.048;57.190;55.979;1500000;-0,0072;0;-0,025071507;55.708;56.697;56.675
17/08/2009;55.218;56.636;56.636;54.881;1400000;-0,0251;0;0,009616429;56.245;57.061;56.777
18/08/2009;55.749;55.219;55.891;55.216;1130000;0,0096;1;0,007300579;56.905;57.340;56.928
19/08/2009;56.156;55.748;56.212;54.918;1280000;0,0073;1;0,012020087;57.445;57.561;57.053
20/08/2009;56.831;56.173;56.897;56.143;1070000;0,012;1;0,015801235;57.642;57.512;57.175
21/08/2009;57.729;56.836;57.782;56.836;1240000;0,0158;1;0,000796827;57.654;57.239;57.220
24/08/2009;57.775;57.731;58.634;57.698;1430000;0,0008;1;-0,006127218;57.630;56.897;57.298
25/08/2009;57.421;57.778;58.311;57.401;1250000;-0,0061;0;0,006008255;57.724;56.653;57.430
26/08/2009;57.766;57.425;57.791;57.106;1240000;0,006;1;-0,001073296;57.298;56.493;57.619
27/08/2009;57.704;57.769;57.878;56.845;1350000;-0,0011;0;-5,20E-05;56.668;56.515;57.800
28/08/2009;57.701;57.704;58.136;57.344;1180000;-0,0001;0;-0,021004835;55.897;56.545;58.014
31/08/2009;56.489;57.698;57.698;56.170;1500000;-0,021;0;-0,011931526;55.636;56.837;58.331
01/09/2009;55.815;56.489;57.002;55.764;1440000;-0,0119;0;-0,007686106;55.915;57.202;58.737
02/09/2009;55.386;55.813;55.948;55.386;1640000;-0,0077;0;0,005795688;56.738;57.699;59.102
03/09/2009;55.707;55.389;55.888;55.339;1270000;0,0058;1;0,016963757;57.472;58.207;59.412
04/09/2009;56.652;55.707;56.729;55.656;1200000;0,017;1;0,021234908;58.100;58.744;59.676
08/09/2009;57.855;56.655;57.855;56.655;1370000;0,0212;1;0,000950652;58.271;59.084;59.924
09/09/2009;57.910;57.844;58.089;57.534;1360000;0,001;1;0,010809877;58.590;59.483;60.161
10/09/2009;58.536;57.908;58.538;57.615;1400000;0,0108;1;-0,002904196;58.833;59.825;60.374
11/09/2009;58.366;58.537;58.834;58.145;1120000;-0,0029;0;0,008600898;59.514;60.272;60.524
14/09/2009;58.868;58.363;58.868;57.753;990510;0,0086;1;0,006726914;59.970;60.504;60.688
15/09/2009;59.264;58.868;59.401;58.691;1130000;0,0067;1;0,019354077;60.450;60.616;60.910
16/09/2009;60.411;59.265;60.526;59.265;1810000;0,0194;1;-0,002896823;60.622;60.608;61.071
17/09/2009;60.236;60.409;61.027;60.116;1590000;-0,0029;0;0,007752839;61.041;60.763;61.243
18/09/2009;60.703;60.236;60.710;60.158;1290000;0,0078;1;0,003706571;60.972;60.839;61.461
21/09/2009;60.928;60.703;61.066;60.014;1360000;0,0037;1;0,009273241;60.678;60.923;61.686
22/09/2009;61.493;60.938;62.017;60.938;1590000;0,0093;1;-0,016213228;60.299;60.775;61.911
23/09/2009;60.496;61.489;61.630;60.478;1520000;-0,0162;0;-0,007438508;60.573;60.872;62.319
24/09/2009;60.046;60.496;60.978;59.600;1310000;-0,0074;0;0,005162709;60.969;61.204;62.794
25/09/2009;60.356;60.045;60.472;59.755;989790;0,0052;1;0,015922195;61.357;61.534;63.211
28/09/2009;61.317;60.357;61.317;60.357;955740;0,0159;1;-0,001337313;61.071;61.723;63.634
29/09/2009;61.235;61.316;61.599;60.750;1180000;-0,0013;0;0,00462154;61.050;62.084;63.925
30/09/2009;61.518;61.241;61.926;60.978;1540000;0,0046;1;-0,017214474;61.333;62.449;64.208
01/10/2009;60.459;61.519;61.519;60.306;1400000;-0,0172;0;0,011793116;62.071;63.047;64.614
02/10/2009;61.172;60.453;61.333;59.678;1740000;0,0118;1;0,019567776;62.559;63.765;64.892
05/10/2009;62.369;61.178;62.460;61.178;1340000;0,0196;1;0,004842149;63.023;64.384;65.086
06/10/2009;62.671;62.378;63.291;62.002;1670000;0,0048;1;-0,000526559;63.490;64.888;65.121
07/10/2009;62.638;62.666;63.015;62.104;1410000;-0,0005;0;0,017912449;64.159;65.546;64.944
08/10/2009;63.760;62.640;63.816;62.640;1770000;0,0179;1;0,004877666;64.973;65.766;64.941
09/10/2009;64.071;63.772;64.177;63.493;1150000;0,0049;1;0,008974419;65.850;65.968;64.761
13/10/2009;64.646;64.075;64.646;63.967;1190000;0,009;1;0,024054079;66.368;66.181;64.618
14/10/2009;66.201;64.653;66.393;64.653;2100000;0,0241;1;0,007582967;66.714;66.018;64.454
15/10/2009;66.703;66.199;66.703;65.837;1330000;0,0076;1;-0,00754089;66.247;65.787;64.319
16/10/2009;66.200;66.703;66.703;65.499;1480000;-0,0075;0;0,015694864;66.009;65.353;64.195
19/10/2009;67.239;66.200;67.530;66.194;1400000;0,0157;1;-0,028792814;65.641;64.342;64.122
20/10/2009;65.303;67.231;67.231;64.076;2650000;-0,0288;0;0,002802321;65.560;64.116;64.194
21/10/2009;65.486;65.302;67.157;65.221;1790000;0,0028;1;0,009910515;65.427;63.553;64.261
22/10/2009;66.135;65.490;66.502;65.454;1270000;0,0099;1;-0,016269751;64.435;63.054;64.141
23/10/2009;65.059;66.144;66.982;64.988;1390000;-0,0163;0;0,000415008;62.803;62.890;64.160
26/10/2009;65.086;65.056;65.901;64.501;1380000;0,0004;1;-0,029576253;62.348;62.852;64.270
27/10/2009;63.161;65.090;65.498;63.161;1500000;-0,0296;0;-0,047481832;61.810;63.038;64.573
28/10/2009;60.162;63.161;63.173;60.146;2240000;-0,0475;0;0,059156943;62.637;63.903;65.027
29/10/2009;63.721;60.167;63.907;60.167;1750000;0,0592;1;-0,034133174;62.701;64.272;65.213
30/10/2009;61.546;63.721;64.226;60.913;2000000;-0,0341;0;0,017824067;63.791;64.969;65.589
03/11/2009;62.643;61.539;63.237;60.724;1900000;0,0178;1;0,020273614;64.398;65.227;65.923
04/11/2009;63.913;62.650;64.142;62.650;1890000;0,0203;1;0,014128581;65.165;65.429;66.209
05/11/2009;64.816;63.907;64.830;63.700;1580000;0,0141;1;-0,005399901;65.661;65.688;66.321
06/11/2009;64.466;64.820;65.094;63.587;1660000;-0,0054;0;0,027115068;66.316;66.108;66.508
09/11/2009;66.214;64.475;66.236;64.475;1600000;0,0271;1;0,001344127;65.727;66.151;66.568
10/11/2009;66.303;66.214;66.709;65.706;1650000;0,0013;1;0,001930531;65.402;66.154;66.718
11/11/2009;66.431;66.303;67.170;66.028;1810000;0,0019;1;-0,029850522;65.467;66.208;66.874
12/11/2009;64.448;66.427;66.614;64.319;1910000;-0,0299;0;0,013623386;66.453;66.618;67.150
13/11/2009;65.326;64.452;65.788;64.229;1860000;0,0136;1;0,019915501;66.850;66.988;67.313
16/11/2009;66.627;65.326;66.896;65.326;1760000;0,0199;1;0,011691957;66.750;66.955;67.447
17/11/2009;67.406;66.632;67.409;66.232;1730000;0,0117;1;-0,013203572;66.551;66.909;67.471
18/11/2009;66.516;67.430;68.060;66.494;1590000;-0,0132;0;-0,002841422;66.818;66.984;67.577
19/11/2009;66.327;66.514;66.564;65.547;1470000;-0,0028;0;0,007267025;67.348;67.281;67.749
23/11/2009;66.809;66.335;67.365;66.335;1580000;0,0073;1;0,007603766;67.209;67.539;67.924
24/11/2009;67.317;66.812;67.317;65.969;1350000;0,0076;1;0,008913053;67.130;67.682;68.070
25/11/2009;67.917;67.319;67.997;67.241;1390000;0,0089;1;-0,022453878;66.839;67.637;68.169
26/11/2009;66.392;67.911;67.911;66.236;825670;-0,0225;0;0,010392818;67.511;67.940;68.328
27/11/2009;67.082;66.371;67.086;65.737;1170000;0,0104;1;-0,000566471;68.022;68.032;68.327
30/11/2009;67.044;67.082;67.545;66.876;2220000;-0,0006;0;0,020344848;68.446;68.171;68.310
01/12/2009;68.408;67.051;68.757;67.051;2330000;0,0203;1;0,003025962;68.178;68.216;68.132
02/12/2009;68.615;68.412;69.139;68.412;1360000;0,003;1;-0,004372222;68.144;68.310;68.047
03/12/2009;68.315;68.622;69.336;68.308;1220000;-0,0044;0;-0,01040767;67.948;68.457;67.995
04/12/2009;67.604;68.316;69.361;67.328;1410000;-0,0104;0;0,013431158;68.084;68.701;68.016
07/12/2009;68.512;67.611;68.866;67.611;1190000;0,0134;1;-0,011428655;68.156;68.717;68.001
08/12/2009;67.729;68.511;68.511;67.470;1550000;-0,0114;0;0,004178417;68.669;68.622;68.062
09/12/2009;68.012;67.736;68.272;67.484;1140000;0,0042;1;0,010527554;69.115;68.448;68.207
10/12/2009;68.728;68.021;68.912;68.021;1470000;0,0105;1;0,00784251;69.309;68.048;68.315
11/12/2009;69.267;68.750;69.502;68.750;1490000;0,0078;1;0,001183825;69.094;67.784;68.420
14/12/2009;69.349;69.273;69.785;69.193;1290000;0,0012;1;-0,000547953;68.334;67.532;68.498
15/12/2009;69.311;69.345;69.515;68.822;1280000;-0,0005;0;-0,009940702;67.495;67.331;68.566
16/12/2009;68.622;69.310;69.622;68.466;1710000;-0,0099;0;-0,022645799;66.596;67.285;68.696
17/12/2009;67.068;68.619;68.619;66.792;1340000;-0,0226;0;-0,004085406;66.712;67.502;68.911
18/12/2009;66.794;67.068;67.281;66.322;1080000;-0,0041;0;-0,013010151;66.977;67.966;69.167
21/12/2009;65.925;66.806;67.671;65.925;1410000;-0,013;0;0,022646947;67.636;68.583;69.444
22/12/2009;67.418;65.940;67.421;65.940;1270000;0,0226;1;0,002536415;67.929;69.056;69.555
23/12/2009;67.589;67.418;67.810;66.943;904330;0,0025;1;0,004630931;68.262;69.464;69.685
28/12/2009;67.902;67.591;68.277;67.591;556350;0,0046;1;0,00580248;68.976;69.802;69.828
29/12/2009;68.296;67.902;68.309;67.902;669250;0,0058;1;0,004275507;69.624;70.107;69.821
30/12/2009;68.588;68.277;68.588;67.749;1180000;0,0043;1;0,021242783;70.338;70.320;69.656
04/01/2010;70.045;68.587;70.081;68.587;1660000;0,0212;1;0,002783925;70.473;70.368;69.383
05/01/2010;70.240;70.046;70.595;69.928;1980000;0,0028;1;0,006961845;70.481;70.305;69.046
06/01/2010;70.729;70.236;70.937;70.016;2240000;0,007;1;-0,003930495;70.382;70.055;68.642
07/01/2010;70.451;70.723;70.723;70.045;1550000;-0,0039;0;-0,002668521;70.257;69.905;68.294
08/01/2010;70.263;70.455;70.766;70.158;1630000;-0,0027;0;0,002419481;70.298;69.855;67.947
11/01/2010;70.433;70.267;71.068;70.158;1570000;0,0024;1;-0,005068647;70.087;69.536;67.671
12/01/2010;70.076;70.429;70.429;69.284;1630000;-0,0051;0;0,004409498;69.721;68.992;67.463
13/01/2010;70.385;70.081;70.626;69.535;1820000;0,0044;1;-0,008297222;69.393;68.397;67.229
14/01/2010;69.801;70.377;70.508;69.661;1830000;-0,0083;0;-0,011790662;69.429;67.786;66.810
15/01/2010;68.978;69.780;69.788;68.695;1650000;-0,0118;0;0,00613239;69.170;67.228;66.366
18/01/2010;69.401;68.983;69.748;68.983;1140000;0,0061;1;0,007319779;68.126;66.683;65.920
19/01/2010;69.909;69.396;70.036;68.867;1320000;0,0073;1;-0,024446066;66.897;66.039;65.549
20/01/2010;68.200;69.901;69.901;67.546;1990000;-0,0244;0;-0,02829912;66.005;65.807;65.324
21/01/2010;66.270;68.200;68.458;65.996;2260000;-0,0283;0;-0,000754489;65.605;65.934;65.314
22/01/2010;66.220;66.264;66.660;65.445;1300000;-0,0008;0;-0,01051042;65.394;66.061;65.288
26/01/2010;65.524;66.213;66.213;64.719;1990000;-0,0105;0;-0,006928759;65.353;65.834;65.414
27/01/2010;65.070;65.527;65.663;64.553;1810000;-0,0069;0;0,007960658;65.854;65.504;65.611
28/01/2010;65.588;65.071;66.049;64.541;1650000;0,008;1;-0,002835885;66.379;65.157;65.755
29/01/2010;65.402;65.591;66.576;65.140;1820000;-0,0028;0;0,017889361;66.948;65.059;65.882
01/02/2010;66.572;65.402;66.763;65.362;1490000;0,0179;1;0,008877606;66.069;64.842;65.849
02/02/2010;67.163;66.589;67.321;66.539;1590000;0,0089;1;-0,000804014;64.602;64.694;65.751
03/02/2010;67.109;67.163;67.347;66.774;1760000;-0,0008;0;-0,047311091;63.283;64.515;65.681
04/02/2010;63.934;67.100;67.100;63.750;2260000;-0,0473;0;-0,018315763;63.545;64.993;65.864
05/02/2010;62.763;63.934;64.001;61.341;3050000;-0,0183;0;0,006213852;64.307;65.718;66.183
08/02/2010;63.153;62.760;63.923;62.728;1880000;0,0062;1;0,024781087;65.299;66.353;66.514
09/02/2010;64.718;63.164;65.526;63.164;1360000;0,0248;1;0,0051454;65.678;66.705;66.722
10/02/2010;65.051;64.721;65.170;64.320;891040;0,0051;1;0,016571613;66.423;66.856;66.920
11/02/2010;66.129;65.050;66.145;64.344;1260000;0,0166;1;-0,004143417;66.992;66.809;67.114
12/02/2010;65.855;66.129;66.133;65.123;873280;-0,0041;0;0,021714372;67.573;66.847;67.308
17/02/2010;67.285;65.863;67.542;65.863;1040000;0,0217;1;0,008189047;67.539;66.735;67.472
18/02/2010;67.836;67.285;67.836;66.550;1290000;0,0082;1;-0,003523203;66.963;66.648;67.625
19/02/2010;67.597;67.811;67.935;67.210;1250000;-0,0035;0;-0,006109739;66.362;66.674;67.788
22/02/2010;67.184;67.598;68.120;67.035;1400000;-0,0061;0;-0,016015718;66.008;66.739;67.942
23/02/2010;66.108;67.179;67.179;65.660;1640000;-0,016;0;-0,004734677;66.140;66.983;68.151
24/02/2010;65.795;66.110;66.514;65.534;1570000;-0,0047;0;0,004954784;66.617;67.419;68.447
25/02/2010;66.121;65.765;66.325;64.429;1790000;0,005;1;0,005777287;67.170;67.770;68.704
26/02/2010;66.503;66.118;66.510;65.607;1730000;0,0058;1;0,010901764;67.549;68.209;68.932
01/03/2010;67.228;66.511;67.397;66.511;1360000;0,0109;1;0,00819599;67.745;68.602;69.047
02/03/2010;67.779;67.228;68.250;67.228;1710000;0,0082;1;-0,002036029;68.101;68.902;69.137
03/03/2010;67.641;67.780;68.813;67.482;2110000;-0,002;0;0,002572404;68.412;69.145;69.262
04/03/2010;67.815;67.643;68.198;66.924;1400000;0,0026;1;0,015203126;68.999;69.318;69.340
05/03/2010;68.846;67.823;68.930;67.823;1950000;0,0152;1;-0,003936322;69.377;69.475;69.311
08/03/2010;68.575;68.851;69.070;68.318;1430000;-0,0039;0;0,014597156;69.813;69.639;69.319
09/03/2010;69.576;68.573;70.144;68.255;2460000;0,0146;1;0,005792227;69.735;69.656;69.345
10/03/2010;69.979;69.578;70.476;69.578;1910000;0,0058;1;-0,00134326;69.417;69.492;69.343
11/03/2010;69.885;69.981;70.183;69.411;1630000;-0,0013;0;-0,007784217;69.436;69.371;69.378
12/03/2010;69.341;69.901;70.486;69.341;1570000;-0,0078;0;-0,00457161;69.563;69.378;69.506
15/03/2010;69.024;69.340;69.384;68.623;1450000;-0,0046;0;0,013299722;69.787;69.362;69.668
16/03/2010;69.942;69.023;69.949;69.022;1300000;0,0133;1;-0,003131166;69.416;69.148;69.751
17/03/2010;69.723;69.945;70.424;69.376;1370000;-0,0031;0;-0,000372904;69.189;68.999;69.827
18/03/2010;69.697;69.726;70.128;68.972;1660000;-0,0004;0;-0,012453908;69.086;69.034;69.976
19/03/2010;68.829;69.701;69.998;68.773;1960000;-0,0125;0;0,003094626;69.114;69.195;70.161
22/03/2010;69.042;68.814;69.121;67.899;1400000;0,0031;1;0,004996958;68.914;69.385;70.273
23/03/2010;69.387;69.049;69.613;68.913;1610000;0,005;1;-0,006831251;68.679;69.635;70.374
24/03/2010;68.913;69.382;69.677;68.744;1600000;-0,0068;0;-0,006834705;69.021;69.975;70.525
25/03/2010;68.442;68.916;69.572;68.377;1480000;-0,0068;0;0,00352123;69.527;70.354;70.674
26/03/2010;68.683;68.442;68.910;68.024;1770000;0,0035;1;0,018286912;70.090;70.655;70.727
29/03/2010;69.939;68.681;69.943;68.681;1530000;0,0183;1;0,000300262;70.489;70.919;70.667
30/03/2010;69.960;69.942;70.451;69.750;1490000;0,0003;1;0,005889079;70.933;71.127;70.621
31/03/2010;70.372;69.960;70.392;69.573;1680000;0,0059;1;0,010856591;71.174;71.162;70.550
01/04/2010;71.136;70.375;71.401;70.373;1550000;0,0109;1;0,002164867;71.060;71.112;70.434
05/04/2010;71.290;71.148;71.645;71.148;1320000;0,0022;1;-0,002721279;71.225;71.076;70.261
06/04/2010;71.096;71.290;71.711;70.823;1700000;-0,0027;0;-0,004261843;71.332;70.994;69.934
07/04/2010;70.793;71.092;71.257;70.531;1720000;-0,0043;0;0,014012685;71.272;70.798;69.638
08/04/2010;71.785;70.793;71.805;70.462;1700000;0,014;1;-0,005126419;70.941;70.414;69.367
09/04/2010;71.417;71.783;71.989;71.307;1680000;-0,0051;0;-0,011243821;70.814;70.115;69.089
12/04/2010;70.614;71.414;71.607;70.505;1470000;-0,0112;0;0,002520747;70.784;69.939;68.839
13/04/2010;70.792;70.618;71.053;70.169;1630000;0,0025;1;0,003432591;70.327;69.756;68.416
14/04/2010;71.035;70.794;71.207;70.628;1760000;0,0034;1;-0,007193637;69.681;69.447;67.979
15/04/2010;70.524;71.036;71.066;70.429;2260000;-0,0072;0;-0,015640066;69.279;68.874;67.471
16/04/2010;69.421;70.522;70.522;69.013;2040000;-0,0156;0;-0,004652771;69.267;68.479;67.003
19/04/2010;69.098;69.418;69.431;68.378;1720000;-0,0047;0;0,003183884;69.404;68.319;66.743
20/04/2010;69.318;69.101;69.702;69.101;1750000;0,0032;1;0,000980986;69.256;68.063;66.393
22/04/2010;69.386;69.313;69.528;68.081;1790000;0,001;1;0,001772692;68.297;67.739;66.096
23/04/2010;69.509;69.388;69.709;68.832;1370000;0,0018;1;-0,009164281;67.346;67.076;65.759
26/04/2010;68.872;69.509;69.810;68.813;1180000;-0,0092;0;-0,034280985;67.048;66.511;65.369
27/04/2010;66.511;68.868;68.868;66.499;2060000;-0,0343;0;0,002180091;67.388;66.069;65.109
28/04/2010;66.656;66.513;67.253;65.914;1860000;0,0022;1;0,019833173;67.542;65.528;64.693
29/04/2010;67.978;66.661;68.012;66.661;1610000;0,0198;1;-0,006590367;66.506;65.167;64.101
30/04/2010;67.530;67.975;67.975;67.243;2120000;-0,0066;0;-0,006086184;65.634;64.724;63.434
03/05/2010;67.119;67.534;67.969;66.723;1780000;-0,0061;0;-0,03352255;64.399;64.453;62.944
04/05/2010;64.869;67.116;67.116;64.588;2820000;-0,0335;0;0,000693706;63.733;64.441;62.590
05/05/2010;64.914;64.859;65.612;63.533;2680000;0,0007;1;-0,023107496;63.913;64.227;62.181
06/05/2010;63.414;64.915;65.533;60.774;3210000;-0,0231;0;-0,008562778;64.250;64.148;61.951
07/05/2010;62.871;63.416;63.945;61.663;2900000;-0,0086;0;0,041068219;65.034;63.858;61.895
10/05/2010;65.453;62.872;66.083;62.872;2380000;0,0411;1;-0,015705926;64.812;63.035;61.645
11/05/2010;64.425;65.449;65.733;64.425;2400000;-0,0157;0;0,012402018;64.475;62.145;61.546
12/05/2010;65.224;64.438;65.351;64.438;1980000;0,0124;1;-0,006684656;63.689;61.435;61.305
13/05/2010;64.788;65.223;65.427;64.738;1800000;-0,0067;0;-0,021238501;62.373;60.739;61.173
14/05/2010;63.412;64.787;64.787;63.050;2220000;-0,0212;0;-0,008610358;61.132;60.135;61.049
17/05/2010;62.866;63.406;63.593;61.825;2750000;-0,0086;0;-0,03221137;59.574;59.753;60.929
18/05/2010;60.841;62.871;63.529;60.810;2790000;-0,0322;0;-0,0189346;59.380;59.932;60.997
19/05/2010;59.689;60.841;60.850;59.068;3200000;-0,0189;0;-0,025079998;59.455;60.254;61.124
20/05/2010;58.192;59.684;59.684;57.634;3370000;-0,0251;0;0,035520346;59.786;60.948;61.471
21/05/2010;60.259;58.192;60.303;57.997;2560000;0,0355;1;-0,005708691;59.763;61.174;61.710
24/05/2010;59.915;60.255;60.850;59.815;1790000;-0,0057;0;-0,012200618;60.489;61.606;61.969
25/05/2010;59.184;59.912;59.912;57.876;2480000;-0,0122;0;0,016997837;61.410;61.962;62.344
26/05/2010;60.190;59.182;60.701;59.179;3640000;0,017;1;0,031599934;62.362;62.104;62.670
27/05/2010;62.092;60.191;62.262;60.189;2390000;0,0316;1;-0,002335244;62.278;62.062;62.845
28/05/2010;61.947;62.080;62.247;61.305;2080000;-0,0023;0;0,017757115;62.610;61.995;63.023
31/05/2010;63.047;61.950;63.047;61.950;1200000;0,0178;1;-0,019128587;62.153;61.995;63.150
01/06/2010;61.841;63.033;63.033;61.605;2250000;-0,0191;0;0,017819893;61.934;62.247;63.362
02/06/2010;62.943;61.836;63.198;61.814;1880000;0,0178;1;-0,020129323;61.551;62.331;63.521
04/06/2010;61.676;62.940;62.940;61.422;1690000;-0,0201;0;-0,007993385;61.485;62.726;63.682
07/06/2010;61.183;61.675;62.119;61.099;1630000;-0,008;0;0,009986434;62.107;63.236;63.942
08/06/2010;61.794;61.187;62.000;61.187;1610000;0,01;1;-0,005097582;62.711;63.629;64.116
09/06/2010;61.479;61.799;62.684;61.479;1740000;-0,0051;0;0,025537175;63.396;64.051;64.152
10/06/2010;63.049;61.484;63.146;61.484;1720000;0,0255;1;0,008818538;63.860;64.306;64.001
11/06/2010;63.605;63.044;63.766;62.371;1350000;0,0088;1;-0,001131986;64.242;64.478;63.832
14/06/2010;63.533;63.613;64.296;63.529;1790000;-0,0011;0;0,014307525;64.578;64.710;63.681
15/06/2010;64.442;63.534;64.554;63.534;1270000;0,0143;1;0,004795009;64.577;64.638;63.426
16/06/2010;64.751;64.442;65.097;63.974;2440000;0,0048;1;-0,003243193;64.603;64.649;63.234
17/06/2010;64.541;64.745;65.182;64.115;1890000;-0,0032;0;-0,001595885;64.693;64.603;63.144
18/06/2010;64.438;64.542;64.941;64.239;1870000;-0,0016;0;0,006067848;64.933;64.252;63.075
21/06/2010;64.829;64.442;65.517;64.442;1620000;0,0061;1;-0,000277654;64.636;63.696;62.942
22/06/2010;64.811;64.834;65.831;64.690;1930000;-0,0003;0;0,005384888;64.640;63.185;62.862
23/06/2010;65.160;64.812;65.161;64.247;1760000;0,0054;1;-0,018769184;64.329;62.652;62.742
24/06/2010;63.937;65.154;65.154;63.736;1790000;-0,0188;0;0,013873031;63.676;62.213;62.710
25/06/2010;64.824;63.937;64.869;63.806;1260000;0,0139;1;-0,009240405;62.380;61.819;62.532
28/06/2010;64.225;64.825;65.105;64.225;943300;-0,0092;0;-0,034986376;61.383;61.685;62.466
29/06/2010;61.978;64.216;64.216;61.670;2200000;-0,035;0;-0,016812417;61.201;61.899;62.643
30/06/2010;60.936;61.972;62.645;60.936;1960000;-0,0168;0;0,004923198;61.177;62.188;62.896
01/07/2010;61.236;60.935;61.381;60.056;2130000;0,0049;1;0,003168071;61.453;62.538;63.218
02/07/2010;61.430;61.236;61.812;60.764;1140000;0,0032;1;-0,009197461;62.071;62.831;63.568
05/07/2010;60.865;61.436;61.667;60.796;759930;-0,0092;0;0,019715764;62.942;63.206;63.966
06/07/2010;62.065;60.870;62.451;60.870;1790000;0,0197;1;0,019640699;63.240;63.245;64.296
07/07/2010;63.284;62.067;63.313;62.004;1730000;0,0196;1;0,003033942;63.374;63.247;64.547
08/07/2010;63.476;63.282;63.596;62.895;1660000;0,003;1;-0,008129057;63.375;63.387;64.796
12/07/2010;62.960;63.477;63.972;62.750;1230000;-0,0081;0;0,011531131;63.551;63.604;65.121
13/07/2010;63.686;62.964;63.777;62.964;1580000;0,0115;1;-0,003250322;63.102;63.899;65.466
14/07/2010;63.479;63.686;63.688;63.015;1450000;-0,0033;0;0,000157532;63.042;64.305;65.789
15/07/2010;63.489;63.482;63.612;62.960;1560000;0,0002;1;-0,018113374;63.366;64.727;66.130
16/07/2010;62.339;63.487;63.492;62.298;1330000;-0,0181;0;0,015367587;64.079;65.346;66.564
19/07/2010;63.297;62.351;63.300;62.351;1280000;0,0154;1;0,018405296;64.896;65.848;66.907
20/07/2010;64.462;63.290;64.481;62.902;2430000;0,0184;1;0,000232695;65.516;66.204;67.150
21/07/2010;64.477;64.468;65.136;64.209;1820000;0,0002;1;0,019712456;66.171;66.638;67.346
22/07/2010;65.748;64.504;66.213;64.504;2320000;0,0197;1;0,008745513;66.480;67.033;67.349
23/07/2010;66.323;65.748;66.323;65.427;1540000;0,0087;1;0,001809327;66.642;67.273;67.323
26/07/2010;66.443;66.322;66.619;66.151;1230000;0,0018;1;0,003476664;66.812;67.534;67.311
27/07/2010;66.674;66.449;67.102;66.293;1600000;0,0035;1;0,002009779;67.092;67.782;67.313
28/07/2010;66.808;66.670;67.051;66.427;1940000;0,002;1;0,002185367;67.662;67.966;67.368
29/07/2010;66.954;66.796;67.428;66.596;2160000;0,0022;1;0,008378887;68.010;68.096;67.417
30/07/2010;67.515;66.951;67.608;66.218;2090000;0,0084;1;0,014841146;68.262;68.054;67.372
02/08/2010;68.517;67.524;68.754;67.524;1770000;0,0148;1;-0,007589357;68.227;67.664;67.241
03/08/2010;67.997;68.517;68.561;67.942;1900000;-0,0076;0;0,004044296;68.260;67.374;67.097
04/08/2010;68.272;67.996;68.534;67.577;1880000;0,004;1;0,002050621;68.123;67.087;66.874
05/08/2010;68.412;68.271;68.471;68.002;1610000;0,0021;1;-0,00463369;67.727;66.843;66.616
06/08/2010;68.095;68.416;68.509;67.686;1510000;-0,0046;0;-0,00342169;66.958;66.770;66.314
09/08/2010;67.862;68.096;68.513;67.749;1250000;-0,0034;0;-0,009416168;66.326;66.738;66.152
10/08/2010;67.223;67.836;67.836;66.946;1630000;-0,0094;0;-0,021317109;66.007;66.690;65.940
11/08/2010;65.790;67.217;67.217;65.690;1730000;-0,0213;0;0,002675179;66.311;66.817;65.894
12/08/2010;65.966;65.788;66.027;65.257;1550000;0,0027;1;0,004517479;66.850;66.819;65.973
13/08/2010;66.264;65.964;66.590;65.921;1840000;0,0045;1;0,006609924;67.308;66.661;66.012
16/08/2010;66.702;66.260;66.868;66.187;1390000;0,0066;1;0,013222992;67.370;66.390;66.010
17/08/2010;67.584;66.702;67.666;66.702;1750000;0,0132;1;0,000799006;67.067;65.859;65.951
18/08/2010;67.638;67.584;67.745;67.006;2370000;0,0008;1;-0,011103226;66.515;65.565;65.863
19/08/2010;66.887;67.641;67.713;66.824;1920000;-0,0111;0;-0,003139624;65.938;65.190;65.844
20/08/2010;66.677;66.892;66.892;66.337;1410000;-0,0031;0;-0,010423384;65.314;64.971;65.853
23/08/2010;65.982;66.678;67.175;65.982;1380000;-0,0104;0;-0,012518566;64.609;65.127;66.000
24/08/2010;65.156;65.946;65.946;65.013;1600000;-0,0125;0;-0,005417767;64.752;65.363;66.181
25/08/2010;64.803;65.156;65.156;64.164;1750000;-0,0054;0;-0,014443776;64.571;65.631;66.417
26/08/2010;63.867;64.802;65.271;63.804;1770000;-0,0144;0;0,026899651;64.997;66.043;66.688
27/08/2010;65.585;63.875;65.589;63.848;1760000;0,0269;1;-0,020187543;65.493;66.160;66.795
30/08/2010;64.261;65.585;65.585;64.255;1290000;-0,0202;0;0,0137564;66.342;66.498;67.076
31/08/2010;65.145;64.262;65.182;64.202;3280000;0,0138;1;0,029595518;66.853;66.735;67.260
01/09/2010;67.073;65.154;67.073;65.154;2510000;0,0296;1;-0,003950919;66.745;66.872;67.349
02/09/2010;66.808;67.073;67.168;66.405;1600000;-0,004;0;-0,001930906;66.611;66.998;67.491
03/09/2010;66.679;66.812;67.673;66.541;2020000;-0,0019;0;0,001019811;66.593;67.202;67.599
06/09/2010;66.747;66.679;66.949;66.380;651480;0,001;1;-0,005093862;66.613;67.333;67.747
08/09/2010;66.407;66.739;66.739;66.101;1720000;-0,0051;0;0,003267728;67.154;67.430;67.949
09/09/2010;66.624;66.411;66.806;66.353;1440000;0,0033;1;0,002746758;67.510;67.654;68.135
10/09/2010;66.807;66.622;66.920;66.459;1560000;0,0027;1;0,018321433;67.943;67.784;68.322
13/09/2010;68.031;66.807;68.142;66.807;2140000;0,0183;1;-0,004983022;67.821;67.826;68.479
14/09/2010;67.692;68.030;68.093;67.561;2590000;-0,005;0;0,00613071;67.620;67.984;68.671
15/09/2010;68.107;67.690;68.107;67.119;2230000;0,0061;1;-0,006519154;67.647;67.997;68.898
16/09/2010;67.663;68.103;68.103;67.507;1460000;-0,0065;0;-0,008483218;67.666;68.161;69.104
17/09/2010;67.089;67.665;67.773;66.993;1630000;-0,0085;0;0,016411036;68.078;68.467;69.306
20/09/2010;68.190;67.087;68.241;67.009;1780000;0,0164;1;-0,006907171;68.279;68.615;69.493
21/09/2010;67.719;68.189;68.255;67.528;1730000;-0,0069;0;0,008948744;68.438;68.860;69.723
22/09/2010;68.325;67.711;68.549;67.346;2500000;0,0089;1;0,006864252;68.602;69.132;69.963
23/09/2010;68.794;68.321;69.601;67.892;3310000;0,0069;1;-0,008692619;68.747;69.359;70.170
24/09/2010;68.196;68.800;69.571;68.021;3440000;-0,0087;0;0,009091442;69.091;69.800;70.429
27/09/2010;68.816;68.197;68.926;68.011;2140000;0,0091;1;0,00598698;69.295;70.046;70.638
28/09/2010;69.228;68.817;69.431;68.455;1850000;0,006;1;0;69.629;70.145;70.683
29/09/2010;69.228;69.225;69.420;68.958;3070000;0;0;0,002917894;70.015;70.371;70.767
30/09/2010;69.430;69.230;69.737;68.924;2470000;0,0029;1;0,011507994;70.632;70.587;70.783
01/10/2010;70.229;69.438;70.243;69.228;2450000;0,0115;1;0,002221305;70.736;70.794;70.733
04/10/2010;70.385;70.230;70.551;70.089;1880000;0,0022;1;0,0127584;70.581;70.981;70.676
05/10/2010;71.283;70.390;71.285;70.390;2710000;0,0128;1;-0,010409214;70.423;71.059;70.637
06/10/2010;70.541;71.284;71.290;70.343;2780000;-0,0104;0;-0,008831743;70.558;71.229;70.639
07/10/2010;69.918;70.545;70.739;69.314;2590000;-0,0088;0;0,0127435;71.143;71.222;70.668
08/10/2010;70.809;69.921;70.828;69.698;2140000;0,0127;1;0,001934782;71.438;71.164;70.658
11/10/2010;70.946;70.810;71.111;70.810;1170000;0,0019;1;0,010275421;71.732;70.979;70.702
13/10/2010;71.675;70.950;71.995;70.950;2980000;0,0103;1;0,000237182;71.753;70.673;70.718
14/10/2010;71.692;71.676;71.961;71.264;2630000;0,0002;1;0,001924901;71.143;70.371;70.812
15/10/2010;71.830;71.699;72.140;71.351;2020000;0,0019;1;-0,001308645;70.668;70.215;70.867
18/10/2010;71.736;71.830;71.884;71.341;2110000;-0,0013;0;-0,026095684;69.974;70.049;70.933
19/10/2010;69.864;71.735;71.735;69.628;2500000;-0,0261;0;0,007743616;69.862;70.114;71.062
20/10/2010;70.405;69.863;70.720;69.814;2410000;0,0077;1;-0,010695263;69.587;70.152;71.151
21/10/2010;69.652;70.406;70.958;68.952;2590000;-0,0107;0;-0,001751565;69.950;70.425;71.261
22/10/2010;69.530;69.658;70.312;68.847;2420000;-0,0018;0;0,000719114;70.296;70.764;71.321
25/10/2010;69.580;69.536;70.231;69.451;3840000;0,0007;1;0,016671457;70.543;71.252;71.293
26/10/2010;70.740;69.582;70.834;69.055;2580000;0,0167;1;-0,002417303;70.521;71.519;71.219
27/10/2010;70.569;70.735;70.844;70.059;2200000;-0,0024;0;-0,003528462;70.851;71.817;71.234
28/10/2010;70.320;70.573;71.263;70.234;2230000;-0,0035;0;0,005019909;71.380;72.011;71.276
29/10/2010;70.673;70.322;70.776;70.322;2210000;0,005;1;0,012564912;72.154;72.149;71.201
01/11/2010;71.561;70.686;71.751;70.673;1560000;0,0126;1;0,004807088;72.503;72.097;70.944
03/11/2010;71.905;71.560;72.110;71.510;2150000;0,0048;1;0,015172797;72.753;71.877;70.781
04/11/2010;72.996;71.910;73.103;71.910;2180000;0,0152;1;-0,005329059;72.314;71.334;70.521
05/11/2010;72.607;72.987;72.987;72.534;1730000;-0,0053;0;0,000688639;71.991;70.920;70.208
08/11/2010;72.657;72.607;72.875;72.336;1080000;0,0007;1;-0,013460506;71.504;70.652;69.869
09/11/2010;71.679;72.654;73.045;71.651;1510000;-0,0135;0;-0,000571995;71.067;70.540;69.585
10/11/2010;71.638;71.674;71.854;70.868;1490000;-0,0006;0;-0,006183869;70.251;70.253;69.422
11/11/2010;71.195;71.639;71.639;70.941;1350000;-0,0062;0;-0,01163003;69.756;69.790;69.303
12/11/2010;70.367;71.191;71.191;70.004;1190000;-0,0116;0;-0,016698168;69.894;69.685;69.260
16/11/2010;69.192;70.364;70.364;68.662;2240000;-0,0167;0;0,007471962;70.463;69.709;69.285
17/11/2010;69.709;69.189;70.080;69.187;1990000;0,0075;1;0,015378215;70.437;69.497;69.259
18/11/2010;70.781;69.716;70.904;69.716;1880000;0,0154;1;0,001652986;69.494;69.087;69.073
19/11/2010;70.898;70.774;70.898;70.236;1510000;0,0017;1;-0,017856639;69.071;68.631;68.857
22/11/2010;69.632;70.898;70.898;69.202;1740000;-0,0179;0;-0,024112477;68.981;68.590;68.765
23/11/2010;67.953;69.629;69.629;67.728;2080000;-0,0241;0;0,024664106;69.072;68.815;68.849
24/11/2010;69.629;67.955;69.746;67.955;1990000;0,0247;1;-0,003834609;68.499;68.834;68.785
25/11/2010;69.362;69.634;69.780;69.362;981630;-0,0038;0;-0,016377844;67.946;68.861;68.679
26/11/2010;68.226;69.349;69.349;68.219;1560000;-0,0164;0;-0,00466098;68.320;69.020;68.613
29/11/2010;67.908;68.218;68.422;67.103;1780000;-0,0047;0;-0,002989339;68.859;69.058;68.618
30/11/2010;67.705;67.901;68.476;67.271;2160000;-0,003;0;0,024237501;69.546;69.083;68.587
01/12/2010;69.346;67.731;69.605;67.731;2090000;0,0242;1;0,0026101;69.615;68.940;68.506
02/12/2010;69.527;69.341;69.943;69.219;2110000;0,0026;1;0,003437513;69.552;68.883;68.431
03/12/2010;69.766;69.529;69.963;68.943;2830000;0,0034;1;-0,003067397;69.022;68.736;68.339
06/12/2010;69.552;69.759;69.932;69.378;1890000;-0,0031;0;-0,003076835;68.464;68.496;68.214
07/12/2010;69.338;69.563;70.589;69.338;2590000;-0,0031;0;-0,01677291;68.132;68.206;68.122
08/12/2010;68.175;69.338;69.354;68.046;2670000;-0,0168;0;-0,004341768;68.449;68.178;68.177
09/12/2010;67.879;68.173;68.561;67.563;2450000;-0,0043;0;0,006820961;68.737;68.090;68.279
10/12/2010;68.342;67.889;68.514;67.866;2810000;0,0068;1;0,011471716;68.580;68.072;68.395
13/12/2010;69.126;68.342;69.221;68.342;2460000;0,0115;1;-0,005540607;67.973;67.979;68.480
14/12/2010;68.743;69.127;69.127;68.531;1880000;-0,0055;0;-0,012699475;67.719;67.942;68.648
15/12/2010;67.870;68.741;68.741;67.711;1350000;-0,0127;0;-0,008310004;67.517;67.932;68.841
16/12/2010;67.306;67.875;68.377;67.138;2400000;-0,0083;0;0,010028824;67.820;68.037;69.038
17/12/2010;67.981;67.304;67.981;66.948;1980000;0,01;1;-0,010547065;67.983;68.176;69.191
20/12/2010;67.264;67.979;68.196;67.264;2350000;-0,0105;0;0,014138321;68.391;68.468;69.416
21/12/2010;68.215;67.261;68.461;67.261;1900000;0,0141;1;0,00375284;68.253;68.717;69.661
22/12/2010;68.471;68.218;68.472;67.727;1660000;0,0038;1;0,000219071;68.110;68.981;69.821
23/12/2010;68.486;68.470;68.562;68.250;1230000;0,0002;1;-0,009972841;68.265;69.353;69.997
27/12/2010;67.803;68.476;68.476;67.803;1040000;-0,01;0;0,003510169;68.766;69.750;70.197
28/12/2010;68.041;67.810;68.104;67.810;1400000;0,0035;1;0,013388986;69.406;70.038;70.403
29/12/2010;68.952;68.043;69.040;68.043;1310000;0,0134;1;0,005119503;69.862;70.206;70.482
30/12/2010;69.305;68.953;69.527;68.940;2100000;0,0051;1;0,009479836;70.457;70.365;70.500
03/01/2011;69.962;69.310;70.471;69.305;1860000;0,0095;1;0,005088477;70.663;70.604;70.441
04/01/2011;70.318;69.962;70.318;69.560;2430000;0,0051;1;0,010992918;70.576;70.662;70.377
05/01/2011;71.091;70.311;71.173;69.802;2310000;0,011;1;-0,007202037;70.254;70.640;70.207
06/01/2011;70.579;71.092;71.167;70.469;2550000;-0,0072;0;-0,007395968;70.202;70.644;70.026
07/01/2011;70.057;70.580;70.783;69.718;1760000;-0,0074;0;0,000999186;70.728;70.768;69.787
10/01/2011;70.127;70.056;70.133;69.666;1610000;0,001;1;0,004220913;70.926;70.758;69.533
11/01/2011;70.423;70.146;70.647;70.145;2140000;0,0042;1;0,017181887;71.098;70.635;69.349
12/01/2011;71.633;70.429;71.633;70.429;2520000;0,0172;1;-0,012731562;70.757;70.278;68.996
13/01/2011;70.721;71.631;71.924;70.719;2240000;-0,0127;0;0,003096676;70.823;70.093;68.713
14/01/2011;70.940;70.723;71.184;70.397;1810000;0,0031;1;-0,004665915;70.529;69.774;68.308
17/01/2011;70.609;70.940;70.940;70.544;1540000;-0,0047;0;0,004404538;70.180;69.409;67.933
18/01/2011;70.920;70.612;71.094;70.612;1880000;0,0044;1;-0,01215454;69.584;68.805;67.565
19/01/2011;70.058;70.921;71.190;69.966;1880000;-0,0122;0;-0,007079848;69.374;68.308;67.148
20/01/2011;69.562;70.056;70.083;69.177;2170000;-0,0071;0;-0,00616716;69.090;68.063;66.792
21/01/2011;69.133;69.560;70.027;69.095;2070000;-0,0062;0;0,004252672;68.729;67.714;66.551
24/01/2011;69.427;69.134;69.513;68.786;1470000;0,0043;1;-0,010341798;67.819;67.333;66.346
26/01/2011;68.709;69.427;69.556;68.515;2540000;-0,0103;0;-0,00957662;67.108;66.842;66.177
27/01/2011;68.051;68.717;69.108;67.775;2300000;-0,0096;0;-0,019882147;67.040;66.458;66.143
28/01/2011;66.698;68.051;68.182;65.898;2540000;-0,0199;0;-0,001844133;67.037;66.325;66.214
31/01/2011;66.575;66.697;67.166;66.271;2250000;-0,0018;0;0,019106271;67.100;65.989;66.320
01/02/2011;67.847;66.575;67.922;66.575;2110000;0,0191;1;-0,017082553;66.241;65.522;66.278
02/02/2011;66.688;67.844;68.012;66.643;2550000;-0,0171;0;0,001154631;65.799;65.388;66.260
03/02/2011;66.765;66.688;66.849;66.091;2380000;0,0012;1;-0,02240695;65.467;65.359;66.271
04/02/2011;65.269;66.752;66.946;65.160;2680000;-0,0224;0;0,001424872;65.117;65.512;66.391
07/02/2011;65.362;65.272;65.893;64.916;1980000;0,0014;1;0,006257458;64.856;65.828;66.501
08/02/2011;65.771;65.359;66.238;65.110;2760000;0,0063;1;-0,02361223;64.851;66.102;66.616
09/02/2011;64.218;65.767;65.767;64.016;2810000;-0,0236;0;0,005605905;65.631;66.652;66.761
10/02/2011;64.578;64.217;65.106;64.185;2360000;0,0056;1;0,018241506;66.218;67.035;66.954
11/02/2011;65.756;64.582;65.890;64.562;2400000;0,0182;1;0,012196606;66.825;67.132;67.124
14/02/2011;66.558;65.751;66.743;65.462;1950000;0,0122;1;-0,003260314;67.201;67.183;67.228
15/02/2011;66.341;66.558;66.861;66.117;2360000;-0,0033;0;0,018615939;67.776;67.269;67.294
16/02/2011;67.576;66.342;67.793;66.342;2670000;0,0186;1;0,001612999;67.670;67.173;67.185
17/02/2011;67.685;67.580;67.876;67.107;2150000;0,0016;1;0,005643791;67.255;67.130;67.113
18/02/2011;68.067;67.685;68.226;67.386;1940000;0,0056;1;-0,011870657;66.870;66.870;67.049
21/02/2011;67.259;68.067;68.067;67.085;1450000;-0,0119;0;-0,012176809;66.766;66.873;67.031
22/02/2011;66.440;67.255;67.570;66.342;3050000;-0,0122;0;0,007074052;66.921;67.117;67.000
23/02/2011;66.910;66.440;67.266;66.049;3330000;0,0071;1;0,000582873;67.078;67.274;66.950
24/02/2011;66.949;66.909;67.344;66.693;2700000;0,0006;1;-0,00068709;66.843;67.319;66.945
25/02/2011;66.903;66.952;67.632;66.331;2390000;-0,0007;0;0,007174566;66.969;67.196;66.930
28/02/2011;67.383;66.909;67.458;66.687;2640000;0,0072;1;-0,016918214;67.224;67.096;66.944
01/03/2011;66.243;67.381;67.708;66.243;2170000;-0,0169;0;0,015684676;67.813;67.228;67.055
02/03/2011;67.282;66.242;67.282;66.101;2520000;0,0157;1;0,012841473;67.807;67.189;67.073
03/03/2011;68.146;67.284;68.188;67.284;2250000;0,0128;1;-0,001966366;67.106;66.883;67.046
04/03/2011;68.012;68.138;68.220;67.514;1840000;-0,002;0;-0,010998059;66.663;66.626;66.987
09/03/2011;67.264;68.010;68.057;67.109;1410000;-0,011;0;-0,018182088;66.632;66.571;66.998
10/03/2011;66.041;67.256;67.256;65.854;2380000;-0,0182;0;0,009751518;66.953;66.664;67.138
11/03/2011;66.685;66.041;67.014;65.559;2490000;0,0098;1;0,007258004;66.726;66.792;67.274
14/03/2011;67.169;66.684;67.333;66.088;1870000;0,0073;1;-0,002441603;66.408;66.881;67.424
15/03/2011;67.005;67.168;67.168;65.463;2850000;-0,0024;0;-0,014954108;66.366;66.957;67.616
16/03/2011;66.003;67.011;67.502;65.663;3060000;-0,015;0;0,003227126;66.595;67.208;67.890
17/03/2011;66.216;66.017;66.950;66.015;1980000;0,0032;1;0,010027788;67.049;67.348;68.092
18/03/2011;66.880;66.217;67.384;66.217;2840000;0,01;1;-0,002840909;67.355;67.425;68.256
21/03/2011;66.690;66.887;67.676;66.656;2560000;-0,0028;0;0,01331534;67.636;67.612;68.401
22/03/2011;67.578;66.684;67.631;66.531;2360000;0,0133;1;0,003225902;67.698;67.756;68.443
23/03/2011;67.796;67.570;67.918;67.317;2150000;0,0032;1;-0,003879285;67.497;67.966;68.378
24/03/2011;67.533;67.799;68.009;67.406;1820000;-0,0039;0;0,003450165;67.459;68.276;68.304
25/03/2011;67.766;67.528;68.256;67.497;2220000;0,0035;1;-0,008455568;67.536;68.572;68.197
28/03/2011;67.193;67.766;68.070;67.193;1440000;-0,0085;0;0,003363446;68.001;68.836;68.161
29/03/2011;67.419;67.194;67.862;67.046;1770000;0,0034;1;0,008573251;68.617;69.087;68.018
30/03/2011;67.997;67.423;68.004;67.423;1860000;0,0086;1;0,008676853;69.186;69.190;67.886
31/03/2011;68.587;68.000;68.606;68.000;2120000;0,0087;1;0,009928995;69.603;69.129;67.777
01/04/2011;69.268;68.588;69.387;68.588;2400000;0,0099;1;0,006294393;69.526;68.790;67.613
04/04/2011;69.704;69.270;69.787;69.270;1920000;0,0063;1;0,001922415;69.350;68.331;67.430
05/04/2011;69.838;69.704;70.047;69.465;2480000;0,0019;1;-0,011469401;68.977;67.822;67.175
06/04/2011;69.037;69.841;70.108;68.954;2110000;-0,0115;0;0,002013413;68.686;67.486;66.935
07/04/2011;69.176;69.040;69.334;68.695;2220000;0,002;1;-0,006620793;67.926;66.949;66.717
08/04/2011;68.718;69.180;69.430;68.472;2110000;-0,0066;0;-0,008061934;67.182;66.583;66.485
11/04/2011;68.164;68.719;69.177;68.029;2170000;-0,0081;0;-0,018602195;66.554;66.425;66.210
12/04/2011;66.896;68.153;68.153;66.721;2530000;-0,0186;0;-0,006128917;66.483;66.436;65.976
13/04/2011;66.486;66.909;67.411;66.251;2520000;-0,0061;0;-0,003113437;66.126;66.530;65.756
14/04/2011;66.279;66.483;67.042;66.090;2260000;-0,0031;0;0,006110533;66.086;66.528;65.623
15/04/2011;66.684;66.281;66.765;65.832;2150000;0,0061;1;-0,019030052;66.210;66.383;65.476
18/04/2011;65.415;66.689;66.706;65.158;3060000;-0,019;0;0,011358251;66.729;66.486;65.437
19/04/2011;66.158;65.417;66.257;65.417;2210000;0,0114;1;0,013603797;67.058;66.387;65.267
20/04/2011;67.058;66.165;67.077;66.165;2400000;0,0136;1;-0,001282472;66.793;65.995;65.049
25/04/2011;66.972;67.058;67.124;66.552;1390000;-0,0013;0;0,002568237;66.360;65.516;64.782
26/04/2011;67.144;66.972;67.413;66.722;1730000;0,0026;1;-0,01310616;66.023;64.982;64.474
27/04/2011;66.264;67.143;67.228;65.885;2150000;-0,0131;0;-0,00891887;65.756;64.718;64.289
28/04/2011;65.673;66.249;66.249;65.105;3090000;-0,0089;0;0,007004401;65.305;64.568;64.087
29/04/2011;66.133;65.664;66.294;65.461;2650000;0,007;1;-0,010131099;64.466;64.389;63.818
02/05/2011;65.463;66.119;66.500;65.346;2310000;-0,0101;0;-0,017490796;63.780;64.148;63.613
03/05/2011;64.318;65.458;65.468;64.244;2240000;-0,0175;0;-0,010914518;63.813;64.103;63.472
04/05/2011;63.616;64.320;64.807;63.548;2490000;-0,0109;0;-0,003285337;64.149;64.048;63.452
05/05/2011;63.407;63.609;64.268;62.973;2810000;-0,0033;0;0,015928841;64.639;63.966;63.451
06/05/2011;64.417;63.422;64.704;63.422;2690000;0,0159;1;0,00318239;64.425;63.859;63.428
09/05/2011;64.622;64.416;64.782;64.150;1880000;0,0032;1;0,003946025;64.219;63.605;63.405
10/05/2011;64.877;64.622;65.143;64.619;1980000;0,0039;1;-0,016970575;63.671;63.246;63.339
11/05/2011;63.776;64.877;64.877;63.622;2460000;-0,017;0;0,003559333;63.356;63.078;63.399
12/05/2011;64.003;63.772;64.329;63.125;2490000;0,0036;1;-0,011999438;63.246;62.841;63.357
13/05/2011;63.235;64.003;64.165;63.063;2670000;-0,012;0;-0,006404681;63.115;62.856;63.427
16/05/2011;62.830;63.233;63.829;62.676;2460000;-0,0064;0;0,013417157;62.960;62.935;63.535
17/05/2011;63.673;62.830;63.680;62.414;2210000;0,0134;1;-0,013066763;62.602;62.996;63.491
18/05/2011;62.841;63.675;64.015;62.830;2490000;-0,0131;0;-0,007542846;62.436;63.204;63.518
19/05/2011;62.367;62.844;63.607;62.225;2290000;-0,0075;0;0,003687848;62.760;63.431;63.566
20/05/2011;62.597;62.370;63.043;62.086;2090000;0,0037;1;-0,004025752;63.023;63.720;63.628
23/05/2011;62.345;62.597;62.597;61.659;1770000;-0,004;0;0,01591146;63.608;63.872;63.653
24/05/2011;63.337;62.350;63.415;62.350;2010000;0,0159;1;0,000805217;63.927;63.998;63.560
25/05/2011;63.388;63.329;63.857;63.025;1920000;0,0008;1;0,011216634;64.116;64.134;63.475
26/05/2011;64.099;63.389;64.121;63.232;2400000;0,0112;1;0,00305777;64.290;63.987;63.297
27/05/2011;64.295;64.101;64.548;64.092;1670000;0,0031;1;-0,005303678;63.995;63.833;63.053
30/05/2011;63.954;64.295;64.460;63.915;629040;-0,0053;0;0,010413735;64.083;63.701;62.846
31/05/2011;64.620;63.961;64.620;63.932;2430000;0,0104;1;-0,018709378;63.990;63.537;62.600
01/06/2011;63.411;64.616;64.674;63.401;2160000;-0,0187;0;0,012726499;63.875;63.435;62.458
02/06/2011;64.218;63.411;64.218;63.277;2140000;0,0127;1;0,001899779;63.542;63.121;62.242
03/06/2011;64.340;64.216;64.979;63.628;2160000;0,0019;1;-0,019769972;63.106;62.816;62.004
06/06/2011;63.068;64.340;64.512;62.960;1820000;-0,0198;0;0,002378385;63.240;62.607;61.872
07/06/2011;63.218;63.072;63.784;63.072;2090000;0,0024;1;-0,002926382;63.066;62.273;61.807
08/06/2011;63.033;63.204;63.354;62.709;1810000;-0,0029;0;0,006917012;62.730;61.991;61.757
09/06/2011;63.469;63.037;63.773;62.872;1950000;0,0069;1;-0,012163418;62.308;61.663;61.681
10/06/2011;62.697;63.470;63.478;62.495;1690000;-0,0122;0;-0,010750116;61.944;61.481;61.731
13/06/2011;62.023;62.701;62.968;62.022;1400000;-0,0108;0;0,002934395;61.563;61.362;61.864
14/06/2011;62.205;62.023;62.697;62.023;1760000;0,0029;1;-0,009661603;61.182;61.193;61.924
15/06/2011;61.604;62.198;62.198;61.448;2670000;-0,0097;0;-0,011736251;61.036;61.137;61.992
16/06/2011;60.881;61.602;62.040;60.489;1990000;-0,0117;0;0,002940162;61.217;61.340;62.087
17/06/2011;61.060;60.883;61.268;60.566;1970000;0,0029;1;0,001768752;61.262;61.522;62.119
20/06/2011;61.168;61.059;61.571;60.784;2020000;0,0018;1;0,004185195;61.212;61.699;62.052
21/06/2011;61.424;61.188;61.543;61.179;1700000;0,0042;1;-0,003744465;61.143;61.980;61.929
22/06/2011;61.194;61.420;61.859;61.194;1860000;-0,0037;0;-0,00289244;61.512;62.366;61.892
24/06/2011;61.017;61.192;61.459;60.921;1450000;-0,0029;0;0,003277775;61.951;62.655;61.796
27/06/2011;61.217;61.017;61.456;60.772;1630000;0,0033;1;0,01774017;62.347;62.847;61.672
28/06/2011;62.303;61.216;62.309;61.216;1800000;0,0177;1;0,000497568;62.711;62.833;61.424
29/06/2011;62.334;62.303;62.625;62.033;1870000;0,0005;1;0,001122983;63.230;62.716;61.192
30/06/2011;62.404;62.337;62.574;61.959;1810000;0,0011;1;0,015864368;63.441;62.405;60.958
01/07/2011;63.394;62.404;63.455;62.148;2380000;0,0159;1;0,007839859;63.165;61.878;60.734
04/07/2011;63.891;63.397;63.891;63.314;1000000;0,0078;1;-0,013335212;62.604;61.418;60.475
05/07/2011;63.039;63.886;63.886;63.030;1940000;-0,0133;0;-0,007519155;62.095;60.938;60.256
06/07/2011;62.565;63.039;63.039;62.391;1610000;-0,0075;0;-0,005722049;61.315;60.497;60.026
07/07/2011;62.207;62.573;63.206;62.207;1870000;-0,0057;0;-0,011156301;60.481;60.015;59.746
08/07/2011;61.513;62.207;62.207;61.366;1670000;-0,0112;0;-0,02095492;60.200;59.668;59.545
11/07/2011;60.224;61.502;61.502;60.098;1770000;-0,021;0;-0,008617827;60.018;59.510;59.445
12/07/2011;59.705;60.220;60.516;59.705;1950000;-0,0086;0;0,0161628;59.942;59.590;59.362
13/07/2011;60.670;59.718;60.847;59.718;2280000;0,0162;1;-0,016334267;59.332;59.533;59.122
14/07/2011;59.679;60.673;60.685;59.452;2360000;-0,0163;0;-0,003368019;59.133;59.575;58.860
15/07/2011;59.478;59.679;60.104;59.180;1960000;-0,0034;0;-0,010760281;59.013;59.555;58.384
18/07/2011;58.838;59.479;59.479;58.631;1960000;-0,0108;0;0,00414698;59.488;59.476;57.964
19/07/2011;59.082;58.838;59.394;58.677;1890000;0,0041;1;0,000643174;59.884;59.423;57.220
20/07/2011;59.120;59.094;59.552;59.045;1950000;0,0006;1;0,019333559;60.168;59.380;56.650
21/07/2011;60.263;59.120;60.441;59.120;2160000;0,0193;1;0,000116158;59.860;59.134;56.017
22/07/2011;60.270;60.263;60.696;60.077;1810000;0,0001;1;-0,004961009;59.200;58.711;55.522
25/07/2011;59.971;60.264;60.285;59.640;1770000;-0,005;0;-0,010521752;58.779;58.146;55.058
26/07/2011;59.340;59.972;60.204;59.261;2170000;-0,0105;0;-0,017728345;58.606;57.213;54.723
27/07/2011;58.288;59.336;59.336;58.169;2620000;-0,0177;0;0,0072056;58.689;56.451;54.440
28/07/2011;58.708;58.297;59.167;58.290;2230000;0,0072;1;0,001958847;58.223;55.016;54.180
29/07/2011;58.823;58.703;58.952;58.009;2370000;0,002;1;-0,004879044;57.288;53.920;53.774
01/08/2011;58.536;58.823;59.542;58.168;2110000;-0,0049;0;-0,020927293;55.380;52.900;53.339
02/08/2011;57.311;58.526;58.673;57.259;2700000;-0,0209;0;-0,022578563;53.926;52.333;52.991
03/08/2011;56.017;57.318;57.352;55.249;3490000;-0,0226;0;-0,057232626;51.476;51.970;52.832
04/08/2011;52.811;55.999;55.999;52.629;4460000;-0,0572;0;0,002613092;50.923;52.233;52.902
05/08/2011;52.949;52.811;53.866;51.153;4320000;0,0026;1;-0,080851385;50.405;52.429;52.903
08/08/2011;48.668;52.938;52.938;47.793;4890000;-0,0809;0;0,05101915;51.963;53.344;53.237
09/08/2011;51.151;48.671;51.151;48.666;5270000;0,051;1;0,00477019;52.737;53.628;53.502
10/08/2011;51.395;51.151;52.164;49.947;4360000;0,0048;1;0,03790252;53.823;53.778;53.787
11/08/2011;53.343;51.398;53.724;51.398;4070000;0,0379;1;0,002437058;54.150;53.649;54.012
12/08/2011;53.473;53.344;53.643;52.650;3270000;0,0024;1;0,02204851;54.683;53.694;54.344
15/08/2011;54.652;53.478;54.968;53.474;2540000;0,022;1;-0,00600161;54.177;53.572;54.478
16/08/2011;54.324;54.651;54.651;53.539;2460000;-0,006;0;0,013787645;53.552;53.376;54.527
17/08/2011;55.073;54.324;55.073;53.828;3160000;0,0138;1;-0,035207815;52.674;53.130;54.636
18/08/2011;53.134;55.037;55.037;52.246;3120000;-0,0352;0;-0,012910754;52.892;53.377;54.957
19/08/2011;52.448;53.135;53.601;52.336;2580000;-0,0129;0;-0,000152532;53.341;53.796;55.195
22/08/2011;52.440;52.472;53.552;52.397;2140000;-0,0002;0;0,025686499;53.512;54.375;55.426
23/08/2011;53.787;52.440;53.787;51.853;2680000;0,0257;1;0,000167327;53.367;54.994;55.552
24/08/2011;53.796;53.787;54.279;52.993;2490000;0,0002;1;-0,01567031;53.722;55.385;55.730
25/08/2011;52.953;53.796;54.155;52.677;2380000;-0,0157;0;0,007516099;54.532;55.677;55.975
26/08/2011;53.351;52.955;53.598;51.971;2220000;0,0075;1;0,028303125;55.580;56.142;56.250
29/08/2011;54.861;53.356;55.027;53.356;2290000;0,0283;1;0,009551412;56.666;56.537;56.410
30/08/2011;55.385;54.861;55.768;54.425;2340000;0,0096;1;0,020041527;57.048;56.593;56.481
31/08/2011;56.495;55.399;56.495;55.399;2940000;0,02;1;0,028728206;56.549;56.477;56.445
01/09/2011;58.118;56.498;58.589;56.498;4010000;0,0287;1;-0,027289308;56.046;56.110;56.099
02/09/2011;56.532;58.114;58.114;56.302;4010000;-0,0273;0;-0,027135074;56.410;56.075;55.863
05/09/2011;54.998;56.521;56.521;54.818;1610000;-0,0271;0;0,029255609;56.670;56.272;55.774
06/09/2011;56.607;54.998;56.676;54.121;2850000;0,0293;1;0,017965976;56.362;56.358;55.582
08/09/2011;57.624;56.608;58.242;56.608;2760000;0,018;1;-0,032035263;55.669;56.284;55.271
09/09/2011;55.778;57.614;57.614;55.528;2480000;-0,032;0;-0,001667324;55.838;56.370;55.100
12/09/2011;55.685;55.773;55.792;54.310;2380000;-0,0017;0;-0,0025321;56.070;56.412;54.860
13/09/2011;55.544;55.690;56.336;55.166;2100000;-0,0025;0;0,013358779;56.626;56.089;54.521
14/09/2011;56.286;55.544;56.776;55.090;2840000;0,0134;1;0,001687809;56.898;55.652;54.121
15/09/2011;56.381;56.287;57.161;56.196;2140000;0,0017;1;0,014703535;56.897;55.276;53.737
16/09/2011;57.210;56.381;57.210;56.257;1970000;0,0147;1;-0,001870302;56.488;54.806;53.386
19/09/2011;57.103;57.208;57.208;56.060;2330000;-0,0019;0;-0,012678843;55.214;54.258;52.967
20/09/2011;56.379;57.105;57.620;56.379;2680000;-0,0127;0;-0,007041629;54.164;53.831;52.746
21/09/2011;55.982;56.381;57.600;55.915;2780000;-0,007;0;-0,048265514;53.419;53.308;52.592
22/09/2011;53.280;55.981;55.981;52.706;3600000;-0,0483;0;-0,000938438;53.633;52.953;52.687
23/09/2011;53.230;53.273;53.855;52.754;2690000;-0,0009;0;0,009731354;53.646;52.589;52.815
26/09/2011;53.748;53.243;53.873;52.399;2140000;0,0097;1;0,003200119;53.525;52.199;52.827
27/09/2011;53.920;53.751;54.992;53.751;2450000;0,0032;1;-0,012054896;52.993;51.966;52.906
28/09/2011;53.270;53.921;54.796;53.258;2340000;-0,0121;0;0,002158814;52.167;51.676;53.028
29/09/2011;53.385;53.276;54.207;52.849;2300000;0,0022;1;-0,019874497;51.267;51.660;53.072
30/09/2011;52.324;53.385;53.385;51.897;3070000;-0,0199;0;-0,029279107;50.831;51.877;53.282
03/10/2011;50.792;52.319;52.319;50.792;3110000;-0,0293;0;-0,002086943;51.330;52.421;53.717
04/10/2011;50.686;50.790;50.790;49.433;4040000;-0,0021;0;0,006471215;51.516;53.041;54.117
05/10/2011;51.014;50.683;51.199;50.209;2830000;0,0065;1;0,025012742;52.269;53.455;54.555
06/10/2011;52.290;51.016;52.729;51.016;3150000;0,025;1;-0,020003825;52.785;53.847;55.054
07/10/2011;51.244;52.290;52.891;50.902;2630000;-0,02;0;0,039594879;53.904;54.379;55.644
10/10/2011;53.273;51.244;53.294;51.244;2180000;0,0396;1;0,010605748;54.490;54.484;56.006
11/10/2011;53.838;53.271;54.113;52.820;2850000;0,0106;1;0,014172146;54.514;54.686;56.255
13/10/2011;54.601;53.836;54.751;53.308;3570000;0,0142;1;0,007856999;54.658;55.014;56.512
14/10/2011;55.030;54.603;55.179;54.447;2320000;0,0079;1;-0,020334363;54.636;55.193;56.772
17/10/2011;53.911;55.021;55.021;53.536;2370000;-0,0203;0;0,02079353;54.669;55.655;57.150
18/10/2011;55.032;53.915;55.225;53.188;2540000;0,0208;1;-0,001199302;54.744;56.260;57.435
19/10/2011;54.966;55.037;55.244;54.483;2430000;-0,0012;0;-0,01739257;55.386;56.910;57.619
20/10/2011;54.010;54.953;54.953;53.610;2280000;-0,0174;0;0,023051287;56.144;57.528;57.856
21/10/2011;55.255;54.014;55.504;54.014;2150000;0,0231;1;0,029626278;56.774;57.824;58.091
24/10/2011;56.892;55.259;57.226;55.259;2660000;0,0296;1;-0,010651761;57.567;58.010;58.189
25/10/2011;56.286;56.885;56.885;55.770;2260000;-0,0107;0;0,015243577;58.642;58.351;58.351
26/10/2011;57.144;56.306;57.334;56.249;2170000;0,0152;1;0,037204256;59.040;58.644;58.340
27/10/2011;59.270;57.146;59.901;57.146;3670000;0,0372;1;0,004099882;58.391;58.609;58.159
28/10/2011;59.513;59.270;59.668;58.760;2390000;0,0041;1;-0,019743585;57.952;58.329;57.928
31/10/2011;58.338;59.512;59.512;58.094;2260000;-0,0197;0;-0,017398608;58.063;58.184;57.752
01/11/2011;57.323;58.300;58.300;56.099;2830000;-0,0174;0;0,015229489;58.688;58.359;57.585
03/11/2011;58.196;57.327;58.481;57.327;2450000;0,0152;1;0,00814489;58.965;58.367;57.376
04/11/2011;58.670;58.186;58.804;57.547;1950000;0,0081;1;0,009016533;58.592;58.352;57.107
07/11/2011;59.199;58.670;59.440;58.645;1870000;0,009;1;-0,002922347;57.966;58.036;56.879
08/11/2011;59.026;59.205;59.616;58.505;1930000;-0,0029;0;-0,02500593;57.806;57.708;56.613
09/11/2011;57.550;59.011;59.011;57.201;2620000;-0,025;0;-0,003961772;58.042;57.527;56.565
10/11/2011;57.322;57.561;58.314;57.294;1960000;-0,004;0;0,021370503;58.455;57.321;56.624
11/11/2011;58.547;57.325;58.747;57.325;2140000;0,0214;1;-0,004936205;57.936;56.810;56.576
14/11/2011;58.258;58.539;58.717;58.013;1790000;-0,0049;0;0,005183837;57.427;56.385;56.623
16/11/2011;58.560;58.256;58.877;57.784;2700000;0,0052;1;-0,026827186;56.668;55.861;56.693
17/11/2011;56.989;58.550;58.555;56.663;3050000;-0,0268;0;-0,004527189;56.298;55.722;56.812
18/11/2011;56.731;56.989;57.477;56.418;2300000;-0,0045;0;-0,007861663;55.712;55.518;56.864
21/11/2011;56.285;56.722;56.722;55.505;2890000;-0,0079;0;-0,007231056;55.377;55.602;57.003
22/11/2011;55.878;56.290;56.570;55.609;2680000;-0,0072;0;-0,016213895;55.049;55.926;57.108
23/11/2011;54.972;55.879;55.879;54.813;2430000;-0,0162;0;0,005602852;55.397;56.342;57.288
24/11/2011;55.280;54.978;55.519;54.537;1410000;0,0056;1;-0,006982634;55.404;56.861;57.386
25/11/2011;54.894;55.271;55.610;54.742;1810000;-0,007;0;0,020457609;56.064;57.524;57.489
28/11/2011;56.017;54.899;56.444;54.899;2270000;0,0205;1;-0,012799686;56.773;57.902;57.494
29/11/2011;55.300;56.028;56.364;55.300;2820000;-0,0128;0;0,028481013;57.635;58.210;57.494
30/11/2011;56.875;55.307;57.592;55.307;4890000;0,0285;1;0,022294505;58.313;58.404;57.494
01/12/2011;58.143;56.876;58.302;56.876;3300000;0,0223;1;-0,004420137;58.777;58.290;57.387
02/12/2011;57.886;58.147;58.980;57.618;2990000;-0,0044;0;0,017689942;59.036;58.235;57.349
05/12/2011;58.910;57.894;59.245;57.894;2540000;0,0177;1;0,010626379;58.551;57.911;57.262
06/12/2011;59.536;58.910;59.576;58.497;2180000;0,0106;1;-0,014663397;58.118;57.453;57.129
07/12/2011;58.663;59.534;59.535;58.581;2170000;-0,0147;0;-0,020592196;57.679;57.087;57.082
08/12/2011;57.455;58.664;59.217;57.260;2720000;-0,0206;0;0,013593247;57.693;56.779;57.016
09/12/2011;58.236;57.455;58.540;57.455;1950000;0,0136;1;-0,015265472;57.163;56.583;56.910
12/12/2011;57.347;58.235;58.235;56.839;2500000;-0,0153;0;0,00258078;56.824;56.484;56.945
13/12/2011;57.495;57.355;58.153;57.333;2900000;0,0026;1;-0,014749109;56.358;56.463;57.071
14/12/2011;56.647;57.495;57.495;56.647;4140000;-0,0147;0;-0,005578407;55.909;56.613;57.265
15/12/2011;56.331;56.647;57.332;56.232;2610000;-0,0056;0;-0,004154018;56.087;56.804;57.424
16/12/2011;56.097;56.334;56.823;56.087;2440000;-0,0042;0;-0,014243186;56.272;57.077;57.602
19/12/2011;55.298;56.100;56.376;55.298;2830000;-0,0142;0;0,028337372;56.955;57.254;57.873
20/12/2011;56.865;55.301;56.865;55.301;3230000;0,0283;1;-0,003728128;57.234;57.238;58.083
21/12/2011;56.653;56.865;56.865;56.046;2260000;-0,0037;0;0,012267665;57.573;57.406;58.319
22/12/2011;57.348;56.656;57.459;56.557;2290000;0,0123;1;0,006155402;57.792;57.680;58.503
23/12/2011;57.701;57.348;57.792;57.348;1770000;0,0062;1;-0,000554583;57.403;57.917;58.606
26/12/2011;57.669;57.702;57.856;57.669;592750;-0,0006;0;0,005826354;57.098;58.043;58.770
27/12/2011;58.005;57.666;58.111;57.611;1620000;0,0058;1;-0,025359883;57.039;58.128;58.958
28/12/2011;56.534;58.006;58.010;56.447;1610000;-0,0254;0;0,003891464;57.949;58.492;59.329
29/12/2011;56.754;56.534;56.945;56.313;2780000;0,0039;1;0,018941396;58.820;58.928;59.698
02/01/2012;57.829;56.755;57.993;56.649;2610000;0,0189;1;0,024831832;59.059;59.232;60.019
03/01/2012;59.265;57.836;59.288;57.836;3080000;0,0248;1;0,001687337;58.837;59.326;60.241
04/01/2012;59.365;59.263;59.519;58.558;2250000;0,0017;1;-0,013796008;58.743;59.295;60.464
05/01/2012;58.546;59.354;59.354;57.963;2350000;-0,0138;0;0,000922352;59.163;59.496;60.779
06/01/2012;58.600;58.565;59.261;58.355;1660000;0,0009;1;0,008242321;59.617;59.789;61.087
09/01/2012;59.083;58.601;59.220;58.599;2240000;0,0082;1;0,012237022;59.896;60.166;61.350
10/01/2012;59.806;59.090;60.112;59.090;2690000;0,0122;1;0,002608434;59.677;60.469;61.583
11/01/2012;59.962;59.799;60.094;59.423;2250000;0,0026;1;-0,000683766;59.675;60.805;61.912
12/01/2012;59.921;59.966;60.504;59.586;2150000;-0,0007;0;-0,012917007;59.916;61.157;62.246
13/01/2012;59.147;59.918;59.918;58.874;5620000;-0,0129;0;0,013677786;60.775;61.634;62.679
16/01/2012;59.956;59.146;59.982;59.146;1700000;0,0137;1;0,01150844;61.432;62.062;63.056
17/01/2012;60.646;59.961;60.891;59.961;2520000;0,0115;1;0,017758797;61.987;62.384;63.432
18/01/2012;61.723;60.643;61.723;60.610;2760000;0,0178;1;0,003305089;62.208;62.534;63.726
19/01/2012;61.927;61.726;62.181;61.566;2840000;0,0033;1;0,006216997;62.395;62.698;63.983
20/01/2012;62.312;61.932;62.312;61.593;2250000;0,0062;1;0,001187572;62.608;63.020;64.103
23/01/2012;62.386;62.312;62.693;61.908;2380000;0,0012;1;0,001602924;62.781;63.335;64.340
24/01/2012;62.486;62.386;62.536;61.667;2730000;0,0016;1;0,007473674;62.876;63.725;64.522
26/01/2012;62.953;62.486;63.805;62.485;3170000;0,0075;1;-0,000778358;62.915;64.050;64.694
27/01/2012;62.904;62.955;63.263;62.769;2220000;-0,0008;0;-0,00213023;63.470;64.480;64.926
30/01/2012;62.770;62.902;62.902;61.989;2200000;-0,0021;0;0,004811216;64.077;64.917;65.171
31/01/2012;63.072;62.772;63.394;62.664;3440000;0,0048;1;0,02370307;64.792;65.268;65.387
01/02/2012;64.567;63.085;64.567;63.085;3900000;0,0237;1;0,000402682;65.011;65.187;65.476
02/02/2012;64.593;64.569;64.855;64.224;3110000;0,0004;1;0,00966049;65.453;65.344;65.573
03/02/2012;65.217;64.589;65.619;64.137;3060000;0,0097;1;0,000107334;65.657;65.319;65.574
06/02/2012;65.224;65.217;65.229;64.743;1920000;0,0001;1;0,010624923;65.759;65.339;65.627
07/02/2012;65.917;65.213;65.944;64.801;2720000;0,0106;1;-0,001304671;65.120;65.371;65.619
08/02/2012;65.831;65.918;66.383;65.647;2890000;-0,0013;0;-0,004572314;65.073;65.425;65.689
09/02/2012;65.530;65.831;66.324;65.189;2690000;-0,0046;0;-0,023378605;64.910;65.505;65.850
10/02/2012;63.998;65.525;65.525;63.880;3500000;-0,0234;0;0,026469577;65.366;65.765;66.062
13/02/2012;65.692;63.999;65.713;63.999;2620000;0,0265;1;-0,009940328;65.516;65.801;66.021
14/02/2012;65.039;65.699;65.855;64.826;2740000;-0,0099;0;0,005058503;65.905;65.830;66.091
15/02/2012;65.368;65.041;66.004;65.041;3830000;0,0051;1;0,011840656;66.146;65.915;66.201
16/02/2012;66.142;65.364;66.161;64.798;3070000;0,0118;1;0,000937377;66.039;65.867;66.241
17/02/2012;66.204;66.158;66.562;65.823;2350000;0,0009;1;-0,001676636;65.952;65.954;66.254
22/02/2012;66.093;66.205;66.291;65.851;1790000;-0,0017;0;-0,004130543;65.668;66.195;66.418
23/02/2012;65.820;66.084;66.329;65.590;2320000;-0,0041;0;0,001868733;65.714;66.359;66.592
24/02/2012;65.943;65.820;66.335;65.820;2120000;0,0019;1;-0,010645558;65.671;66.240;66.721
27/02/2012;65.241;65.938;65.954;65.068;2230000;-0,0106;0;0,011005349;66.194;66.351;66.896
28/02/2012;65.959;65.245;66.152;65.240;2720000;0,011;1;-0,002228657;66.801;66.487;67.022
29/02/2012;65.812;65.970;66.662;65.533;3350000;-0,0022;0;0,015164408;67.185;66.614;67.128
01/03/2012;66.810;65.812;66.931;65.812;2330000;0,0152;1;0,01454872;66.620;66.553;67.132
02/03/2012;67.782;66.810;67.791;66.810;2560000;0,0145;1;-0,012068101;66.032;66.641;66.992
05/03/2012;66.964;67.782;67.782;66.756;2320000;-0,0121;0;-0,027626785;66.013;66.826;66.910
06/03/2012;65.114;66.962;66.962;64.892;2740000;-0,0276;0;0,013867985;66.543;67.202;67.022
07/03/2012;66.017;65.123;66.053;65.123;2680000;0,0139;1;0,013496524;66.666;67.440;67.024
08/03/2012;66.908;66.032;67.272;66.032;2890000;0,0135;1;-0,003048963;67.161;67.558;66.893
09/03/2012;66.704;66.908;67.419;66.679;2250000;-0,003;0;-0,004782322;67.679;67.642;66.762
12/03/2012;66.385;66.687;66.687;65.965;2150000;-0,0048;0;0,030262861;68.133;67.710;66.628
13/03/2012;68.394;66.386;68.420;66.386;3170000;0,0303;1;-0,0020031;67.897;67.343;66.401
14/03/2012;68.257;68.386;68.970;67.797;2730000;-0,002;0;-0,00744246;67.721;66.994;66.117
15/03/2012;67.749;68.259;68.259;67.458;2300000;-0,0074;0;-0,000959424;67.570;66.842;65.816
16/03/2012;67.684;67.749;68.153;67.505;2410000;-0,001;0;0,000679629;67.295;66.607;65.531
19/03/2012;67.730;67.685;68.159;67.547;2140000;0,0007;1;-0,006407796;66.661;66.228;65.187
20/03/2012;67.296;67.725;67.725;66.704;2070000;-0,0064;0;-0,00647884;66.167;65.882;64.790
21/03/2012;66.860;67.297;67.436;66.762;1980000;-0,0065;0;-0,015435238;66.109;65.546;64.393
22/03/2012;65.828;66.860;66.860;65.534;2680000;-0,0154;0;-0,000227867;66.178;65.459;64.195
23/03/2012;65.813;65.831;66.253;65.576;2520000;-0,0002;0;0,013249662;65.934;65.241;63.930
26/03/2012;66.685;65.818;66.776;65.818;2010000;0,0132;1;-0,009717328;65.329;64.790;63.592
27/03/2012;66.037;66.683;66.968;65.925;2720000;-0,0097;0;-0,014507019;64.821;64.455;63.354
28/03/2012;65.079;66.032;66.032;64.819;2880000;-0,0145;0;-0,00318075;64.866;64.147;63.206
29/03/2012;64.872;65.074;65.074;64.096;2900000;-0,0032;0;-0,005564805;64.670;63.699;63.045
30/03/2012;64.511;64.875;65.363;64.245;3160000;-0,0056;0;0,010928369;64.343;63.239;62.901
02/04/2012;65.216;64.515;65.593;64.199;2970000;0,0109;1;-0,014290972;63.835;62.931;62.638
03/04/2012;64.284;65.218;65.530;64.015;2770000;-0,0143;0;-0,011744758;63.381;62.620;62.473
04/04/2012;63.529;64.301;64.301;63.450;2740000;-0,0117;0;0,002550017;62.784;62.395;62.346
05/04/2012;63.691;63.518;64.299;63.384;2290000;0,0026;1;-0,012058219;61.985;62.253;62.239
09/04/2012;62.923;63.690;63.690;62.462;1790000;-0,0121;0;-0,018832541;62.030;62.266;62.151
10/04/2012;61.738;62.922;62.922;61.344;3090000;-0,0188;0;-0,007207878;62.152;62.391;62.157
11/04/2012;61.293;61.741;62.356;61.291;2950000;-0,0072;0;0,02879611;62.373;62.563;62.238
12/04/2012;63.058;61.300;63.061;61.300;3120000;0,0288;1;-0,015097212;62.253;62.346;62.170
13/04/2012;62.106;63.039;63.039;61.778;2960000;-0,0151;0;-0,002431327;62.555;62.327;62.078
16/04/2012;61.955;62.120;62.688;61.465;2320000;-0,0024;0;0,012008716;62.776;62.297;62.026
17/04/2012;62.699;61.959;62.961;61.959;2700000;0,012;1;0,004960207;62.707;62.226;61.859
18/04/2012;63.010;62.696;63.243;62.429;4050000;0,005;1;-0,006221235;62.217;62.037;61.629
19/04/2012;62.618;63.007;63.274;62.478;2360000;-0,0062;0;-0,001980261;62.001;61.923;61.420
20/04/2012;62.494;62.620;63.369;62.431;2290000;-0,002;0;-0,015281467;61.753;61.913;61.203
23/04/2012;61.539;62.494;62.494;60.897;2530000;-0,0153;0;0,007019939;61.973;61.994;60.917
24/04/2012;61.971;61.537;62.001;61.380;2380000;0,007;1;-0,003566184;61.880;61.830;60.507
25/04/2012;61.750;61.989;62.441;61.328;3310000;-0,0036;0;0,007255061;61.903;61.754;60.089
26/04/2012;62.198;61.750;62.282;61.033;3130000;0,0073;1;-0,008151388;61.978;61.492;59.506
27/04/2012;61.691;62.203;62.486;61.667;2550000;-0,0082;0;0,002091067;62.116;61.220;58.993
30/04/2012;61.820;61.691;61.900;61.231;1960000;0,0021;1;0,009770301;61.783;60.917;58.620
02/05/2012;62.424;61.820;62.502;61.594;2960000;0,0098;1;-0,005126233;61.382;60.492;58.092
03/05/2012;62.104;62.427;62.783;61.731;3040000;-0,0051;0;-0,020658895;60.802;59.840;57.557
04/05/2012;60.821;62.104;62.167;60.438;4960000;-0,0207;0;0,006560234;60.457;59.185;57.075
07/05/2012;61.220;60.802;61.299;60.391;3370000;0,0066;1;-0,013966024;59.951;58.423;56.592
08/05/2012;60.365;61.218;61.218;59.871;3090000;-0,014;0;-0,009591651;59.644;57.520;56.224
09/05/2012;59.786;60.346;60.346;59.199;3260000;-0,0096;0;-0,001405011;58.896;56.766;55.856
10/05/2012;59.702;59.796;60.752;59.637;2700000;-0,0014;0;-0,004304713;57.741;56.322;55.434
11/05/2012;59.445;59.703;60.340;59.138;2530000;-0,0043;0;-0,032046429;56.555;55.692;55.080
14/05/2012;57.540;59.443;59.443;57.539;3050000;-0,032;0;-0,022627737;55.388;55.275;54.785
15/05/2012;56.238;57.540;58.024;56.145;4190000;-0,0226;0;-0,00622355;54.813;54.964;54.583
16/05/2012;55.888;56.245;57.693;55.415;4330000;-0,0062;0;-0,033101918;55.047;54.761;54.340
17/05/2012;54.038;55.886;56.296;54.038;3710000;-0,0331;0;0,008790111;55.381;54.929;54.348
18/05/2012;54.513;54.032;54.914;53.856;4310000;0,0088;1;0,038101003;55.416;54.946;54.343
21/05/2012;56.590;54.516;56.678;54.516;3570000;0,0381;1;-0,027407669;54.574;54.547;54.158
22/05/2012;55.039;56.586;56.586;54.886;3670000;-0,0274;0;-0,007630953;54.382;54.468;54.158
23/05/2012;54.619;55.039;55.052;53.028;4330000;-0,0076;0;-0,010179608;54.580;54.295;54.232
24/05/2012;54.063;54.620;54.820;53.176;4010000;-0,0102;0;0,007398776;54.770;54.202;54.324
25/05/2012;54.463;54.062;54.970;53.847;2990000;0,0074;1;0,013770817;54.548;53.919;54.441
28/05/2012;55.213;54.467;55.609;54.467;1860000;0,0138;1;-0,010504772;54.307;53.768;54.512
29/05/2012;54.633;55.214;55.763;54.554;3050000;-0,0105;0;-0,015283803;53.897;53.739;54.695
30/05/2012;53.798;54.632;54.632;53.382;3300000;-0,0153;0;0,012862932;53.770;53.768;54.935
31/05/2012;54.490;53.805;54.509;53.090;4830000;0,0129;1;-0,019948614;53.100;53.848;55.008
01/06/2012;53.403;54.488;54.488;53.087;2990000;-0,0199;0;0,000262158;53.351;54.169;55.153
04/06/2012;53.417;53.408;53.960;53.367;2360000;0,0003;1;-0,017522512;53.689;54.446;55.181
05/06/2012;52.481;53.413;53.917;52.481;2530000;-0,0175;0;0,031916313;54.196;54.963;55.278
06/06/2012;54.156;52.486;54.195;52.486;3540000;0,0319;1;0,005059458;54.493;55.255;55.203
08/06/2012;54.430;54.150;54.432;53.685;2630000;0,0051;1;-0,007881683;54.900;55.650;55.076
11/06/2012;54.001;54.434;55.401;53.904;2740000;-0,0079;0;0,019407048;55.351;56.102;55.101
12/06/2012;55.049;54.001;55.049;53.906;3890000;0,0194;1;0,010935712;55.703;56.167;55.076
13/06/2012;55.651;55.041;55.989;54.523;4190000;0,0109;1;-0,00537277;55.884;56.137;55.085
14/06/2012;55.352;55.641;55.769;54.952;3300000;-0,0054;0;0,013603844;56.498;55.916;55.137
15/06/2012;56.105;55.349;56.105;55.203;3900000;0,0136;1;0,001604135;56.852;55.592;55.156
18/06/2012;56.195;56.066;56.579;55.486;2960000;0,0016;1;0,017795178;56.622;55.151;55.099
19/06/2012;57.195;56.210;57.567;56.210;3660000;0,0178;1;-0,000489553;56.037;54.502;54.850
20/06/2012;57.167;57.196;57.611;56.529;3200000;-0,0005;0;-0,029072717;54.917;54.100;54.593
21/06/2012;55.505;57.162;57.218;55.505;2600000;-0,0291;0;-0,001171066;54.361;53.984;54.444
22/06/2012;55.440;55.518;56.019;55.083;2480000;-0,0012;0;-0,029491342;53.584;54.033;54.365
25/06/2012;53.805;55.406;55.406;53.694;2160000;-0,0295;0;0,00059474;53.199;54.358;54.336
26/06/2012;53.837;53.806;54.193;53.398;2710000;0,0006;1;-0,013522299;53.372;54.721;54.341
27/06/2012;53.109;53.837;54.006;53.084;3830000;-0,0135;0;-0,008604945;53.900;55.047;54.447
28/06/2012;52.652;53.107;53.306;52.271;3530000;-0,0086;0;0,03234445;54.943;55.198;54.639
29/06/2012;54.355;52.656;54.355;52.656;3740000;0,0323;1;0,006218379;55.517;55.085;54.628
02/07/2012;54.693;54.355;54.754;53.961;2870000;0,0062;1;0,019874573;56.079;54.904;54.509
03/07/2012;55.780;54.704;56.228;54.704;4060000;0,0199;1;0,005324489;55.950;54.697;54.285
04/07/2012;56.077;55.780;56.322;55.485;1720000;0,0053;1;0,005385452;55.160;54.315;54.037
05/07/2012;56.379;56.083;56.943;55.828;3130000;0,0054;1;-0,017471044;54.223;53.962;53.867
06/07/2012;55.394;56.376;56.376;54.967;2700000;-0,0175;0;-0,030472614;53.565;53.846;53.950
10/07/2012;53.706;55.392;55.588;53.668;3470000;-0,0305;0;-0,002550925;53.774;54.080;54.203
11/07/2012;53.569;53.708;54.135;53.233;2970000;-0,0026;0;-0,002762792;53.718;54.170;54.383
12/07/2012;53.421;53.564;53.616;52.489;3050000;-0,0028;0;0,0170345;53.881;54.114;54.588
13/07/2012;54.331;53.422;54.428;53.420;2780000;0,017;1;-0,017098894;53.965;53.873;54.673
16/07/2012;53.402;54.316;54.418;53.216;2820000;-0,0171;0;0,009494026;54.613;53.759;54.948
17/07/2012;53.909;53.403;54.037;53.118;2520000;0,0095;1;0,012502551;54.708;53.773;55.265
18/07/2012;54.583;53.909;54.588;53.551;2300000;0,0125;1;0,013997032;54.192;54.054;55.490
19/07/2012;55.347;54.588;55.491;54.588;2880000;0,014;1;-0,020814136;53.289;54.325;55.747
20/07/2012;54.195;55.337;55.337;54.138;2860000;-0,0208;0;-0,02142264;52.760;54.596;56.076
23/07/2012;53.034;54.183;54.183;52.213;2810000;-0,0214;0;-0,007448052;53.083;55.062;56.522
24/07/2012;52.639;53.038;53.416;52.399;2760000;-0,0074;0;-0,000588917;54.388;55.473;56.985
25/07/2012;52.608;52.658;53.233;52.346;2220000;-0,0006;0;0,02651688;55.932;56.137;57.376
26/07/2012;54.003;52.638;54.126;52.638;3020000;0,0265;1;0,047219599;56.630;56.758;57.675
27/07/2012;56.553;54.024;57.046;54.024;4670000;0,0472;1;0,012165579;56.543;56.925;57.882
30/07/2012;57.241;56.551;57.241;56.090;2970000;0,0122;1;-0,019985675;55.970;57.169;58.013
31/07/2012;56.097;57.243;57.466;56.097;692080;-0,02;0;0,003476122;56.356;57.555;58.241
01/08/2012;56.292;56.091;56.735;55.425;1320000;0,0035;1;-0,013714205;57.040;57.982;58.429
02/08/2012;55.520;56.289;56.289;55.239;2840000;-0,0137;0;0,03125;57.775;58.497;58.704
03/08/2012;57.255;55.524;57.399;55.524;3580000;0,0313;1;0,019037639;58.341;58.615;58.794
06/08/2012;58.345;57.255;58.996;56.893;3610000;0,019;1;-0,010609307;58.491;58.593;58.800
07/08/2012;57.726;58.343;59.316;57.679;3450000;-0,0106;0;0,02122094;59.010;58.839;58.827
08/08/2012;58.951;57.723;58.964;57.603;3230000;0,0212;1;-0,002612339;59.067;58.857;58.788
09/08/2012;58.797;58.950;59.202;58.115;2860000;-0,0026;0;0,008231713;58.829;58.927;58.686
10/08/2012;59.281;58.774;59.365;58.128;3080000;0,0082;1;-0,002665272;58.465;58.875;58.542
13/08/2012;59.123;59.281;59.543;58.601;2540000;-0,0027;0;-0,017590447;58.573;58.912;58.395
14/08/2012;58.083;59.123;59.605;57.904;3530000;-0,0176;0;0,001824975;58.906;58.973;58.337
15/08/2012;58.189;58.083;58.375;57.630;4580000;0,0018;1;0,021602021;59.270;59.007;58.198
16/08/2012;59.446;58.190;59.544;58.190;3480000;0,0216;1;-0,006123204;59.094;58.816;58.013
17/08/2012;59.082;59.443;59.822;58.944;2950000;-0,0061;0;0,003402051;59.194;58.720;57.959
20/08/2012;59.283;59.083;59.462;58.629;3000000;0,0034;1;-0,006156908;58.937;58.446;57.896
21/08/2012;58.918;59.298;60.209;58.684;3930000;-0,0062;0;0,007858379;58.773;58.209;57.932
22/08/2012;59.381;58.918;59.585;58.443;3710000;0,0079;1;-0,014634311;58.350;57.877;57.971
23/08/2012;58.512;59.382;59.382;58.145;3340000;-0,0146;0;-0,001469784;58.314;57.701;58.217
24/08/2012;58.426;58.511;58.750;57.833;3210000;-0,0015;0;-0,005391435;57.962;57.388;58.480
27/08/2012;58.111;58.424;58.462;57.853;2340000;-0,0054;0;0,005076492;57.677;57.210;58.744
28/08/2012;58.406;58.109;58.745;57.976;2730000;0,0051;1;-0,017755025;57.229;57.198;58.986
29/08/2012;57.369;58.414;58.553;57.061;4110000;-0,0178;0;-0,001969705;57.199;57.346;59.292
30/08/2012;57.256;57.366;57.508;56.901;3130000;-0,002;0;-0,003405757;56.859;57.655;59.609
31/08/2012;57.061;57.257;57.835;56.719;5750000;-0,0034;0;0,003855523;56.793;58.064;59.913
03/09/2012;57.281;57.065;57.457;56.954;2320000;0,0039;1;-0,018278312;57.140;58.732;60.244
04/09/2012;56.234;57.272;57.272;56.202;3240000;-0,0183;0;0,011203187;57.863;59.571;60.548
05/09/2012;56.864;56.236;56.904;56.236;3310000;0,0112;1;0,025622538;58.716;60.277;60.807
06/09/2012;58.321;56.868;58.328;56.868;3620000;0,0256;1;0,001423158;59.250;60.775;60.944
10/09/2012;58.404;58.325;59.421;58.325;3510000;0,0014;1;0,017447435;60.434;61.239;60.999
11/09/2012;59.423;58.405;59.515;58.404;3850000;0,0174;1;0,008397422;61.328;61.562;61.009
12/09/2012;59.922;59.429;60.136;59.205;4850000;0,0084;1;0,033977504;61.956;61.762;60.959
13/09/2012;61.958;59.921;62.117;59.629;5970000;0,034;1;0,002372575;61.905;61.755;60.721
14/09/2012;62.105;61.955;63.428;61.823;5820000;0,0024;1;-0,004814427;61.754;61.526;60.461
17/09/2012;61.806;62.106;62.692;61.552;3900000;-0,0048;0;-3,24E-05;61.715;61.336;60.230
18/09/2012;61.804;61.806;62.132;61.447;3200000;0;0;-0,002459388;61.553;61.113;60.052
19/09/2012;61.652;61.806;62.514;61.519;3390000;-0,0025;0;0,000583923;61.639;60.759;59.859
20/09/2012;61.688;61.652;61.908;60.961;2920000;0,0006;1;-0,005965504;61.244;60.457;59.628
21/09/2012;61.320;61.695;62.223;61.300;2990000;-0,006;0;0,009621657;60.963;60.157;59.474
24/09/2012;61.910;61.319;61.932;61.075;3330000;0,0096;1;-0,022758843;60.406;59.688;59.309
25/09/2012;60.501;61.913;61.947;60.357;3870000;-0,0228;0;-0,000380159;59.965;59.396;59.255
26/09/2012;60.478;60.506;60.506;59.725;3140000;-0,0004;0;-0,003935315;59.662;59.124;59.227
27/09/2012;60.240;60.483;60.889;59.876;3810000;-0,0039;0;-0,017662683;59.323;58.992;59.191
28/09/2012;59.176;60.240;60.240;58.864;3690000;-0,0177;0;0,006675003;59.140;58.958;59.172
01/10/2012;59.571;59.171;60.216;59.171;2760000;0,0067;1;-0,005858555;58.769;58.799;59.110
02/10/2012;59.222;59.575;60.091;59.028;3200000;-0,0059;0;-0,010046942;58.552;58.790;59.001
03/10/2012;58.627;59.222;59.483;58.542;3200000;-0,01;0;-0,002882631;58.782;58.929;58.896
04/10/2012;58.458;58.627;59.002;58.105;3370000;-0,0029;0;0,001950118;58.943;59.113;58.852
05/10/2012;58.572;58.460;59.441;58.414;3240000;0,002;1;0,012719388;58.904;59.330;58.759
08/10/2012;59.317;58.572;59.318;58.170;2600000;0,0127;1;-0,006372541;58.852;59.389;58.606
09/10/2012;58.939;59.319;59.697;58.616;3150000;-0,0064;0;-0,008194913;59.073;59.387;58.517
10/10/2012;58.456;58.944;59.320;58.341;2780000;-0,0082;0;0,01207746;59.503;59.422;58.418
11/10/2012;59.162;58.460;59.360;58.460;2820000;0,0121;1;0,007437206;59.811;59.211;58.362
15/10/2012;59.602;59.164;59.758;58.790;3120000;0,0074;1;0,00238247;59.855;58.863;58.262
16/10/2012;59.744;59.602;60.412;59.484;3250000;0,0024;1;0,005741162;59.581;58.590;58.242
17/10/2012;60.087;59.742;60.398;59.683;4210000;0,0057;1;-0,005874815;59.119;58.189;58.130
18/10/2012;59.734;60.087;60.087;59.322;3320000;-0,0059;0;-0,013593598;58.437;57.823;57.972
19/10/2012;58.922;59.701;59.846;58.782;3000000;-0,0136;0;-0,003767693;57.850;57.647;57.860
22/10/2012;58.700;58.925;59.205;58.541;2800000;-0,0038;0;-0,017206133;57.563;57.413;57.744
23/10/2012;57.690;58.679;58.679;57.388;3400000;-0,0172;0;-0,0091697;57.425;57.512;57.729
24/10/2012;57.161;57.686;57.986;57.159;2930000;-0,0092;0;0,011826245;57.430;57.662;57.666
25/10/2012;57.837;57.161;58.274;57.161;3150000;0,0118;1;-0,009682383;57.379;57.894;57.492
26/10/2012;57.277;57.833;57.833;57.061;3000000;-0,0097;0;-0,001745901;57.310;58.071;57.433
29/10/2012;57.177;57.267;57.267;56.581;1710000;-0,0017;0;0,008867202;57.712;58.121;57.366
30/10/2012;57.684;57.178;57.764;57.178;1610000;0,0089;1;-0,010678871;57.887;58.074;57.277
31/10/2012;57.068;57.682;57.935;56.929;2790000;-0,0107;0;0,023042686;58.684;58.074;57.313
01/11/2012;58.383;57.065;58.383;56.960;2980000;0,023;1;-0,002963191;58.729;57.945;57.196
05/11/2012;58.210;58.374;58.374;57.551;2620000;-0,003;0;0,021456794;58.500;57.670;57.056
06/11/2012;59.459;58.220;59.561;58.174;3470000;0,0215;1;-0,01584285;57.800;57.090;56.847
07/11/2012;58.517;59.460;59.460;58.274;3080000;-0,0158;0;-0,016969428;57.315;56.795;56.800
08/11/2012;57.524;58.523;59.008;57.420;3200000;-0,017;0;-0,002885752;57.303;56.612;56.796
09/11/2012;57.358;57.517;58.109;56.862;4250000;-0,0029;0;-0,005125702;56.943;56.480;56.856
12/11/2012;57.064;57.358;57.712;56.988;2070000;-0,0051;0;0,007395205;56.389;56.553;56.892
13/11/2012;57.486;57.049;57.529;56.593;3360000;0,0074;1;-0,020996417;56.044;56.446;56.906
14/11/2012;56.279;57.472;57.472;56.038;3610000;-0,021;0;-0,015583077;56.032;56.442;57.004
16/11/2012;55.402;56.277;56.277;55.126;3470000;-0,0156;0;0,018934335;56.377;56.604;57.225
19/11/2012;56.451;55.387;56.666;55.387;2780000;0,0189;1;-0,003702326;56.751;56.804;57.424
21/11/2012;56.242;56.453;56.789;55.946;3590000;-0,0037;0;0,00346716;56.916;56.980;57.666
22/11/2012;56.437;56.245;56.643;56.242;2150000;0,0035;1;0,020146358;56.853;57.233;57.883
23/11/2012;57.574;56.439;57.574;56.248;3180000;0,0201;1;-0,014537812;56.508;57.231;58.007
26/11/2012;56.737;57.571;57.572;56.502;2750000;-0,0145;0;-0,008618714;56.880;57.366;58.212
27/11/2012;56.248;56.737;57.420;56.248;3550000;-0,0086;0;0,005173517;57.289;57.567;58.449
28/11/2012;56.539;56.206;56.591;55.686;3470000;0,0052;1;0,023240595;57.843;57.845;58.729
29/11/2012;57.853;56.562;57.853;56.562;3400000;0,0232;1;-0,006533801;57.747;58.044;58.954
30/11/2012;57.475;57.845;58.031;56.704;5050000;-0,0065;0;0,012648978;57.815;58.351;59.225
03/12/2012;58.202;57.479;58.332;57.479;3490000;0,0126;1;-0,010979004;57.633;58.533;59.426
04/12/2012;57.563;58.212;58.520;57.547;3940000;-0,011;0;0,002015183;57.941;58.783;59.668
05/12/2012;57.679;57.597;58.127;57.231;3580000;0,002;1;-0,000398759;58.464;59.059;59.864
06/12/2012;57.656;57.685;57.860;57.129;3200000;-0,0004;0;0,014413071;59.119;59.332;60.099
07/12/2012;58.487;57.656;58.594;57.636;3040000;0,0144;1;0,013011438;59.448;59.614;60.390
10/12/2012;59.248;58.468;59.248;58.091;3060000;0,013;1;0,006329328;59.471;59.864;60.680
11/12/2012;59.623;59.257;59.747;58.951;3990000;0,0063;1;-0,002499036;59.465;60.100;60.887
12/12/2012;59.474;59.626;59.859;59.291;4750000;-0,0025;0;-0,002639809;59.496;60.319;61.063
13/12/2012;59.317;59.459;59.969;59.154;3570000;-0,0026;0;0,004855269;59.878;60.553;61.192
14/12/2012;59.605;59.320;59.824;59.273;3410000;0,0049;1;-0,00063753;60.342;60.669;61.333
17/12/2012;59.567;59.604;59.914;59.323;3110000;-0,0006;0;0,01500831;60.912;60.867;61.484
18/12/2012;60.461;59.568;60.539;59.565;4360000;0,015;1;0,008881758;61.094;61.166;61.558
19/12/2012;60.998;60.461;61.212;60.396;4430000;0,0089;1;0,004557526;61.081;61.496;61.635
20/12/2012;61.276;60.992;61.276;60.622;3080000;0,0046;1;-0,004389973;60.794;61.674;61.667
21/12/2012;61.007;61.271;61.271;60.221;3160000;-0,0044;0;-0,000770403;60.776;61.807;61.723
26/12/2012;60.960;61.003;61.322;60.861;2600000;-0,0008;0;-0,008923885;61.306;61.831;61.811
27/12/2012;60.416;60.964;61.191;60.233;2850000;-0,0089;0;0,008871822;62.271;61.997;61.921
28/12/2012;60.952;60.416;61.066;60.416;2630000;0,0089;1;0,026217351;62.795;62.100;61.989
02/01/2013;62.550;60.990;62.887;60.990;3740000;0,0262;1;0,012182254;62.589;61.950;61.928
03/01/2013;63.312;62.555;63.473;62.341;3360000;0,0122;1;-0,012462092;61.861;61.774;61.832
04/01/2013;62.523;63.314;63.314;62.415;6230000;-0,0125;0;-0,009436527;61.547;61.661;61.735
07/01/2013;61.933;62.523;62.699;61.639;3990000;-0,0094;0;-0,012997917;61.462;61.640;61.599
08/01/2013;61.128;61.933;62.265;61.081;3840000;-0,013;0;0,007377961;61.585;61.792;61.547
09/01/2013;61.579;61.129;61.812;61.103;3240000;0,0074;1;0,001607691;61.752;61.846;61.387
10/01/2013;61.678;61.578;61.947;61.156;4100000;0,0016;1;-0,002934596;61.769;61.878;61.250
11/01/2013;61.497;61.662;61.683;61.198;3160000;-0,0029;0;0,009496398;61.865;61.905;61.168
14/01/2013;62.081;61.511;62.285;61.511;3480000;0,0095;1;-0,00568612;61.903;61.889;60.989
15/01/2013;61.728;62.079;62.151;61.695;3820000;-0,0057;0;0,000955806;61.979;61.809;60.826
16/01/2013;61.787;61.726;61.787;61.241;2790000;0,001;1;0,006587146;62.017;61.558;60.624
17/01/2013;62.194;61.806;62.309;61.683;3380000;0,0066;1;-0,003826736;61.849;61.302;60.351
18/01/2013;61.956;62.197;62.395;61.822;3500000;-0,0038;0;-0,000903867;61.853;60.928;60.104
21/01/2013;61.900;61.962;62.052;61.804;2140000;-0,0009;0;-0,003360258;61.609;60.623;59.854
22/01/2013;61.692;61.904;61.995;61.534;3470000;-0,0034;0;0,004441419;61.054;60.431;59.596
23/01/2013;61.966;61.692;61.969;61.543;3210000;0,0044;1;-0,012845754;60.534;60.090;59.306
24/01/2013;61.170;61.966;62.249;60.838;3610000;-0,0128;0;-0,01868563;59.923;59.843;59.052
28/01/2013;60.027;61.178;61.313;59.921;3430000;-0,0187;0;0,006313825;59.835;59.690;58.858
29/01/2013;60.406;60.027;60.428;59.758;3190000;0,0063;1;-0,017696918;59.816;59.399;58.556
30/01/2013;59.337;60.405;60.405;59.305;4660000;-0,0177;0;0,007145626;59.896;59.279;58.329
31/01/2013;59.761;59.344;59.771;59.114;4750000;0,0071;1;0,009872659;59.791;59.086;58.110
01/02/2013;60.351;59.764;60.496;59.742;3410000;0,0099;1;-0,012841544;59.324;58.761;57.843
04/02/2013;59.576;60.350;60.350;59.256;3350000;-0,0128;0;-0,002198872;58.923;58.522;57.656
05/02/2013;59.445;59.576;59.974;59.132;4430000;-0,0022;0;-0,008310203;58.607;58.260;57.500
06/02/2013;58.951;59.442;59.582;58.588;4410000;-0,0083;0;-0,009821716;58.425;58.026;57.391
07/02/2013;58.372;58.936;59.435;58.116;4070000;-0,0098;0;0,002158569;58.327;57.713;57.285
08/02/2013;58.498;58.374;58.638;58.025;3150000;0,0022;1;-0,001572703;58.129;57.378;57.142
13/02/2013;58.406;58.494;58.754;58.252;2800000;-0,0016;0;-0,005632983;57.865;57.134;56.967
14/02/2013;58.077;58.406;58.406;57.751;2390000;-0,0056;0;-0,002996023;57.610;56.926;56.957
15/02/2013;57.903;58.076;58.352;57.802;3440000;-0,003;0;-0,004991106;57.035;56.789;57.025
18/02/2013;57.614;57.906;57.929;57.420;2700000;-0,005;0;-0,005207068;56.549;56.741;57.083
19/02/2013;57.314;57.619;58.061;57.234;3920000;-0,0052;0;-0,019820637;56.343;56.756;57.171
20/02/2013;56.178;57.312;57.569;56.034;4950000;-0,0198;0;-0,000409413;56.490;56.857;57.316
21/02/2013;56.155;56.153;56.227;55.430;4920000;-0,0004;0;0,009651856;56.755;56.906;57.404
22/02/2013;56.697;56.159;56.742;56.107;5110000;0,0097;1;-0,001393372;56.947;56.800;57.446
25/02/2013;56.618;56.698;57.157;56.419;3970000;-0,0014;0;0,005846197;57.216;56.989;57.464
26/02/2013;56.949;56.616;57.007;56.047;4510000;0,0058;1;0,005706861;57.194;57.260;57.465
27/02/2013;57.274;56.948;57.402;56.684;5030000;0,0057;1;0,002618989;56.936;57.425;57.400
28/02/2013;57.424;57.273;57.798;56.925;4440000;0,0026;1;-0,009403734;56.445;57.586;57.301
01/03/2013;56.884;57.422;57.422;56.526;3890000;-0,0094;0;-0,00676816;56.797;57.775;57.207
04/03/2013;56.499;56.878;56.878;56.067;4030000;-0,0068;0;-0,009699287;57.579;57.902;57.118
05/03/2013;55.951;56.508;57.227;55.951;4260000;-0,0097;0;0,035548962;58.407;58.092;57.041
06/03/2013;57.940;55.953;58.150;55.953;5810000;0,0355;1;0,015654125;58.608;57.939;56.878
07/03/2013;58.847;57.940;59.472;57.940;6340000;0,0157;1;-0,007035193;58.396;57.671;56.678
08/03/2013;58.433;58.842;59.031;58.129;4130000;-0,007;0;0,001916725;58.047;57.375;56.529
11/03/2013;58.545;58.440;58.547;57.800;4130000;0,0019;1;-0,005739175;57.625;57.016;56.340
12/03/2013;58.209;58.542;58.709;58.113;3810000;-0,0057;0;-0,014138707;57.179;56.640;56.103
13/03/2013;57.386;58.204;58.411;57.286;4540000;-0,0141;0;-0,001829715;57.041;56.333;55.973
14/03/2013;57.281;57.386;57.850;56.722;4580000;-0,0018;0;-0,007192612;56.734;55.989;55.785
15/03/2013;56.869;57.275;57.532;56.805;5180000;-0,0072;0;0,001828764;56.455;55.818;55.655
18/03/2013;56.973;56.869;57.152;56.139;3740000;0,0018;1;-0,01074193;55.989;55.684;55.520
19/03/2013;56.361;56.973;57.038;56.100;3830000;-0,0107;0;-0,005872855;55.617;55.683;55.488
20/03/2013;56.030;56.361;56.396;55.831;4180000;-0,0059;0;-0,008084954;55.231;55.665;55.500
21/03/2013;55.577;56.025;56.044;55.382;4370000;-0,0081;0;-0,00600968;55.262;55.566;55.487
22/03/2013;55.243;55.577;55.893;55.098;3740000;-0,006;0;-0,006697681;55.526;55.612;55.467
25/03/2013;54.873;55.250;55.450;54.648;3850000;-0,0067;0;0,014542671;56.019;55.580;55.330
26/03/2013;55.671;54.879;55.763;54.879;3760000;0,0145;1;0,006520451;56.096;55.491;55.210
27/03/2013;56.034;55.677;56.178;55.130;4050000;0,0065;1;0,005675126;55.714;55.357;54.985
28/03/2013;56.352;56.035;56.374;55.874;4370000;0,0057;1;-0,00798552;55.451;55.294;54.757
01/04/2013;55.902;56.348;56.348;55.897;2760000;-0,008;0;-0,018120997;55.033;55.335;54.616
02/04/2013;54.889;55.901;56.257;54.809;3590000;-0,0181;0;0,012279327;55.087;55.408;54.574
03/04/2013;55.563;54.888;55.574;54.740;4480000;0,0123;1;-0,016467793;54.930;55.322;54.525
04/04/2013;54.648;55.563;55.579;54.432;4570000;-0,0165;0;0,007374469;55.352;55.079;54.549
05/04/2013;55.051;54.646;55.227;53.794;5970000;0,0074;1;0,000744764;55.730;54.928;54.543
08/04/2013;55.092;55.049;55.136;54.333;5500000;0,0007;1;0,014884194;55.833;54.612;54.483
09/04/2013;55.912;55.101;56.305;55.101;5190000;0,0149;1;0,004918443;55.517;54.220;54.410
10/04/2013;56.187;55.913;56.976;55.913;5390000;0,0049;1;-0,013989001;54.438;53.897;54.390
11/04/2013;55.401;56.190;56.284;55.174;3840000;-0,014;0;-0,007905994;53.968;53.740;54.384
12/04/2013;54.963;55.398;55.531;54.458;4810000;-0,0079;0;-0,036624638;53.274;53.729;54.422
15/04/2013;52.950;54.952;54.952;52.950;4710000;-0,0366;0;0,019660057;53.346;54.019;54.599
16/04/2013;53.991;52.953;54.095;52.953;4350000;0,0197;1;-0,02054046;53.326;54.158;54.762
17/04/2013;52.882;53.984;53.984;52.540;7410000;-0,0205;0;0,005370447;53.798;54.354;54.971
18/04/2013;53.166;52.887;53.474;52.392;4550000;0,0054;1;0,014351277;54.371;54.600;55.134
19/04/2013;53.929;53.169;54.018;53.169;3730000;0,0144;1;0,00684233;54.722;54.883;55.218
22/04/2013;54.298;53.926;54.298;53.420;4170000;0,0068;1;0,010810711;54.944;55.029;55.229
23/04/2013;54.885;54.301;55.282;54.165;5370000;0,0108;1;0,001803772;54.733;55.115;55.213
24/04/2013;54.984;54.875;55.546;54.723;3950000;0,0018;1;-0,000381929;54.701;55.179;55.210
25/04/2013;54.963;54.989;55.544;54.792;4350000;-0,0004;0;-0,012935975;55.016;55.366;55.196
26/04/2013;54.252;54.963;55.034;54.147;4660000;-0,0129;0;0,011704638;55.373;55.588;55.262
29/04/2013;54.887;54.254;55.336;54.254;5930000;0,0117;1;0,018638293;55.573;55.668;55.320
30/04/2013;55.910;54.888;55.910;54.585;7140000;0,0186;1;-0,010516902;55.413;55.554;55.345
02/05/2013;55.322;55.919;55.919;55.104;5440000;-0,0105;0;0,003000615;55.731;55.429;55.424
03/05/2013;55.488;55.330;56.366;55.330;8860000;0,003;1;-0,001045271;55.837;55.312;55.486
06/05/2013;55.430;55.488;55.542;54.652;6450000;-0,001;0;0,015244452;55.843;55.241;55.555
07/05/2013;56.275;55.429;56.450;55.207;6240000;0,0152;1;-0,008351844;55.454;55.026;55.564
08/05/2013;55.805;56.281;56.814;55.805;6520000;-0,0084;0;-0,006397276;55.001;54.935;55.581
09/05/2013;55.448;55.805;56.072;54.905;4800000;-0,0064;0;-0,006131871;54.741;54.971;55.522
10/05/2013;55.108;55.446;55.446;54.832;5320000;-0,0061;0;-0,011976483;54.684;55.136;55.408
13/05/2013;54.448;55.106;55.106;54.389;3960000;-0,012;0;0,004022186;54.792;55.419;55.372
14/05/2013;54.667;54.442;55.030;54.327;5090000;0,004;1;0,004920702;54.958;55.660;55.326
15/05/2013;54.936;54.668;55.216;54.488;4900000;0,0049;1;-0,002967089;55.213;55.870;55.173
16/05/2013;54.773;54.943;55.539;54.592;5080000;-0,003;0;0,007138554;55.710;56.102;55.038
17/05/2013;55.164;54.780;55.489;54.780;4070000;0,0071;1;0,00973461;56.132;56.226;54.785
20/05/2013;55.701;55.162;55.705;54.630;4160000;0,0097;1;0,010125491;56.348;56.074;54.472
21/05/2013;56.265;55.699;56.265;55.379;3900000;0,0101;1;0,002914778;56.395;55.680;54.008
22/05/2013;56.429;56.269;57.099;56.037;4870000;0,0029;1;-0,001399989;56.384;55.325;53.490
23/05/2013;56.350;56.423;56.423;55.379;4070000;-0,0014;0;0,000993789;56.279;54.992;53.066
24/05/2013;56.406;56.350;56.506;55.901;4850000;0,001;1;-0,000177286;55.689;54.476;52.561
27/05/2013;56.396;56.415;56.562;56.353;2050000;-0,0002;0;-0,006383431;54.726;53.975;52.039
28/05/2013;56.036;56.399;56.979;56.009;4180000;-0,0064;0;-0,025001785;54.028;53.344;51.570
29/05/2013;54.635;56.032;56.032;54.635;5000000;-0,025;0;-0,020664409;53.823;52.870;51.088
31/05/2013;53.506;54.633;54.776;52.942;8790000;-0,0207;0;0,008185998;53.587;52.336;50.710
03/06/2013;53.944;53.512;53.993;53.143;4340000;0,0082;1;0,001371793;53.234;51.656;50.218
04/06/2013;54.018;53.944;54.289;53.498;4310000;0,0014;1;-0,022566552;52.434;51.141;49.643
05/06/2013;52.799;54.019;54.207;52.774;4630000;-0,0226;0;0,001628819;51.940;50.646;49.221
06/06/2013;52.885;52.813;52.937;52.244;4090000;0,0016;1;-0,023938735;50.902;50.103;48.813
07/06/2013;51.619;52.877;52.877;51.428;5640000;-0,0239;0;-0,005850559;50.089;49.796;48.527
10/06/2013;51.317;51.619;51.836;51.160;4690000;-0,0059;0;-0,030145956;49.789;49.306;48.251
11/06/2013;49.770;51.314;51.314;49.708;5560000;-0,0301;0;-0,011834438;49.643;49.084;48.069
12/06/2013;49.181;49.777;50.380;48.746;7780000;-0,0118;0;0,02509099;49.612;48.781;47.787
13/06/2013;50.415;49.758;50.444;48.968;6230000;0,0251;1;-0,021481702;49.295;48.145;47.403
14/06/2013;49.332;50.415;50.656;49.330;5830000;-0,0215;0;-0,004925809;48.816;47.796;47.149
17/06/2013;49.089;49.337;50.123;49.074;5320000;-0,0049;0;0,007659557;48.524;47.523;46.871
18/06/2013;49.465;49.089;49.550;48.414;5980000;0,0077;1;-0,031780046;47.721;47.257;46.558
19/06/2013;47.893;49.457;49.698;47.838;6580000;-0,0318;0;0,006702441;47.078;47.195;46.386
20/06/2013;48.214;47.884;48.214;45.930;8790000;0,0067;1;-0,02401792;46.638;47.055;46.272
21/06/2013;47.056;48.209;48.209;46.918;6420000;-0,024;0;-0,023185141;46.677;46.794;46.164
24/06/2013;45.965;47.039;47.039;45.406;6300000;-0,0232;0;0,020189274;47.225;46.662;46.219
25/06/2013;46.893;45.967;47.119;45.967;4770000;0,0202;1;0,005949715;47.413;46.501;46.217
26/06/2013;47.172;46.903;47.725;46.903;5640000;0,0059;1;0,00926397;47.432;46.220;46.234
27/06/2013;47.609;47.135;48.053;47.135;5570000;0,0093;1;-0,003192674;46.639;45.858;46.237
28/06/2013;47.457;47.609;47.639;47.059;5750000;-0,0032;0;-0,004783277;45.834;45.576;46.233
01/07/2013;47.230;47.458;47.674;46.676;6660000;-0,0048;0;-0,04236714;45.345;45.490;46.329
02/07/2013;45.229;47.222;47.222;44.819;8120000;-0,0424;0;-0,004090296;45.339;45.534;46.586
03/07/2013;45.044;45.227;45.827;44.552;7000000;-0,0041;0;0,01596217;45.350;45.776;46.824
04/07/2013;45.763;45.046;46.097;45.046;5100000;0,016;1;-0,012083998;45.256;45.934;47.060
05/07/2013;45.210;45.757;45.757;44.107;6990000;-0,0121;0;-0,002963946;45.728;46.248;47.361
08/07/2013;45.076;45.211;45.740;44.839;4660000;-0,003;0;0,009029195;45.881;46.616;47.656
10/07/2013;45.483;45.142;45.955;45.142;4870000;0,009;1;0,025130268;46.299;46.890;47.876
11/07/2013;46.626;45.494;46.719;45.494;5590000;0,0251;1;-0,023441856;46.380;47.168;47.991
12/07/2013;45.533;46.624;46.624;45.529;5360000;-0,0234;0;0,026486285;47.005;47.638;48.248
15/07/2013;46.739;45.533;46.840;45.533;4840000;0,0265;1;0,002781403;47.311;47.872;48.372
16/07/2013;46.869;46.749;47.330;46.417;4780000;0,0028;1;0,011478803;47.488;48.186;48.484
17/07/2013;47.407;46.869;47.710;46.869;5180000;0,0115;1;0,005273483;47.877;48.473;48.485
18/07/2013;47.657;47.404;48.057;47.093;4290000;0,0053;1;-0,005392702;48.265;48.696;48.470
19/07/2013;47.400;47.650;47.650;47.163;3470000;-0,0054;0;0,024767932;48.589;48.862;48.580
22/07/2013;48.574;47.407;48.879;47.407;4130000;0,0248;1;0,005064438;48.754;48.813;48.673
23/07/2013;48.820;48.579;49.379;48.579;4580000;0,0051;1;-0,0091356;48.954;48.859;48.778
24/07/2013;48.374;48.816;48.888;47.999;5010000;-0,0091;0;0,014325878;49.234;48.873;48.937
25/07/2013;49.067;48.372;49.123;48.007;4940000;0,0143;1;0,007235005;49.065;48.783;49.068
26/07/2013;49.422;49.068;49.422;48.633;4000000;0,0072;1;-0,00424912;48.669;48.497;49.174
29/07/2013;49.212;49.414;49.461;48.975;3290000;-0,0042;0;-0,013208161;48.646;48.245;49.340
30/07/2013;48.562;49.220;49.669;48.560;5510000;-0,0132;0;-0,006754252;48.616;48.298;49.555
31/07/2013;48.234;48.558;48.824;48.140;4940000;-0,0068;0;0,018804163;48.684;48.532;49.718
01/08/2013;49.141;48.235;49.281;48.235;4690000;0,0188;1;-0,013573187;48.111;48.697;49.808
02/08/2013;48.474;49.141;49.550;48.448;4490000;-0,0136;0;-0,000783925;47.768;49.001;50.017
05/08/2013;48.436;48.477;48.707;48.264;3740000;-0,0008;0;-0,020934842;47.933;49.353;50.286
06/08/2013;47.422;48.436;48.522;47.225;5270000;-0,0209;0;0,000527181;48.750;49.851;50.572
07/08/2013;47.447;47.422;47.665;47.164;4460000;0,0005;1;0,031234852;49.701;50.435;50.761
08/08/2013;48.929;47.453;49.230;47.453;5220000;0,0312;1;0,019334137;50.258;50.813;50.828
09/08/2013;49.875;48.949;50.000;48.836;6320000;0,0193;1;0,008501253;50.599;50.903;50.831
12/08/2013;50.299;49.878;51.380;49.878;7040000;0,0085;1;0,006004096;50.802;50.919;50.811
13/08/2013;50.601;50.299;50.734;50.040;6510000;0,006;1;0,005829924;51.114;51.032;50.899
14/08/2013;50.896;50.594;51.364;50.414;11270000;0,0058;1;0,000235775;51.340;51.218;50.951
15/08/2013;50.908;50.880;51.453;50.050;8360000;0,0002;1;0,012394908;51.207;51.293;51.009
16/08/2013;51.539;50.906;51.555;50.800;7400000;0,0124;1;0,000679097;50.829;51.086;51.067
19/08/2013;51.574;51.540;52.089;51.115;6390000;0,0007;1;-0,020688719;50.770;50.842;51.222
20/08/2013;50.507;51.561;51.561;50.499;5830000;-0,0207;0;-0,002019522;51.333;50.759;51.489
21/08/2013;50.405;50.501;51.171;50.055;5990000;-0,002;0;0,019700427;51.675;50.702;51.745
22/08/2013;51.398;50.408;51.458;50.408;5570000;0,0197;1;0,015545352;51.239;50.765;51.900
23/08/2013;52.197;51.401;52.197;51.166;5890000;0,0155;1;-0,014713489;50.463;50.683;51.979
26/08/2013;51.429;52.200;52.398;51.429;4280000;-0,0147;0;-0,025997006;49.960;50.724;52.148
27/08/2013;50.092;51.425;51.425;50.018;5720000;-0,026;0;-0,004491735;49.934;51.047;52.415
28/08/2013;49.867;50.092;50.591;49.530;8500000;-0,0045;0;0,001102934;50.590;51.602;52.729
29/08/2013;49.922;49.867;50.558;49.845;7990000;0,0011;1;0,001802812;51.158;52.220;53.142
30/08/2013;50.012;49.932;50.480;49.649;14230000;0,0018;1;0,036451252;51.726;52.787;53.505
02/09/2013;51.835;50.012;51.976;50.012;9670000;0,0365;1;-0,004032025;51.898;53.035;53.668
03/09/2013;51.626;51.833;52.289;51.422;6890000;-0,004;0;0,001743308;52.606;53.275;53.881
04/09/2013;51.716;51.621;51.830;51.108;5040000;0,0017;1;0,012297935;53.451;53.572;54.074
05/09/2013;52.352;51.715;52.498;51.256;6190000;0,0123;1;0,026684749;53.993;53.782;54.211
06/09/2013;53.749;52.354;54.125;52.354;10520000;0,0267;1;0,009358314;53.934;53.857;54.213
09/09/2013;54.252;53.752;54.531;53.257;7780000;0,0094;1;-0,005032073;53.619;54.064;54.177
10/09/2013;53.979;54.252;54.740;53.769;6830000;-0,005;0;-0,007577021;53.558;54.224;54.059
11/09/2013;53.570;53.982;54.304;53.307;6820000;-0,0076;0;-0,004909464;53.642;54.301;54.031
12/09/2013;53.307;53.570;53.839;52.945;6090000;-0,0049;0;0,009210798;53.964;54.486;54.017
13/09/2013;53.798;53.311;53.859;52.917;4940000;0,0092;1;0,000446113;54.599;54.576;53.923
16/09/2013;53.822;53.799;54.463;53.559;4770000;0,0004;1;0,008342314;55.023;54.639;53.854
17/09/2013;54.271;53.823;54.271;53.576;4250000;0,0083;1;0,026386099;54.970;54.569;53.721
18/09/2013;55.703;54.272;55.827;53.982;7540000;0,0264;1;-0,010897079;54.603;54.289;53.479
19/09/2013;55.096;55.703;55.900;54.966;5130000;-0,0109;0;-0,017896036;54.381;53.895;53.297
20/09/2013;54.110;55.095;55.243;54.019;4420000;-0,0179;0;0,009092589;54.431;53.762;53.218
23/09/2013;54.602;54.110;54.683;54.027;3920000;0,0091;1;-0,003131753;54.158;53.547;53.114
24/09/2013;54.431;54.600;54.818;54.164;4300000;-0,0031;0;-0,00312322;53.928;53.270;53.095
25/09/2013;54.261;54.425;54.612;53.968;3900000;-0,0031;0;-0,008809274;53.287;53.068;53.147
26/09/2013;53.783;54.263;54.344;53.429;6270000;-0,0088;0;-0,000818102;53.085;52.873;53.303
27/09/2013;53.739;53.781;54.131;53.611;4220000;-0,0008;0;-0,026070452;52.872;52.669;53.419
30/09/2013;52.338;53.737;53.737;52.291;6500000;-0,0261;0;0,016068631;52.923;52.699;53.636
01/10/2013;53.179;52.337;53.179;52.093;5040000;0,0161;1;-0,001485549;52.813;52.673;53.843
02/10/2013;53.100;53.176;53.474;52.871;4140000;-0,0015;0;-0,011487759;52.585;52.680;54.083
03/10/2013;52.490;53.101;53.429;52.296;3990000;-0,0115;0;0,006839398;52.526;52.921;54.294
04/10/2013;52.849;52.489;52.872;52.113;4300000;0,0068;1;-0,008174232;52.426;53.225;54.439
07/10/2013;52.417;52.841;52.912;52.274;3470000;-0,0082;0;-0,002003167;52.619;53.733;54.563
08/10/2013;52.312;52.413;52.556;51.870;4000000;-0,002;0;0,004511393;52.898;54.168;54.760
09/10/2013;52.548;52.313;52.836;51.955;4210000;0,0045;1;0,008544569;53.439;54.573;54.902
10/10/2013;52.997;52.550;53.133;52.512;4140000;0,0085;1;0,002886956;54.101;55.013;54.986
11/10/2013;53.150;53.000;53.301;52.739;3050000;0,0029;1;0,019209784;55.042;55.485;55.065
14/10/2013;54.171;53.150;54.197;52.833;4090000;0,0192;1;0,01495265;55.437;55.667;55.054
15/10/2013;54.981;54.176;55.190;54.053;8580000;0,015;1;0,018042597;55.570;55.652;55.015
16/10/2013;55.973;54.983;56.747;54.902;12960000;0,018;1;-0,01098744;55.604;55.392;54.862
17/10/2013;55.358;55.966;56.168;55.146;7210000;-0,011;0;0,000361285;55.972;55.351;54.721
18/10/2013;55.378;55.360;56.052;55.004;5980000;0,0004;1;0,012622341;55.992;55.231;54.533
21/10/2013;56.077;55.380;56.109;55.257;4660000;0,0126;1;0,006829895;55.592;54.959;54.259
22/10/2013;56.460;56.074;56.720;55.898;4610000;0,0068;1;-0,018065887;54.824;54.645;53.985
23/10/2013;55.440;56.459;56.459;55.380;4020000;-0,0181;0;-0,010155123;54.701;54.441;53.726
24/10/2013;54.877;55.440;55.864;54.443;5650000;-0,0102;0;-0,013174918;54.589;54.378;53.536
25/10/2013;54.154;54.863;54.911;54.141;4940000;-0,0132;0;0,016970122;54.595;54.332;53.486
28/10/2013;55.073;54.156;55.076;54.070;5800000;0,017;1;-0,009696221;54.323;54.091;53.432
29/10/2013;54.539;55.076;55.267;54.224;6140000;-0,0097;0;-0,006710794;54.147;53.834;53.324
30/10/2013;54.173;54.541;54.764;53.917;6040000;-0,0067;0;0,001532129;54.235;53.559;53.218
31/10/2013;54.256;54.174;54.466;53.602;12950000;0,0015;1;-0,004478767;54.094;53.326;53.114
01/11/2013;54.013;54.255;54.387;53.753;4090000;-0,0045;0;0,007849962;53.885;53.010;52.989
04/11/2013;54.437;54.014;54.531;54.008;2730000;0,0078;1;-0,011113765;53.319;52.695;52.776
05/11/2013;53.832;54.436;54.539;53.731;3330000;-0,0111;0;-0,008303611;52.792;52.641;52.635
06/11/2013;53.385;53.840;53.857;53.073;4260000;-0,0083;0;-0,012063314;52.538;52.772;52.525
07/11/2013;52.741;53.390;53.891;52.558;4870000;-0,0121;0;-0,009328606;52.226;52.814;52.506
08/11/2013;52.249;52.739;52.868;51.735;4110000;-0,0093;0;0,007177171;52.219;52.877;52.435
11/11/2013;52.624;52.247;52.646;52.072;2320000;0,0072;1;-0,015582244;52.495;52.902;52.272
12/11/2013;51.804;52.624;52.811;51.636;3850000;-0,0156;0;0,008223303;53.330;52.968;52.159
13/11/2013;52.230;51.804;52.271;51.290;3420000;0,0082;1;0,023396515;53.597;52.856;52.056
14/11/2013;53.452;52.233;53.566;52.233;3610000;0,0234;1;0,01599566;53.343;52.629;51.877
18/11/2013;54.307;53.452;54.317;53.452;3320000;0,016;1;-0,023459223;52.841;52.277;51.652
19/11/2013;53.033;54.304;54.304;52.831;3650000;-0,0235;0;-0,006505383;52.584;52.199;51.506
21/11/2013;52.688;53.027;53.027;52.190;3620000;-0,0065;0;0,002144701;52.171;51.992;51.319
22/11/2013;52.801;52.686;53.221;52.096;3470000;0,0021;1;-0,010170262;51.857;51.642;51.128
25/11/2013;52.264;52.807;52.995;52.116;3080000;-0,0102;0;-0,015632175;51.718;51.350;50.970
26/11/2013;51.447;52.259;52.410;51.433;3730000;-0,0156;0;0,008047116;52.063;51.255;50.887
27/11/2013;51.861;51.448;52.113;51.448;3110000;0,008;1;-0,000269952;51.858;51.124;50.760
28/11/2013;51.847;51.862;52.458;51.697;2420000;-0,0003;0;0,012247575;51.359;51.027;50.668
29/11/2013;52.482;51.847;52.482;51.847;2630000;0,0122;1;-0,023569986;50.603;50.814;50.608
02/12/2013;51.245;52.479;52.479;51.245;3790000;-0,0236;0;-0,017484633;50.451;50.646;50.603
03/12/2013;50.349;51.240;51.257;50.224;3680000;-0,0175;0;-0,002641562;50.649;50.614;50.675
04/12/2013;50.216;50.359;50.744;50.114;3640000;-0,0026;0;0,011390792;50.966;50.590;50.747
05/12/2013;50.788;50.220;51.124;50.220;3670000;0,0114;1;0,003071592;51.034;50.518;50.781
06/12/2013;50.944;50.788;51.365;50.610;3350000;0,0031;1;0,004338097;50.742;50.396;50.822
09/12/2013;51.165;50.942;51.298;50.832;2280000;0,0043;1;-0,003361673;50.394;50.310;50.763
10/12/2013;50.993;51.167;51.334;50.956;2130000;-0,0034;0;-0,018139745;50.080;50.401;50.762
11/12/2013;50.068;50.991;51.039;50.068;3080000;-0,0181;0;0,001078533;50.151;50.561;50.827
12/12/2013;50.122;50.077;50.331;49.842;3050000;0,0011;1;-0,001416544;50.140;50.737;50.849
13/12/2013;50.051;50.133;50.519;50.006;2880000;-0,0014;0;0,004575333;50.311;50.904;50.886
16/12/2013;50.280;50.049;50.611;50.049;2800000;0,0046;1;-0,003778839;50.762;51.045;50.818
17/12/2013;50.090;50.279;50.563;50.049;2680000;-0,0038;0;0,009443003;51.127;51.248;50.790
18/12/2013;50.563;50.110;50.869;50.110;4530000;0,0094;1;0,021161719;51.392;51.216;50.708
19/12/2013;51.633;50.578;51.633;50.578;2960000;0,0212;1;-0,008657254;51.254;51.123;50.571
20/12/2013;51.186;51.620;51.641;51.025;3720000;-0,0087;0;0,003321221;51.281;51.092;50.493
23/12/2013;51.356;51.188;51.605;51.188;2310000;0,0033;1;-0,002628709;51.332;50.960;50.375
26/12/2013;51.221;51.358;51.610;51.185;1810000;-0,0026;0;0,000898069;51.038;50.868;50.229
27/12/2013;51.267;51.239;51.395;51.207;2000000;0,0009;1;0,004681374;50.943;50.590;50.046
30/12/2013;51.507;51.274;51.996;51.274;2050000;0,0047;1;-0,0226377;50.765;50.332;49.835
02/01/2014;50.341;51.522;51.656;50.246;3480000;-0,0226;0;0,012713295;50.795;50.201;49.760
03/01/2014;50.981;50.348;50.981;50.269;7360000;0,0127;1;-0,000137306;50.660;50.018;49.570
06/01/2014;50.974;50.980;51.002;50.451;3730000;-0,0001;0;-0,010672107;50.110;49.894;49.343
07/01/2014;50.430;50.982;51.478;50.429;3340000;-0,0107;0;0,002914932;49.865;49.789;49.148
08/01/2014;50.577;50.431;50.793;50.424;2920000;0,0029;1;-0,02481365;49.482;49.590;48.952
09/01/2014;49.322;50.576;50.576;49.259;3700000;-0,0248;0;0,007582823;49.609;49.502;48.826
10/01/2014;49.696;49.322;50.145;49.267;3510000;0,0076;1;-0,00541291;49.745;49.338;48.651
13/01/2014;49.427;49.708;50.003;49.309;2800000;-0,0054;0;0,005583993;49.835;49.319;48.523
14/01/2014;49.703;49.421;49.834;49.263;2890000;0,0056;1;0,008088043;49.661;49.122;48.269
15/01/2014;50.105;49.715;50.230;49.715;2840000;0,0081;1;-0,008162858;49.195;48.791;48.045
16/01/2014;49.696;50.106;50.577;49.628;2940000;-0,0082;0;-0,010342885;48.811;48.506;47.826
17/01/2014;49.182;49.696;49.868;49.174;2620000;-0,0103;0;-0,009637672;48.850;48.314;47.722
20/01/2014;48.708;49.181;49.292;48.673;1410000;-0,0096;0;-0,003408064;48.721;48.150;47.677
21/01/2014;48.542;48.728;49.124;48.440;3100000;-0,0034;0;0,015615343;48.469;47.964;47.618
22/01/2014;49.300;48.543;49.487;48.543;3870000;0,0156;1;-0,019858012;47.936;47.727;47.558
23/01/2014;48.321;49.294;49.598;48.321;3880000;-0,0199;0;-0,011051096;47.776;47.417;47.551
24/01/2014;47.787;48.325;48.327;47.494;3540000;-0,0111;0;-0,001799653;47.700;47.299;47.552
27/01/2014;47.701;47.782;48.147;47.493;2940000;-0,0018;0;0,002934949;47.547;47.145;47.588
28/01/2014;47.841;47.750;48.488;47.750;2690000;0,0029;1;-0,005936331;47.480;47.131;47.569
29/01/2014;47.557;47.839;47.884;47.154;3320000;-0,0059;0;-0,006581576;47.010;47.204;47.501
30/01/2014;47.244;47.554;48.034;47.115;3110000;-0,0066;0;0,00836085;46.917;47.271;47.494
31/01/2014;47.639;47.234;47.652;46.814;3720000;0,0084;1;-0,031297886;46.579;47.389;47.469
03/02/2014;46.148;47.623;47.623;46.109;3620000;-0,0313;0;0,01768224;47.109;47.684;47.557
04/02/2014;46.964;46.148;47.132;46.146;3470000;0,0177;1;-0,007239588;47.479;47.806;47.588
05/02/2014;46.624;46.964;47.148;46.224;3360000;-0,0072;0;0,023893274;47.841;48.031;47.595
06/02/2014;47.738;46.988;48.034;46.632;3630000;0,0239;1;0,007038418;48.083;48.008;47.513
07/02/2014;48.074;47.739;48.253;47.557;3200000;0,007;1;-0,007550859;48.130;47.797;47.480
10/02/2014;47.711;48.070;48.136;47.465;2630000;-0,0076;0;0,015761564;48.164;47.717;47.436
11/02/2014;48.463;47.715;48.604;47.589;3380000;0,0158;1;-0,005076037;48.077;47.550;47.302
12/02/2014;48.217;48.467;48.669;48.044;2770000;-0,0051;0;-0,008378788;47.863;47.430;47.222
13/02/2014;47.813;48.211;48.211;47.129;3170000;-0,0084;0;0,008114948;47.459;47.370;47.110
14/02/2014;48.201;47.816;48.314;47.756;3190000;0,0081;1;-0,012966536;47.109;47.158;46.919
17/02/2014;47.576;48.200;48.298;47.540;1880000;-0,013;0;-0,020514545;47.013;47.018;46.785
18/02/2014;46.600;47.575;47.712;46.600;3860000;-0,0205;0;0,011824034;47.273;47.162;46.732
19/02/2014;47.151;46.597;47.155;46.134;4000000;0,0118;1;0,002926767;47.354;47.154;46.610
20/02/2014;47.289;47.127;47.600;46.634;3000000;0,0029;1;0,001924338;47.163;47.054;46.444
21/02/2014;47.380;47.290;47.816;47.075;2610000;0,0019;1;0,000295483;46.903;47.013;46.283
24/02/2014;47.394;47.376;47.539;46.991;2990000;0,0003;1;-0,014305608;46.974;46.849;46.194
25/02/2014;46.716;47.388;47.388;46.614;2920000;-0,0143;0;-0,002504495;47.100;46.680;46.183
26/02/2014;46.599;46.718;47.010;46.403;3230000;-0,0025;0;0,021631365;47.097;46.551;46.232
27/02/2014;47.607;46.622;47.781;46.622;3050000;0,0216;1;-0,010775726;46.925;46.302;46.216
28/02/2014;47.094;47.613;47.813;47.043;4090000;-0,0108;0;-0,010723234;46.642;46.066;46.280
05/03/2014;46.589;47.092;47.154;46.473;2290000;-0,0107;0;0,010818004;46.290;45.834;46.393
06/03/2014;47.093;46.592;47.400;46.502;3160000;0,0108;1;-0,018028157;45.825;45.552;46.456
07/03/2014;46.244;47.093;47.218;46.086;3980000;-0,018;0;-0,015374968;45.698;45.539;46.699
10/03/2014;45.533;46.242;46.242;45.203;3670000;-0,0154;0;0,003623745;45.668;45.687;47.001
11/03/2014;45.698;45.533;46.050;45.401;3280000;0,0036;1;0,003588779;45.424;45.912;47.338
12/03/2014;45.862;45.687;45.916;45.508;3020000;0,0036;1;-0,009114299;45.176;46.129;47.653
13/03/2014;45.444;45.864;46.176;45.250;3120000;-0,0091;0;-0,01051844;45.412;46.493;48.100
14/03/2014;44.966;45.444;45.562;44.905;3480000;-0,0105;0;0,003380332;45.945;46.953;48.560
17/03/2014;45.118;44.979;45.499;44.969;2930000;0,0034;1;0,022895518;46.665;47.359;48.986
18/03/2014;46.151;45.115;46.217;45.075;3590000;0,0229;1;0,009013889;47.075;47.859;49.415
19/03/2014;46.567;46.153;46.803;45.910;3340000;0,009;1;0,015268323;47.551;48.316;49.777
20/03/2014;47.278;46.565;47.484;46.151;4360000;0,0153;1;0,002178603;47.851;48.764;50.056
21/03/2014;47.381;47.272;47.832;46.721;4190000;0,0022;1;0,01291657;48.046;49.177;50.323
24/03/2014;47.993;47.382;48.142;47.382;3010000;0,0129;1;0,003896402;48.598;49.707;50.600
25/03/2014;48.180;47.993;48.441;47.950;2950000;0,0039;1;-0,004441677;49.127;50.168;50.844
26/03/2014;47.966;48.182;48.725;47.963;3440000;-0,0044;0;0,035045657;49.943;50.613;51.022
27/03/2014;49.647;47.965;49.647;47.962;5930000;0,035;1;0,002437207;50.151;50.971;51.133
28/03/2014;49.768;49.653;50.181;49.606;4230000;0,0024;1;0,013000321;50.795;51.237;51.300
31/03/2014;50.415;49.770;50.418;49.770;3650000;0,013;1;-0,002876128;51.126;51.347;51.412
01/04/2014;50.270;50.412;50.627;49.774;3500000;-0,0029;0;0,028466282;51.397;51.470;51.505
02/04/2014;51.701;50.273;51.794;50.201;4790000;0,0285;1;-0,005667202;51.548;51.493;51.513
03/04/2014;51.408;51.712;51.991;51.059;3500000;-0,0057;0;-0,006341425;51.622;51.520;51.512
04/04/2014;51.082;51.428;52.288;51.034;3700000;-0,0063;0;0,021005442;51.656;51.431;51.534
07/04/2014;52.155;51.115;52.229;51.115;3670000;0,021;1;-0,010085323;51.314;51.294;51.511
08/04/2014;51.629;52.173;53.394;51.377;5500000;-0,0101;0;-0,008599818;51.393;51.363;51.511
09/04/2014;51.185;51.629;51.629;50.653;4200000;-0,0086;0;-0,001133144;51.530;51.476;51.639
10/04/2014;51.127;51.185;51.522;50.732;3590000;-0,0011;0;0,014473761;51.306;51.540;51.805
11/04/2014;51.867;51.127;51.871;50.518;3400000;0,0145;1;-0,005205622;51.084;51.533;51.942
14/04/2014;51.597;51.867;52.110;51.361;2690000;-0,0052;0;-0,022152451;51.256;51.504;52.117
15/04/2014;50.454;51.593;51.593;49.890;3860000;-0,0222;0;0,014805565;51.763;51.637;52.329
16/04/2014;51.201;50.469;51.288;50.469;3430000;0,0148;1;0,017792621;51.886;51.728;52.465
17/04/2014;52.112;51.201;52.338;50.887;3020000;0,0178;1;-0,002590574;51.788;51.659;52.603
22/04/2014;51.977;52.112;52.460;51.682;3490000;-0,0026;0;-0,007830387;51.595;51.802;52.741
23/04/2014;51.570;51.975;51.975;51.400;2840000;-0,0078;0;0,004789606;51.533;52.070;52.944
24/04/2014;51.817;51.570;51.963;51.238;3190000;0,0048;1;-0,008066851;51.541;52.351;53.090
25/04/2014;51.399;51.817;51.817;51.019;2950000;-0,0081;0;-0,000291834;51.617;52.730;53.274
28/04/2014;51.384;51.397;51.471;50.777;2710000;-0,0003;0;0,008854896;52.149;53.021;53.415
29/04/2014;51.839;51.386;52.416;51.386;4330000;0,0089;1;-0,004089585;52.684;53.201;53.452
30/04/2014;51.627;51.838;51.838;51.251;4620000;-0,0041;0;0,026207217;53.402;53.548;53.493
02/05/2014;52.980;51.630;53.060;51.628;8110000;0,0262;1;0,008795772;53.760;53.680;53.481
05/05/2014;53.446;52.989;53.506;52.931;4440000;0,0088;1;0,006249298;53.752;53.818;53.422
06/05/2014;53.780;53.446;53.986;53.094;4970000;0,0062;1;0,005076237;53.525;53.829;53.362
07/05/2014;54.053;53.786;54.226;53.499;4570000;0,0051;1;-0,011673728;53.525;53.818;53.228
08/05/2014;53.422;54.053;54.249;53.222;3340000;-0,0117;0;-0,006027479;53.687;53.808;53.172
09/05/2014;53.100;53.422;53.639;53.057;3180000;-0,006;0;0,017947269;54.124;53.703;53.110
12/05/2014;54.053;53.103;54.053;53.103;2740000;0,0179;1;-0,002701053;54.059;53.439;52.909
13/05/2014;53.907;54.056;54.243;53.731;2960000;-0,0027;0;0,009386536;54.082;53.282;52.745
14/05/2014;54.413;53.913;54.459;53.867;2880000;0,0094;1;-0,010236524;53.728;53.027;52.575
15/05/2014;53.856;54.404;54.404;53.565;3440000;-0,0102;0;0,002228164;53.232;52.895;52.430
16/05/2014;53.976;53.856;54.382;53.709;3540000;0,0022;1;-0,011542167;52.641;52.637;52.258
19/05/2014;53.353;53.976;53.991;53.267;3090000;-0,0115;0;-0,018499428;52.458;52.535;52.242
20/05/2014;52.366;53.353;53.843;52.313;3950000;-0,0185;0;-0,003112707;52.545;52.517;52.378
21/05/2014;52.203;52.366;52.875;52.203;3250000;-0,0031;0;0,01155106;52.788;52.380;52.550
22/05/2014;52.806;52.206;52.851;52.133;2940000;0,0116;1;-0,003408704;52.578;52.208;52.714
23/05/2014;52.626;52.807;52.936;52.403;2460000;-0,0034;0;0,005833618;52.582;52.123;52.869
26/05/2014;52.933;52.650;53.044;52.650;1190000;0,0058;1;-0,014338881;52.351;51.966;52.991
27/05/2014;52.174;52.932;53.309;52.079;2890000;-0,0143;0;0,008931652;52.039;51.878;53.142
28/05/2014;52.640;52.174;52.858;52.009;2840000;0,0089;1;-0,007617781;51.695;51.948;53.325
29/05/2014;52.239;52.649;52.889;52.031;2390000;-0,0076;0;-0,019142786;51.626;52.239;53.497
30/05/2014;51.239;52.233;52.233;51.239;4530000;-0,0191;0;0,007162513;51.824;52.719;53.709
02/06/2014;51.606;51.239;51.879;51.239;2600000;0,0072;1;0,008254854;51.808;53.219;53.900
03/06/2014;52.032;51.606;52.032;51.377;2860000;0,0083;1;-0,003824569;52.174;53.615;54.000
04/06/2014;51.833;52.032;52.032;51.609;2570000;-0,0038;0;-0,005286208;52.987;54.015;54.119
05/06/2014;51.559;51.833;52.245;51.470;2890000;-0,0053;0;0,030450552;54.002;54.406;54.233
06/06/2014;53.129;51.562;53.175;51.562;4300000;0,0305;1;0,021532496;54.660;54.703;54.236
09/06/2014;54.273;53.129;54.462;53.091;3660000;0,0215;1;0,006098797;54.838;54.755;54.157
10/06/2014;54.604;54.273;54.604;53.960;3730000;0,0061;1;0,009120211;54.846;54.699;54.045
11/06/2014;55.102;54.676;55.284;54.676;3800000;0,0091;1;-0,005353708;54.579;54.581;53.957
13/06/2014;54.807;55.102;55.104;54.649;2660000;-0,0054;0;-0,003229514;54.711;54.384;53.904
16/06/2014;54.630;54.807;54.855;54.475;2640000;-0,0032;0;-0,006040637;54.714;54.224;53.845
17/06/2014;54.300;54.630;54.638;54.150;1590000;-0,006;0;0,016629834;54.684;54.060;53.797
18/06/2014;55.203;54.301;55.203;54.046;3270000;0,0166;1;-0,010234951;54.376;53.770;53.753
20/06/2014;54.638;55.192;55.192;54.540;2350000;-0,0102;0;-0,007833376;53.972;53.560;53.764
23/06/2014;54.210;54.637;54.724;54.097;1400000;-0,0078;0;0,001309721;53.738;53.391;53.874
24/06/2014;54.281;54.194;55.002;54.094;3120000;0,0013;1;-0,015751368;53.363;53.333;53.995
25/06/2014;53.426;54.281;54.393;53.363;2950000;-0,0158;0;0,001516116;53.277;53.423;54.158
26/06/2014;53.507;53.427;53.790;53.331;2240000;0,0015;1;-0,0065412;53.165;53.465;54.310
27/06/2014;53.157;53.507;53.614;52.919;2370000;-0,0065;0;0,000206934;53.123;53.534;54.586
30/06/2014;53.168;53.158;53.311;52.709;2450000;0,0002;1;5,64249E-05;53.358;53.737;54.905
01/07/2014;53.171;53.170;53.698;52.887;2690000;0,0001;1;-0,002670629;53.653;53.968;55.249
02/07/2014;53.029;53.171;53.245;52.735;3160000;-0,0027;0;0,015953535;53.911;54.356;55.562
03/07/2014;53.875;53.029;53.877;52.760;3300000;0,016;1;0,003359629;53.831;54.656;55.855
04/07/2014;54.056;53.893;54.087;53.704;753840;0,0034;1;-0,004698831;54.010;54.893;56.124
07/07/2014;53.802;54.042;54.042;53.376;2190000;-0,0047;0;-0,003103974;54.338;55.155;56.402
08/07/2014;53.635;53.814;53.905;53.459;1850000;-0,0031;0;0,017861471;55.041;55.638;56.651
10/07/2014;54.593;53.643;54.600;53.643;4720000;0,0179;1;0,003535252;55.501;56.072;56.814
11/07/2014;54.786;54.593;54.952;54.320;3380000;0,0035;1;0,017486219;55.812;56.529;56.889
14/07/2014;55.744;54.786;55.896;54.786;4170000;0,0175;1;0,004126005;55.776;56.768;56.900
15/07/2014;55.974;55.742;56.107;55.629;3220000;0,0041;1;-0,004591417;56.123;57.055;56.946
16/07/2014;55.717;55.973;56.332;55.573;4090000;-0,0046;0;-0,00141788;56.762;57.355;56.981
17/07/2014;55.638;55.712;56.190;55.237;3980000;-0,0014;0;0,024713325;57.543;57.649;57.041
18/07/2014;57.013;55.639;57.484;55.639;5300000;0,0247;1;0,010892253;57.679;57.664;56.982
21/07/2014;57.634;57.014;57.756;56.864;3030000;0,0109;1;0,006055453;57.794;57.556;56.835
22/07/2014;57.983;57.636;58.138;57.500;3010000;0,0061;1;-0,009709743;57.740;57.249;56.737
23/07/2014;57.420;57.983;57.983;57.142;2740000;-0,0097;0;0,009717868;57.832;57.032;56.668
24/07/2014;57.978;57.420;58.122;57.357;3040000;0,0097;1;-0,002707924;57.545;56.837;56.496
25/07/2014;57.821;57.978;58.069;57.648;2420000;-0,0027;0;-0,002161844;57.231;56.606;56.351
28/07/2014;57.696;57.823;58.040;57.415;2370000;-0,0022;0;-0,010000693;56.609;56.433;56.298
29/07/2014;57.119;57.697;58.013;57.083;2700000;-0,01;0;-0,004219262;56.203;56.300;56.330
30/07/2014;56.878;57.119;57.439;56.706;2450000;-0,0042;0;-0,018442983;56.116;56.114;56.442
31/07/2014;55.829;56.878;56.878;55.502;3490000;-0,0184;0;0,001325476;56.240;56.226;56.660
01/08/2014;55.903;55.827;56.059;55.267;3230000;0,0013;1;0,012754235;56.435;56.303;56.880
04/08/2014;56.616;55.906;56.620;55.586;2200000;0,0128;1;-0,007312421;56.292;56.155;57.008
05/08/2014;56.202;56.621;56.937;56.064;3750000;-0,0073;0;0,005070994;56.083;56.095;57.261
06/08/2014;56.487;56.202;56.797;55.696;4010000;0,0051;1;-0,005293253;56.125;56.163;57.499
07/08/2014;56.188;56.487;56.923;55.985;3050000;-0,0053;0;-0,010945398;56.209;56.359;57.839
08/08/2014;55.573;56.187;56.187;55.319;3020000;-0,0109;0;0,018714124;56.212;56.770;58.176
11/08/2014;56.613;55.578;56.657;55.578;2670000;0,0187;1;-0,003020508;55.934;57.094;58.510
12/08/2014;56.442;56.613;56.811;56.312;2150000;-0,003;0;-0,015254598;56.108;57.458;58.846
13/08/2014;55.581;56.454;56.736;55.239;4810000;-0,0153;0;0,00358036;56.768;57.862;59.297
14/08/2014;55.780;55.558;55.947;55.437;3050000;0,0036;1;0,021226246;57.658;58.427;59.729
15/08/2014;56.964;55.783;56.965;55.783;3440000;0,0212;1;0,010480303;58.296;58.835;60.003
18/08/2014;57.561;56.968;57.665;56.968;3270000;0,0105;1;0,015427112;58.773;59.319;60.226
19/08/2014;58.449;57.561;58.475;57.371;3480000;0,0154;1;0,007339732;58.759;59.582;60.279
20/08/2014;58.878;58.450;59.010;58.320;3300000;0,0073;1;0,001936207;59.045;59.926;60.265
21/08/2014;58.992;58.878;59.207;58.558;3320000;0,0019;1;-0,009916599;59.321;60.233;60.208
22/08/2014;58.407;58.992;58.992;58.164;2330000;-0,0099;0;0,022737001;60.169;60.732;60.203
25/08/2014;59.735;58.408;59.743;58.408;2880000;0,0227;1;0,001439692;60.354;61.032;60.003
26/08/2014;59.821;59.735;60.093;59.522;4010000;0,0014;1;0,018889688;60.843;61.172;59.869
27/08/2014;60.951;59.822;61.247;59.822;5390000;0,0189;1;-0,01082837;60.907;61.134;59.738
28/08/2014;60.291;60.945;60.980;60.189;4460000;-0,0108;0;0,016536465;61.442;60.977;59.654
29/08/2014;61.288;60.291;61.443;60.273;4940000;0,0165;1;-0,002398512;61.625;60.604;59.445
01/09/2014;61.141;61.294;62.279;61.141;2770000;-0,0024;0;0,012348506;61.511;60.183;59.206
02/09/2014;61.896;61.142;62.231;60.930;4000000;0,0123;1;-0,000953212;61.106;59.675;58.843
03/09/2014;61.837;61.900;62.305;61.199;4160000;-0,001;0;-0,016769895;60.225;58.974;58.465
04/09/2014;60.800;61.836;61.836;60.739;4010000;-0,0168;0;-0,001940789;59.517;58.566;58.181
05/09/2014;60.682;60.800;61.030;60.244;3810000;-0,0019;0;-0,024537754;58.689;58.342;57.844
08/09/2014;59.193;60.708;61.513;59.191;4390000;-0,0245;0;-0,008734141;58.404;58.330;57.702
09/09/2014;58.676;59.158;59.485;58.306;4460000;-0,0087;0;-0,008129389;57.821;58.287;57.413
10/09/2014;58.199;58.675;58.675;57.450;3810000;-0,0081;0;0,002371175;57.738;58.229;57.121
11/09/2014;58.337;58.202;58.809;58.112;2890000;0,0024;1;-0,024152768;57.997;58.012;56.730
12/09/2014;56.928;58.336;58.336;56.666;4620000;-0,0242;0;0,017934935;58.724;57.956;56.486
15/09/2014;57.949;56.930;57.949;56.852;2900000;0,0179;1;0,020121141;58.866;57.795;56.243
16/09/2014;59.115;57.949;60.243;57.946;4880000;0,0201;1;-0,000118413;58.424;57.345;56.100
17/09/2014;59.108;59.115;60.025;59.096;3530000;-0,0001;0;-0,012417947;57.660;57.074;55.981
18/09/2014;58.374;59.108;59.267;58.118;3850000;-0,0124;0;-0,010021585;57.049;56.539;55.887
19/09/2014;57.789;58.356;58.516;57.514;3460000;-0,01;0;-0,016802506;56.727;56.014;55.849
22/09/2014;56.818;57.788;57.788;55.974;3810000;-0,0168;0;-0,004892816;56.442;55.448;55.742
23/09/2014;56.540;56.818;57.332;56.086;3320000;-0,0049;0;0,005022993;56.666;55.017;55.843
24/09/2014;56.824;56.539;57.131;55.934;2850000;0,005;1;-0,015169647;55.933;54.690;55.928
25/09/2014;55.962;56.822;56.822;55.876;2850000;-0,0152;0;0,022336586;55.318;54.855;55.941
26/09/2014;57.212;55.965;57.489;55.946;2980000;0,0223;1;-0,045217786;53.866;54.887;55.732
29/09/2014;54.625;57.211;57.211;54.124;5190000;-0,0452;0;-0,009318078;53.498;55.235;55.811
30/09/2014;54.116;54.626;54.626;53.536;5220000;-0,0093;0;-0,02324636;53.639;55.685;55.824
01/10/2014;52.858;54.115;54.115;52.647;4920000;-0,0232;0;0,012505203;55.058;56.036;55.794
02/10/2014;53.519;52.859;54.022;52.480;3990000;0,0125;1;0,019077337;56.364;56.670;55.715
03/10/2014;54.540;53.519;54.540;53.368;3710000;0,0191;1;0,04723139;57.203;57.166;55.441
06/10/2014;57.116;54.542;58.897;54.542;6710000;0,0472;1;0,005602633;57.254;57.026;55.072
07/10/2014;57.436;57.124;58.318;57.124;4870000;0,0056;1;-0,006581238;56.546;56.578;54.577
08/10/2014;57.058;57.440;58.191;56.199;4810000;-0,0066;0;0,003680465;56.846;56.387;54.239
09/10/2014;57.268;57.079;58.246;57.077;4500000;0,0037;1;-0,0341552;57.095;55.963;53.795
10/10/2014;55.312;57.266;57.266;55.312;3640000;-0,0342;0;0,047819641;57.369;55.552;53.582
13/10/2014;57.957;55.313;58.747;55.313;4540000;0,0478;1;0,001000742;56.149;54.760;53.344
14/10/2014;58.015;57.946;58.856;57.258;3900000;0,001;1;-0,032405412;55.386;53.717;53.054
15/10/2014;56.135;58.012;58.012;54.919;5670000;-0,0324;0;-0,032724682;54.775;53.117;52.929
16/10/2014;54.298;56.124;56.124;54.132;5430000;-0,0327;0;0,026262477;54.153;52.575;52.886
17/10/2014;55.724;54.298;55.949;54.298;4410000;0,0263;1;-0,025500682;53.049;52.091;52.665
20/10/2014;54.303;55.720;55.720;54.300;3870000;-0,0255;0;-0,034454818;51.852;51.626;52.588
21/10/2014;52.432;54.300;54.300;51.922;6580000;-0,0345;0;-0,000400519;51.688;51.612;52.609
22/10/2014;52.411;52.427;53.229;52.064;3760000;-0,0004;0;-0,032397779;51.053;51.929;52.614
23/10/2014;50.713;52.409;52.409;50.654;6350000;-0,0324;0;0,024214698;51.592;52.391;52.776
24/10/2014;51.941;50.687;53.146;50.596;5850000;0,0242;1;-0,027666006;51.294;52.740;52.769
27/10/2014;50.504;51.937;51.937;48.722;8000000;-0,0277;0;0,036155552;51.905;53.196;52.859
28/10/2014;52.330;50.504;52.374;50.503;5760000;0,0362;1;-0,024479266;52.672;53.240;52.783
29/10/2014;51.049;52.330;52.330;51.049;4920000;-0,0245;0;0,025230661;53.638;53.551;52.855
30/10/2014;52.337;51.049;52.574;51.049;4300000;0,0252;1;0,04379311;54.320;53.606;52.931
31/10/2014;54.629;52.338;54.629;52.335;5350000;0,0438;1;-0,012484212;54.010;53.298;53.035
03/11/2014;53.947;54.629;54.629;53.054;3670000;-0,0125;0;0,008100543;53.573;53.160;53.139
04/11/2014;54.384;53.947;54.384;53.432;3530000;0,0081;1;-0,012614004;53.186;52.797;53.223
05/11/2014;53.698;54.384;54.384;53.589;2900000;-0,0126;0;-0,01975865;52.862;52.522;53.323
06/11/2014;52.637;53.697;53.697;52.418;3690000;-0,0198;0;0,011132853;52.807;52.325;53.472
07/11/2014;53.223;52.637;53.483;52.197;3590000;0,0111;1;-0,009356857;52.726;52.159;53.580
10/11/2014;52.725;53.223;53.830;52.716;2970000;-0,0094;0;-0,00476055;52.433;52.256;53.548
11/11/2014;52.474;52.718;52.718;52.003;2680000;-0,0048;0;0,009623814;52.199;52.772;53.486
12/11/2014;52.979;52.473;53.435;52.187;3200000;0,0096;1;-0,021385832;51.625;53.119;53.439
13/11/2014;51.846;52.979;53.323;51.846;3030000;-0,0214;0;-0,001427304;51.697;53.649;53.409
14/11/2014;51.772;51.834;51.900;50.886;3790000;-0,0014;0;-0,009947462;52.241;54.125;53.425
17/11/2014;51.257;51.772;52.223;51.047;2820000;-0,0099;0;0,015705172;53.850;54.619;53.355
18/11/2014;52.062;51.257;52.122;51.067;3640000;0,0157;1;0,02575775;54.965;55.000;53.221
19/11/2014;53.403;52.062;53.403;52.032;4250000;0,0258;1;0,050203172;55.684;54.839;52.946
21/11/2014;56.084;53.403;56.214;53.403;6030000;0,0502;1;-0,012071179;55.355;54.200;52.501
24/11/2014;55.407;56.086;57.359;55.292;4590000;-0,0121;0;0,002779432;55.127;53.759;51.972
25/11/2014;55.561;55.410;56.387;55.204;5030000;0,0028;1;-0,008333183;54.848;53.168;51.362
26/11/2014;55.098;55.561;56.100;54.977;3030000;-0,0083;0;-0,006842354;53.907;52.725;50.784
27/11/2014;54.721;55.100;56.065;54.593;2290000;-0,0068;0;5,48236E-05;52.871;52.090;50.355
28/11/2014;54.724;54.731;55.436;54.664;2640000;0,0001;1;-0,044715299;52.070;51.442;49.910
01/12/2014;52.277;54.719;54.719;52.156;4310000;-0,0447;0;-0,012720699;51.786;51.052;49.723
02/12/2014;51.612;52.278;52.640;51.471;3300000;-0,0127;0;0,01371774;51.913;50.802;49.616
03/12/2014;52.320;51.611;52.471;51.611;2720000;0,0137;1;-0,017068043;51.231;50.186;49.514
04/12/2014;51.427;52.320;52.539;51.074;2910000;-0,0171;0;0,011005892;50.820;49.556;49.423
05/12/2014;51.993;51.427;52.024;51.164;2530000;0,011;1;-0,033062143;50.005;48.844;49.323
08/12/2014;50.274;51.993;51.993;50.016;3300000;-0,0331;0;-0,001611171;49.868;48.621;49.304
09/12/2014;50.193;50.251;50.260;49.396;3850000;-0,0016;0;-0,012850397;49.137;48.378;49.184
10/12/2014;49.548;50.192;50.192;49.297;3170000;-0,0129;0;0,006337289;48.294;48.393;49.038
11/12/2014;49.862;49.549;49.946;48.809;3830000;0,0063;1;-0,037302956;47.343;48.430;48.906
12/12/2014;48.002;49.861;49.861;47.973;3760000;-0,0373;0;-0,020478313;47.580;48.843;49.010
15/12/2014;47.019;48.002;48.401;46.410;4690000;-0,0205;0;-0,000233948;48.073;49.289;49.219
16/12/2014;47.008;47.016;47.595;45.853;5340000;-0,0002;0;0,036291695;48.954;49.802;49.350
17/12/2014;48.714;47.008;49.258;47.008;6210000;0,0363;1;-0,0044751;49.423;49.986;49.309
18/12/2014;48.496;48.714;49.565;48.296;4240000;-0,0045;0;0,023816397;50.221;49.989;49.276
19/12/2014;49.651;48.492;49.658;48.435;3620000;0,0238;1;0,009466073;50.385;49.684;49.133
22/12/2014;50.121;49.651;50.121;49.105;2680000;0,0095;1;0,01534287;50.543;49.381;48.983
23/12/2014;50.890;50.121;50.890;49.815;2670000;0,0153;1;-0,014639418;50.249;49.177;48.850
26/12/2014;50.145;50.891;50.973;49.914;1910000;-0,0146;0;0,008954033;49.704;49.148;48.679
29/12/2014;50.594;50.145;50.903;50.008;1850000;0,009;1;-0,011602166;48.679;48.898;48.485
30/12/2014;50.007;50.601;50.841;49.993;2930000;-0,0116;0;-0,029895815;48.010;48.631;48.429
02/01/2015;48.512;50.004;50.004;48.345;2880000;-0,0299;0;-0,020510389;48.327;48.564;48.496
05/01/2015;47.517;48.512;48.512;47.264;3870000;-0,0205;0;0,010185828;49.136;48.582;48.585
06/01/2015;48.001;47.517;48.061;47.338;4560000;0,0102;1;0,030457699;49.415;48.586;48.627
07/01/2015;49.463;48.006;49.882;48.006;4410000;0,0305;1;0,009704223;48.974;48.522;48.564
08/01/2015;49.943;49.463;50.261;49.017;3620000;0,0097;1;-0,022085177;48.341;48.210;48.404
09/01/2015;48.840;49.955;49.955;48.501;3000000;-0,0221;0;-0,014332514;47.943;48.072;48.327
12/01/2015;48.140;48.840;48.840;47.956;3250000;-0,0143;0;-0,002035729;47.905;48.227;48.239
13/01/2015;48.042;48.144;48.939;48.042;3880000;-0,002;0;-0,008242788;48.230;48.427;48.211
14/01/2015;47.646;48.038;48.281;47.372;3700000;-0,0082;0;0,007975486;48.267;48.589;48.305
15/01/2015;48.026;47.648;48.853;47.648;4460000;0,008;1;0,020634656;48.217;48.667;48.396
16/01/2015;49.017;48.028;49.264;48.028;3340000;0,0206;1;-0,025684966;48.286;48.606;48.411
19/01/2015;47.758;49.009;49.009;47.503;2100000;-0,0257;0;0,002491729;48.848;48.597;48.485
20/01/2015;47.877;47.759;48.687;47.619;2900000;0,0025;1;0,028134595;49.147;48.581;48.593
21/01/2015;49.224;47.888;49.329;47.888;3560000;0,0281;1;0,004449049;48.932;48.250;48.542
22/01/2015;49.443;49.227;50.281;49.227;4950000;0,0044;1;-0,013510507;48.648;47.994;48.456
23/01/2015;48.775;49.432;49.523;48.496;3080000;-0,0135;0;-0,004059457;48.288;48.021;48.510
26/01/2015;48.577;48.712;48.712;48.004;2770000;-0,0041;0;0,000288202;48.016;48.125;48.657
27/01/2015;48.591;48.577;48.864;47.352;3890000;0,0003;1;-0,018439629;47.455;48.216;48.849
28/01/2015;47.695;48.589;48.589;47.550;4240000;-0,0184;0;0,001404759;47.440;48.373;49.106
29/01/2015;47.762;47.696;47.894;47.007;4410000;0,0014;1;-0,017880323;47.841;48.605;49.355
30/01/2015;46.908;47.759;47.759;46.484;4850000;-0,0179;0;0,015839516;48.639;48.834;49.667
02/02/2015;47.651;46.933;47.684;46.760;3250000;0,0158;1;0,027554511;49.166;48.918;49.969
03/02/2015;48.964;47.664;48.993;47.664;4820000;0,0276;1;0,006882608;49.109;48.999;50.172
04/02/2015;49.301;48.965;49.718;48.214;4810000;0,0069;1;-0,001358999;49.136;49.190;50.348
05/02/2015;49.234;49.299;49.816;49.020;4000000;-0,0014;0;-0,008977536;48.895;49.482;50.515
06/02/2015;48.792;49.231;49.231;48.209;4590000;-0,009;0;0,012112641;48.711;49.839;50.675
09/02/2015;49.383;48.792;49.522;48.416;3660000;0,0121;1;-0,017678148;48.761;50.104;50.812
10/02/2015;48.510;49.359;49.799;48.510;3800000;-0,0177;0;-0,005565863;49.470;50.500;50.952
11/02/2015;48.240;48.508;48.762;47.841;4310000;-0,0056;0;0,026803483;50.483;51.019;51.104
12/02/2015;49.533;48.240;49.690;48.240;3830000;0,0268;1;0,022267983;51.070;51.345;51.136
13/02/2015;50.636;49.546;50.726;49.476;3890000;0,0223;1;0,012718224;51.271;51.506;51.032
18/02/2015;51.280;50.639;51.868;50.639;2940000;0,0127;1;0,000273011;51.271;51.549;50.818
19/02/2015;51.294;51.281;51.638;50.870;2490000;0,0003;1;-0,001091746;51.464;51.510;50.648
20/02/2015;51.238;51.301;51.450;50.711;2210000;-0,0011;0;0,000839221;51.655;51.519;50.479
23/02/2015;51.281;51.238;51.690;50.861;2820000;0,0008;1;0,011563737;51.815;51.403;50.287
24/02/2015;51.874;51.288;51.956;51.049;3000000;0,0116;1;-0,001214481;51.718;51.188;50.071
25/02/2015;51.811;51.863;51.863;51.051;3480000;-0,0012;0;-0,000965046;51.455;50.926;49.962
26/02/2015;51.761;51.812;51.922;51.181;3240000;-0,001;0;-0,003438883;51.303;50.558;49.946
27/02/2015;51.583;51.760;52.457;51.474;4180000;-0,0034;0;-0,010895062;50.931;50.088;49.901
02/03/2015;51.021;51.580;51.580;50.775;2790000;-0,0109;0;0,005546736;50.712;49.785;49.968
03/03/2015;51.304;51.021;51.432;50.995;2750000;0,0055;1;-0,016295026;50.271;49.439;50.011
04/03/2015;50.468;51.303;51.303;50.399;3650000;-0,0163;0;-0,002040897;49.842;49.172;50.085
05/03/2015;50.365;50.472;50.734;50.114;2730000;-0,002;0;-0,007624342;49.152;48.955;50.192
06/03/2015;49.981;50.355;50.401;49.779;2790000;-0,0076;0;-0,016006082;48.793;48.998;50.235
09/03/2015;49.181;49.978;49.978;48.952;3300000;-0,016;0;-0,018055753;48.693;49.333;50.300
10/03/2015;48.293;49.177;49.177;48.293;4430000;-0,0181;0;0,012693351;48.794;49.714;50.511
11/03/2015;48.906;48.309;48.937;48.309;3840000;0,0127;1;-0,000531632;48.775;50.151;50.671
12/03/2015;48.880;48.908;49.633;48.684;3830000;-0,0005;0;-0,005810147;49.243;50.583;50.917
13/03/2015;48.596;48.858;48.858;47.905;4480000;-0,0058;0;0,005185612;50.220;50.999;51.240
16/03/2015;48.848;48.602;49.205;48.394;3160000;0,0052;1;0,029417786;50.922;51.429;51.590
17/03/2015;50.285;48.849;50.384;48.841;4010000;0,0294;1;0,024679328;51.482;51.471;51.836
18/03/2015;51.526;50.284;51.773;49.788;4460000;0,0247;1;-0,011101192;51.610;51.267;51.988
19/03/2015;50.954;51.530;51.547;50.791;3260000;-0,0111;0;0,019880677;51.794;51.308;52.192
20/03/2015;51.967;50.964;52.286;50.964;4920000;0,0199;1;-0,001135336;51.757;51.191;52.352
23/03/2015;51.908;51.970;52.178;51.516;3400000;-0,0011;0;-0,007744471;51.315;51.251;52.519
24/03/2015;51.506;51.908;52.223;51.006;3440000;-0,0077;0;0,006834155;50.844;51.482;52.696
25/03/2015;51.858;51.507;52.319;51.507;4770000;0,0068;1;-0,024644221;50.639;51.750;52.914
26/03/2015;50.580;51.835;51.835;50.528;3640000;-0,0246;0;-0,00958877;50.829;52.200;53.207
27/03/2015;50.095;50.575;50.575;49.909;3930000;-0,0096;0;0,022916459;51.572;52.709;53.482
30/03/2015;51.243;50.100;51.265;50.100;2800000;0,0229;1;-0,001814882;52.198;53.075;53.662
31/03/2015;51.150;51.243;51.466;50.612;3510000;-0,0018;0;0,022913001;53.061;53.513;53.910
01/04/2015;52.322;51.186;52.613;51.186;4410000;0,0229;1;0,015309048;53.530;53.787;54.150
02/04/2015;53.123;52.322;53.312;52.322;4270000;0,0153;1;0,011558082;53.709;53.909;54.398
06/04/2015;53.737;53.124;54.146;53.122;3320000;0,0116;1;-0,000148873;53.731;54.078;54.526
07/04/2015;53.729;53.738;54.002;53.436;3490000;-0,0001;0;-0,001265611;53.893;54.213;54.675
08/04/2015;53.661;53.732;54.458;53.508;4780000;-0,0013;0;0,002646242;54.086;54.255;54.794
09/04/2015;53.803;53.638;54.002;53.292;4340000;0,0026;1;0,007638979;54.145;54.249;54.967
10/04/2015;54.214;53.803;54.413;53.556;3680000;0,0076;1;0,000479581;54.380;54.307;55.192
13/04/2015;54.240;54.214;54.866;54.004;3660000;0,0005;1;-0,004756637;54.525;54.513;55.464
14/04/2015;53.982;54.240;54.625;53.773;3750000;-0,0048;0;0,017357638;54.516;54.886;55.687
15/04/2015;54.919;54.037;54.960;54.037;4070000;0,0174;1;-0,004461115;54.130;54.974;55.830
16/04/2015;54.674;54.919;54.919;54.316;4130000;-0,0045;0;-0,013150675;54.111;55.137;56.007
17/04/2015;53.955;54.672;54.672;53.896;3540000;-0,0132;0;-0,003595589;54.688;55.333;56.238
20/04/2015;53.761;53.965;54.385;53.510;2690000;-0,0036;0;0,015922323;55.632;55.685;56.455
22/04/2015;54.617;53.762;54.848;53.762;3700000;0,0159;1;0,019554351;55.938;56.076;56.580
23/04/2015;55.685;54.616;55.782;54.064;5540000;0,0196;1;0,016323965;55.980;56.414;56.649
24/04/2015;56.594;55.687;56.965;55.687;4980000;0,0163;1;-0,018729901;55.557;56.487;56.696
27/04/2015;55.534;56.554;56.962;55.515;3850000;-0,0187;0;0,005005942;55.789;56.685;56.744
28/04/2015;55.812;55.549;56.018;54.973;4080000;0,005;1;-0,008725722;56.303;56.876;56.722
29/04/2015;55.325;55.809;55.809;55.067;3890000;-0,0087;0;0,01633981;57.212;57.144;56.691
30/04/2015;56.229;55.312;56.229;55.080;4950000;0,0163;1;0,020007469;57.503;57.224;56.612
04/05/2015;57.354;56.230;57.520;56.230;3490000;0,02;1;0,012170032;57.359;57.084;56.399
05/05/2015;58.052;57.350;58.147;57.096;3900000;0,0122;1;-0,016347413;57.058;56.884;56.153
06/05/2015;57.103;58.050;58.575;56.820;4600000;-0,0163;0;-0,003187223;57.089;56.905;55.905
07/05/2015;56.921;57.103;57.290;56.507;3070000;-0,0032;0;0,004005552;57.046;56.803;55.713
08/05/2015;57.149;56.965;57.621;56.595;3410000;0,004;1;0,00083991;56.787;56.567;55.487
11/05/2015;57.197;57.166;57.490;57.013;3060000;0,0008;1;-0,007080791;56.607;56.239;55.170
12/05/2015;56.792;57.193;57.424;56.753;3180000;-0,0071;0;-0,007395408;56.759;55.999;54.901
13/05/2015;56.372;56.790;56.900;56.199;3170000;-0,0074;0;0,005055701;56.703;55.714;54.748
14/05/2015;56.657;56.376;56.921;56.105;3310000;0,0051;1;0,010448841;56.317;55.422;54.525
15/05/2015;57.249;56.656;57.288;56.422;2980000;0,0104;1;-0,018253594;55.535;54.905;54.219
18/05/2015;56.204;57.250;57.606;55.926;3900000;-0,0183;0;-0,012543591;55.171;54.623;53.977
19/05/2015;55.499;56.204;56.212;55.027;3320000;-0,0125;0;-0,010774969;54.797;54.406;53.785
20/05/2015;54.901;55.497;55.645;54.820;3380000;-0,0108;0;0,003843282;54.699;54.100;53.712
21/05/2015;55.112;54.900;55.112;54.526;3410000;0,0038;1;-0,013336478;54.205;53.803;53.610
22/05/2015;54.377;55.112;55.223;54.038;3800000;-0,0133;0;0,00426651;54.158;53.783;53.537
25/05/2015;54.609;54.378;54.868;53.972;1650000;0,0043;1;-0,017927448;53.947;53.627;53.432
26/05/2015;53.630;54.609;54.609;53.548;3430000;-0,0179;0;0,011299646;53.657;53.534;53.437
27/05/2015;54.236;53.631;54.293;53.136;3580000;0,0113;1;-0,004793864;53.256;53.330;53.366
28/05/2015;53.976;54.230;54.230;53.363;3000000;-0,0048;0;-0,022528531;53.342;53.164;53.385
29/05/2015;52.760;53.974;53.974;52.760;5730000;-0,0225;0;0,005136467;53.597;53.324;53.456
01/06/2015;53.031;52.753;53.233;52.666;2760000;0,0051;1;0,022722559;53.577;53.418;53.515
02/06/2015;54.236;53.035;54.236;53.035;3580000;0,0227;1;-0,01314625;53.102;53.291;53.482
03/06/2015;53.523;54.254;54.254;53.462;3420000;-0,0131;0;-0,010275956;52.866;53.236;53.505
05/06/2015;52.973;53.518;53.518;52.808;2810000;-0,0103;0;-0,003077039;53.167;53.340;53.519
08/06/2015;52.810;52.975;53.325;52.810;2660000;-0,0031;0;0,000113615;53.460;53.403;53.606
09/06/2015;52.816;52.810;53.292;52.688;3790000;0,0001;1;0,020069676;53.638;53.606;53.620
10/06/2015;53.876;52.817;54.102;52.817;3700000;0,0201;1;-0,003470933;53.392;53.588;53.563
11/06/2015;53.689;53.876;54.271;53.444;3190000;-0,0035;0;-0,006351394;53.396;53.613;53.496
12/06/2015;53.348;53.689;53.689;53.033;2450000;-0,0064;0;-0,003936417;53.363;53.673;53.479
15/06/2015;53.138;53.338;53.338;52.548;2690000;-0,0039;0;0,010613873;53.730;53.774;53.435
16/06/2015;53.702;53.144;53.969;53.107;3380000;0,0106;1;-0,00843544;53.746;53.699;53.324
17/06/2015;53.249;53.698;53.755;52.965;3090000;-0,0084;0;0,018591898;53.951;53.809;53.259
18/06/2015;54.239;53.251;54.352;53.214;2750000;0,0186;1;-0,00903409;53.795;53.634;53.084
19/06/2015;53.749;54.236;54.236;53.479;2950000;-0,009;0;0,002139575;53.826;53.538;53.001
22/06/2015;53.864;53.750;54.342;53.655;2430000;0,0021;1;-0,001708005;53.597;53.380;52.948
23/06/2015;53.772;53.865;54.361;53.772;2710000;-0,0017;0;0,00132039;53.679;53.285;52.910
24/06/2015;53.843;53.772;54.236;53.628;2820000;0,0013;1;-0,012387868;53.402;53.096;52.843
25/06/2015;53.176;53.840;53.840;52.879;3330000;-0,0124;0;0,015815405;53.371;52.949;52.835
26/06/2015;54.017;53.181;54.076;53.151;2790000;0,0158;1;-0,018568229;52.951;52.710;52.715
29/06/2015;53.014;54.013;54.013;52.647;2630000;-0,0186;0;0,001263817;52.982;52.534;52.614
30/06/2015;53.081;53.014;53.345;52.812;3110000;0,0013;1;-0,00608504;52.794;52.464;52.500
01/07/2015;52.758;53.081;53.456;52.603;2800000;-0,0061;0;0,006596156;52.591;52.516;52.368
02/07/2015;53.106;52.758;53.357;52.758;3090000;0,0066;1;-0,011053365;52.337;52.535;52.132
03/07/2015;52.519;53.106;53.106;52.370;1540000;-0,0111;0;-0,007045069;52.092;52.589;51.899
06/07/2015;52.149;52.510;52.679;51.683;2650000;-0,007;0;0,003739286;52.239;52.721;51.655
07/07/2015;52.344;52.149;52.388;51.130;3650000;0,0037;1;-0,010736665;52.497;52.721;51.459
08/07/2015;51.782;52.343;52.468;51.574;2970000;-0,0107;0;0,01562319;52.983;52.695;51.349
10/07/2015;52.591;51.782;52.786;51.782;2760000;0,0156;1;0,010039741;53.087;52.535;51.157
13/07/2015;53.119;52.591;53.164;52.591;2690000;0,01;1;0,002259079;53.070;52.220;50.996
14/07/2015;53.239;53.119;53.416;52.653;2740000;0,0023;1;-0,006329946;52.771;51.730;50.774
15/07/2015;52.902;53.239;53.334;52.790;2610000;-0,0063;0;0,003175683;52.337;51.208;50.571
16/07/2015;53.070;52.902;53.417;52.714;2140000;0,0032;1;-0,013717731;51.805;50.589;50.372
17/07/2015;52.342;53.070;53.310;52.221;2520000;-0,0137;0;-0,014175996;51.330;50.197;50.206
20/07/2015;51.600;52.341;52.424;51.525;2720000;-0,0142;0;-0,00244186;50.732;50.004;49.990
21/07/2015;51.474;51.603;51.998;51.244;3030000;-0,0024;0;-0,010840424;49.990;49.778;49.838
22/07/2015;50.916;51.474;51.474;50.592;3220000;-0,0108;0;-0,021780973;49.263;49.771;49.707
23/07/2015;49.807;50.916;51.063;49.668;4310000;-0,0218;0;-0,011263477;49.195;49.818;49.605
24/07/2015;49.246;49.804;49.831;48.624;3740000;-0,0113;0;-0,010356171;49.528;49.934;49.517
27/07/2015;48.736;49.246;49.298;48.640;3490000;-0,0104;0;0,017769206;49.915;50.156;49.429
28/07/2015;49.602;48.740;49.871;48.740;4140000;0,0178;1;0,012963187;50.336;50.214;49.259
29/07/2015;50.245;49.602;50.333;49.422;3750000;0,013;1;-0,006926062;50.300;49.976;49.059
30/07/2015;49.897;50.245;50.645;49.612;3260000;-0,0069;0;0,019399964;50.354;49.898;48.823
31/07/2015;50.865;49.897;50.895;49.892;3140000;0,0194;1;-0,014292736;50.161;49.642;48.522
03/08/2015;50.138;50.867;50.867;50.054;2690000;-0,0143;0;-0,001595596;50.119;49.392;48.206
04/08/2015;50.058;50.138;50.574;49.827;2750000;-0,0016;0;0,004574693;49.625;49.100;47.798
05/08/2015;50.287;50.067;50.853;50.067;2750000;0,0046;1;-0,005488496;49.314;48.703;47.388
06/08/2015;50.011;50.280;50.534;49.624;3750000;-0,0055;0;-0,028673692;49.001;48.304;47.104
07/08/2015;48.577;50.013;50.013;48.512;3320000;-0,0287;0;0,015974638;48.938;48.143;47.042
10/08/2015;49.353;48.578;49.512;48.578;2930000;0,016;1;-0,005693676;48.490;47.748;46.885
11/08/2015;49.072;49.340;49.340;48.306;3290000;-0,0057;0;-0,013938702;47.969;47.402;46.710
12/08/2015;48.388;49.064;49.064;48.028;4370000;-0,0139;0;-0,007811854;47.578;47.020;46.502
13/08/2015;48.010;48.390;48.606;47.722;3290000;-0,0078;0;-0,010456155;47.392;46.496;46.392
14/08/2015;47.508;48.010;48.186;47.508;2970000;-0,0105;0;-0,006125284;47.085;46.072;46.382
17/08/2015;47.217;47.509;47.788;47.217;2490000;-0,0061;0;0,004955842;46.896;45.904;46.331
18/08/2015;47.451;47.220;48.084;46.676;3650000;0,005;1;-0,018187183;46.319;45.942;46.281
19/08/2015;46.588;47.451;47.451;45.977;3340000;-0,0182;0;0,00130935;45.568;46.022;46.286
20/08/2015;46.649;46.588;46.781;46.030;3040000;0,0013;1;-0,019914682;44.867;46.019;46.276
21/08/2015;45.720;46.649;46.649;45.677;2960000;-0,0199;0;-0,030271216;44.973;45.984;46.325
24/08/2015;44.336;45.715;45.715;42.749;4870000;-0,0303;0;0,004714002;46.099;46.288;46.535
25/08/2015;44.545;44.338;45.588;44.338;3840000;0,0047;1;0,033516669;46.969;46.691;46.736
26/08/2015;46.038;44.546;46.039;44.540;3860000;0,0335;1;0,03642643;47.165;46.757;46.916
27/08/2015;47.715;46.038;47.997;46.038;4380000;0,0364;1;-0,011757309;46.419;46.621;46.976
28/08/2015;47.154;47.697;47.872;46.847;3900000;-0,0118;0;-0,011197353;46.189;46.550;46.984
31/08/2015;46.626;47.151;47.151;45.570;4950000;-0,0112;0;-0,024642903;46.436;46.533;46.981
01/09/2015;45.477;46.625;46.625;45.278;3780000;-0,0246;0;0,021703279;46.776;46.665;47.037
02/09/2015;46.464;45.484;46.474;45.445;3860000;0,0217;1;0,019412879;46.875;46.781;46.957
03/09/2015;47.366;46.468;47.532;46.279;4230000;0,0194;1;-0,018325381;46.639;46.781;46.809
04/09/2015;46.498;47.366;47.377;46.320;4300000;-0,0183;0;0,005677664;46.641;47.075;46.690
08/09/2015;46.762;46.501;47.243;46.497;2940000;0,0057;1;-0,002245413;46.521;47.330;46.489
09/09/2015;46.657;46.762;47.840;46.614;3810000;-0,0022;0;-0,003279251;46.729;47.417;46.309
10/09/2015;46.504;46.656;46.819;45.592;4620000;-0,0033;0;-0,002214863;47.016;47.429;46.206
11/09/2015;46.401;46.509;46.558;46.176;3620000;-0,0022;0;0,01898666;47.733;47.410;46.128
14/09/2015;47.282;46.400;47.386;46.218;3690000;0,019;1;0,001734275;48.156;47.132;46.110
15/09/2015;47.364;47.281;47.689;46.746;3670000;0,0017;1;0,025103454;48.123;46.836;46.127
16/09/2015;48.553;47.364;48.681;47.364;4450000;0,0251;1;-4,12E-05;47.468;46.305;46.069
17/09/2015;48.551;48.553;49.396;48.082;4310000;0;0;-0,026508208;46.706;45.648;46.095
18/09/2015;47.264;48.550;48.550;46.928;4520000;-0,0265;0;-0,014260325;46.065;45.201;46.226
21/09/2015;46.590;47.263;47.391;46.425;2680000;-0,0143;0;-0,006975746;45.632;44.982;46.422
22/09/2015;46.265;46.585;46.585;45.276;4320000;-0,007;0;-0,019993516;45.154;44.846;46.501
23/09/2015;45.340;46.263;46.480;45.340;4080000;-0,02;0;-0,001058668;44.693;45.088;46.599
24/09/2015;45.292;45.340;45.572;44.183;4470000;-0,0011;0;-0,010178398;44.307;45.418;46.732
25/09/2015;44.831;45.300;45.969;44.697;3230000;-0,0102;0;-0,019495438;44.383;45.832;46.904
28/09/2015;43.957;44.832;44.832;43.767;2860000;-0,0195;0;0,003981163;44.835;46.541;47.153
29/09/2015;44.132;43.956;44.531;43.956;3050000;0,004;1;0,021005166;45.802;47.251;47.364
30/09/2015;45.059;44.132;45.294;44.132;4980000;0,021;1;0,005637054;46.648;47.863;47.504
01/10/2015;45.313;45.064;45.547;44.789;3890000;0,0056;1;0,037958202;47.455;48.155;47.680
02/10/2015;47.033;45.313;47.033;44.973;4130000;0,038;1;0,012012842;48.082;48.109;47.720
05/10/2015;47.598;47.033;48.081;47.019;3320000;0,012;1;0,002878272;48.585;48.047;47.692
06/10/2015;47.735;47.598;48.092;47.389;3370000;0,0029;1;0,024698858;49.120;47.976;47.643
07/10/2015;48.914;47.735;49.290;47.715;6250000;0,0247;1;0,003945701;48.603;47.766;47.488
08/10/2015;49.107;48.915;49.247;48.658;3700000;0,0039;1;0,004704014;47.804;47.476;47.239
09/10/2015;49.338;49.105;49.752;48.698;4690000;0,0047;1;-0,040029997;47.078;47.146;46.991
13/10/2015;47.363;49.339;49.339;47.135;4350000;-0,04;0;-0,013787133;47.036;47.204;47.041
14/10/2015;46.710;47.349;47.715;46.701;6140000;-0,0138;0;0,00965532;47.281;47.331;47.112
15/10/2015;47.161;46.730;47.188;46.321;3650000;0,0097;1;0,001590297;47.253;47.338;47.175
16/10/2015;47.236;47.161;47.727;46.517;3650000;0,0016;1;0,004466932;47.183;47.310;47.153
19/10/2015;47.447;47.242;47.536;46.917;3130000;0,0045;1;-0,007798175;47.292;47.209;47.063
20/10/2015;47.077;47.447;47.728;46.623;3400000;-0,0078;0;-0,001083332;47.465;47.002;47.001
21/10/2015;47.026;47.077;47.274;46.654;3050000;-0,0011;0;0,015863565;47.526;46.837;47.004
22/10/2015;47.772;47.027;47.909;47.027;3220000;0,0159;1;-0,003663234;47.283;46.877;46.941
23/10/2015;47.597;47.774;48.837;47.502;3590000;-0,0037;0;-0,008151774;46.998;46.893;46.863
26/10/2015;47.209;47.607;47.875;47.105;2530000;-0,0082;0;-0,003516279;46.471;47.013;46.838
27/10/2015;47.043;47.205;47.338;46.742;3440000;-0,0035;0;-0,006419659;46.079;46.995;46.852
28/10/2015;46.741;47.038;47.441;46.388;4090000;-0,0064;0;-0,023812071;46.517;46.917;46.902
29/10/2015;45.628;46.740;46.740;45.628;3180000;-0,0238;0;0,005281844;47.211;47.000;47.081
30/10/2015;45.869;45.628;45.975;45.401;3330000;0,0053;1;0,047635658;47.937;47.171;47.244
03/11/2015;48.054;45.869;48.054;45.866;4750000;0,0476;1;-0,007158613;47.559;47.004;47.261
04/11/2015;47.710;48.059;49.054;47.441;3740000;-0,0072;0;0,007063509;47.054;46.833;47.200
05/11/2015;48.047;47.712;48.061;47.430;3190000;0,0071;1;-0,023477012;46.440;46.662;47.136
06/11/2015;46.919;48.046;48.046;46.397;3190000;-0,0235;0;-0,015430849;46.489;46.709;47.061
09/11/2015;46.195;46.915;47.001;46.057;2350000;-0,0154;0;0,000259768;46.719;46.886;46.985
10/11/2015;46.207;46.195;46.207;45.397;2480000;0,0003;1;0,018568615;46.822;47.162;46.902
11/11/2015;47.065;46.207;47.231;46.207;3170000;0,0186;1;-0,003845745;46.749;47.317;46.748
12/11/2015;46.884;47.065;47.460;46.696;3250000;-0,0038;0;-0,00782783;46.871;47.517;46.713
13/11/2015;46.517;46.884;46.884;46.311;3630000;-0,0078;0;0,007094181;47.177;47.567;46.630
16/11/2015;46.847;46.519;46.905;46.399;3240000;0,0071;1;0,00855978;47.608;47.610;46.514
17/11/2015;47.248;46.848;47.698;46.848;3450000;0,0086;1;0,003979004;47.908;47.414;46.314
18/11/2015;47.436;47.241;47.951;47.241;4090000;0,004;1;0,014819968;48.191;47.083;46.219
19/11/2015;48.139;47.437;48.227;47.437;4190000;0,0148;1;0,000228505;47.767;46.641;46.040
23/11/2015;48.150;48.138;48.745;47.988;3380000;0,0002;1;0,00278297;47.432;46.179;45.834
24/11/2015;48.284;48.143;48.320;47.442;3550000;0,0028;1;-0,029347196;46.629;45.909;45.581
25/11/2015;46.867;48.270;48.270;46.742;4100000;-0,0293;0;0,005953016;46.046;45.694;45.439
26/11/2015;47.146;46.867;47.199;46.867;2360000;0,006;1;-0,02700123;45.347;45.419;45.287
27/11/2015;45.873;47.144;47.144;45.812;3130000;-0,027;0;-0,016414885;45.027;45.215;45.243
30/11/2015;45.120;45.871;45.931;45.106;7390000;-0,0164;0;-0,001617908;45.452;45.356;45.157
01/12/2015;45.047;45.121;45.482;44.775;4310000;-0,0016;0;-0,002930273;45.556;45.439;45.025
02/12/2015;44.915;45.046;45.338;44.579;4310000;-0,0029;0;0,032906601;45.659;45.489;44.921
03/12/2015;46.393;44.923;47.142;44.923;4560000;0,0329;1;-0,022244735;45.009;45.254;44.752
04/12/2015;45.361;46.385;46.385;45.023;3630000;-0,0222;0;-0,003042261;45.258;45.184;44.637
07/12/2015;45.223;45.361;46.157;45.217;2940000;-0,003;0;-0,017247861;45.394;45.154;44.525
08/12/2015;44.443;45.223;45.233;44.232;3300000;-0,0172;0;0,037463718;45.667;45.271;44.447
09/12/2015;46.108;44.444;46.438;44.444;4580000;0,0375;1;-0,010345276;45.214;44.957;44.164
10/12/2015;45.631;46.084;46.323;45.351;3750000;-0,0103;0;-0,008064693;44.961;44.610;43.935
11/12/2015;45.263;45.630;45.981;45.068;3380000;-0,0081;0;-0,01140004;44.878;44.354;43.685
14/12/2015;44.747;45.258;45.258;44.531;2560000;-0,0114;0;0,002793483;45.050;44.249;43.396
15/12/2015;44.872;44.748;45.423;44.748;2640000;0,0028;1;0,003209128;44.729;44.091;43.092
16/12/2015;45.016;44.868;45.099;44.095;3430000;0,0032;1;0,005442509;44.124;43.896;42.730
17/12/2015;45.261;45.016;46.251;45.016;3120000;0,0054;1;-0,029827003;43.527;43.623;42.319
18/12/2015;43.911;45.249;45.249;43.690;4710000;-0,0298;0;-0,016191843;43.562;43.371;41.964
21/12/2015;43.200;43.912;44.223;43.196;3560000;-0,0162;0;0,00625;43.750;43.259;41.700
22/12/2015;43.470;43.208;43.632;43.137;2660000;0,0063;1;0,012537382;43.811;43.017;41.350
23/12/2015;44.015;43.479;44.233;43.479;2580000;0,0125;1;-0,005702601;43.589;42.542;40.916
28/12/2015;43.764;44.016;44.087;43.709;1850000;-0,0057;0;-0,002513481;43.048;42.092;40.508
29/12/2015;43.654;43.781;44.042;43.523;1730000;-0,0025;0;-0,006963852;42.637;41.563;40.079
30/12/2015;43.350;43.653;43.662;43.217;2760000;-0,007;0;-0,027889273;42.111;41.015;39.677
04/01/2016;42.141;43.349;43.349;42.125;3070000;-0,0279;0;0,006596901;41.629;40.558;39.383
05/01/2016;42.419;42.139;42.534;42.137;2640000;0,0066;1;-0,015229025;41.027;40.141;39.032
06/01/2016;41.773;42.410;42.410;41.590;4060000;-0,0152;0;-0,025806143;40.419;39.683;38.789
07/01/2016;40.695;41.772;41.772;40.695;4160000;-0,0258;0;-0,002039563;40.025;39.289;38.641
08/01/2016;40.612;40.695;41.218;40.463;3320000;-0,002;0;-0,016300601;39.469;38.924;38.627
11/01/2016;39.950;40.612;40.974;39.924;3180000;-0,0163;0;-0,010913642;39.319;38.595;38.671
12/01/2016;39.514;39.955;40.261;39.426;3490000;-0,0109;0;-0,014425267;39.004;38.338;38.605
13/01/2016;38.944;39.518;40.050;38.822;3680000;-0,0144;0;0,01427691;38.669;38.208;38.651
14/01/2016;39.500;38.944;39.502;38.459;3990000;0,0143;1;-0,02356962;38.188;37.922;38.746
15/01/2016;38.569;39.494;39.494;37.986;4200000;-0,0236;0;-0,016386217;37.880;37.894;38.890
18/01/2016;37.937;38.572;38.633;37.937;2230000;-0,0164;0;0,003163139;37.806;37.993;39.065
19/01/2016;38.057;37.941;38.857;37.941;3140000;0,0032;1;-0,010825866;37.798;38.329;39.155
20/01/2016;37.645;38.056;38.056;37.046;4080000;-0,0108;0;0,001912605;37.748;38.747;39.309
21/01/2016;37.717;37.647;38.079;37.495;3890000;0,0019;1;0,008325158;37.968;38.872;39.479
22/01/2016;38.031;37.737;38.444;37.737;4330000;0,0083;1;-0,014041177;38.168;39.095;39.687
26/01/2016;37.497;38.031;38.031;37.112;3720000;-0,014;0;0,023441875;39.137;39.570;39.983
27/01/2016;38.376;37.501;38.766;37.402;4790000;0,0234;1;0,00661872;39.869;39.886;40.204
28/01/2016;38.630;38.376;39.100;37.996;4600000;0,0066;1;0,045974631;39.857;40.136;40.412
29/01/2016;40.406;38.635;40.406;38.635;5650000;0,046;1;0,004058803;39.585;39.981;40.614
01/02/2016;40.570;40.397;40.570;39.738;3770000;0,0041;1;-0,048656643;39.669;39.872;40.754
02/02/2016;38.596;40.564;40.564;38.596;4560000;-0,0487;0;0,025728055;40.334;40.086;41.003
03/02/2016;39.589;38.597;39.726;38.597;4370000;0,0257;1;0,031145015;40.597;40.280;41.167
04/02/2016;40.822;39.589;41.444;39.589;5560000;0,0311;1;-0,005634217;40.096;40.395;41.222
05/02/2016;40.592;40.812;41.249;40.566;3670000;-0,0056;0;-0,00529661;39.834;40.522;41.379
11/02/2016;39.318;40.370;40.370;38.928;3790000;-0,0262;0;0,012462485;40.283;41.248;42.045
12/02/2016;39.808;39.324;39.901;39.324;3430000;0,0125;1;0,007159365;40.891;41.636;42.573
15/02/2016;40.093;39.808;40.671;39.808;1750000;0,0072;1;0,021325418;41.352;41.920;43.215
16/02/2016;40.948;40.093;41.206;40.074;4040000;0,0213;1;0,016679691;41.551;42.054;43.808
17/02/2016;41.631;40.958;42.436;40.958;5470000;0,0167;1;-0,003675146;42.085;42.049;44.341
18/02/2016;41.478;41.624;41.698;41.183;3640000;-0,0037;0;0,001567096;42.433;42.237;44.855
19/02/2016;41.543;41.477;41.828;41.071;3400000;0,0016;1;0,040728883;42.614;42.605;45.428
22/02/2016;43.235;41.544;43.345;41.544;4650000;0,0407;1;-0,016514398;42.165;42.842;45.886
23/02/2016;42.521;43.235;43.601;42.359;3920000;-0,0165;0;-0,010253757;41.855;43.510;46.339
24/02/2016;42.085;42.521;42.521;41.211;3630000;-0,0103;0;-0,004681003;42.092;44.510;46.699
25/02/2016;41.888;42.084;42.327;41.442;4050000;-0,0047;0;-0,00704259;42.836;45.561;47.119
26/02/2016;41.593;41.889;42.495;41.417;3380000;-0,007;0;0,028875051;43.936;46.634;47.785
29/02/2016;42.794;41.599;43.053;41.599;4610000;0,0289;1;0,031032388;45.403;47.472;48.358
01/03/2016;44.122;42.795;44.181;42.795;4750000;0,031;1;0,017474276;47.057;48.251;48.861
02/03/2016;44.893;44.122;44.983;43.841;5160000;0,0175;1;0,051232932;48.508;48.929;49.298
03/03/2016;47.193;44.900;47.375;44.900;9310000;0,0512;1;0,040090691;49.144;49.168;49.476
04/03/2016;49.085;47.194;50.024;47.194;10600000;0,0401;1;0,003280024;49.004;48.889;49.517
07/03/2016;49.246;49.089;49.639;48.746;5900000;0,0033;1;-0,002924095;49.113;48.677;49.631
08/03/2016;49.102;49.244;49.914;48.847;7370000;-0,0029;0;-0,008899841;49.292;48.936;49.778
09/03/2016;48.665;49.102;50.001;48.623;6420000;-0,0089;0;0,018617076;49.359;49.243;49.962
10/03/2016;49.571;48.667;49.974;47.922;7700000;0,0186;1;0,00137177;48.545;49.471;49.997
11/03/2016;49.639;49.574;50.038;49.156;6190000;0,0014;1;-0,015552288;47.920;49.667;50.063
14/03/2016;48.867;49.639;50.166;48.757;4950000;-0,0156;0;-0,03554546;48.602;49.785;50.056
15/03/2016;47.130;48.866;48.866;46.684;5670000;-0,0355;0;0,013430936;49.831;50.146;50.194
16/03/2016;47.763;47.130;47.814;46.521;5270000;0,0134;1;0,065971568;50.967;50.585;50.218
17/03/2016;50.914;47.770;51.268;47.770;7470000;0,066;1;-0,001944455;50.999;50.620;50.046
18/03/2016;50.815;50.915;51.308;50.202;5620000;-0,0019;0;0,007025485;50.624;50.682;50.009
21/03/2016;51.172;50.816;51.370;50.765;3820000;0,007;1;-0,003165794;50.119;50.522;49.937
22/03/2016;51.010;51.170;51.215;50.812;4020000;-0,0032;0;-0,025877279;50.062;50.458;50.008
23/03/2016;49.690;51.005;51.005;49.491;3750000;-0,0259;0;-0,000664118;50.550;50.328;50.255
24/03/2016;49.657;49.686;49.686;48.778;3800000;-0,0007;0;0,023783152;51.081;50.242;50.452
28/03/2016;50.838;49.687;51.149;49.687;3620000;0,0238;1;0,006235493;50.820;49.850;50.622
29/03/2016;51.155;50.839;51.765;50.387;4450000;0,0062;1;0,001837553;50.622;49.473;50.747
30/03/2016;51.249;51.155;52.262;50.900;4880000;0,0018;1;-0,023298016;49.799;49.336;50.922
31/03/2016;50.055;51.248;51.248;49.642;4380000;-0,0233;0;0,010128858;49.465;49.352;51.178
01/04/2016;50.562;50.054;50.768;49.361;4010000;0,0101;1;-0,035243859;48.643;49.558;51.345
04/04/2016;48.780;50.556;50.556;48.600;3670000;-0,0352;0;0,005617056;48.554;50.182;51.566
05/04/2016;49.054;48.778;49.629;48.149;3660000;0,0056;1;-0,019529498;48.967;50.661;51.853
06/04/2016;48.096;49.054;49.054;47.874;3930000;-0,0195;0;0,00867016;49.657;51.395;52.309
07/04/2016;48.513;48.099;48.940;48.099;3150000;0,0087;1;0,036691196;50.820;52.020;52.723
08/04/2016;50.293;48.517;50.486;48.517;5200000;0,0367;1;-0,002545086;51.772;52.509;52.982
11/04/2016;50.165;50.303;51.089;50.078;4180000;-0,0025;0;0,036619157;52.521;53.004;53.224
12/04/2016;52.002;50.166;52.327;50.166;5310000;0,0366;1;0,022076074;52.930;53.133;53.243
13/04/2016;53.150;52.010;53.844;52.010;6570000;0,0221;1;-0,013904045;52.844;52.949;53.200
14/04/2016;52.411;53.150;53.699;52.242;5660000;-0,0139;0;0,015588331;53.277;53.045;53.147
15/04/2016;53.228;52.414;53.390;52.414;5200000;0,0156;1;-0,006274893;53.412;53.224;53.040
18/04/2016;52.894;53.229;53.479;52.305;4530000;-0,0063;0;0,015427081;53.416;53.426;52.904
19/04/2016;53.710;52.894;54.054;52.894;5190000;0,0154;1;-0,001470862;52.800;53.455;52.858
20/04/2016;53.631;53.711;53.857;53.149;4690000;-0,0015;0;-0,013481009;52.618;53.445;52.796
22/04/2016;52.908;53.630;53.630;52.629;4390000;-0,0135;0;-0,019770167;53.141;53.353;52.820
25/04/2016;51.862;52.911;52.949;51.748;3810000;-0,0198;0;0,023543249;53.958;53.451;52.816
26/04/2016;53.083;51.867;53.108;51.838;3870000;0,0235;1;0,0262796;54.234;53.250;52.724
27/04/2016;54.478;53.094;54.560;53.094;5050000;0,0263;1;-0,003047102;53.928;52.855;52.464
28/04/2016;54.312;54.475;54.978;53.963;4550000;-0,003;0;-0,007383267;53.244;52.381;52.196
29/04/2016;53.911;54.317;54.705;53.592;5050000;-0,0074;0;-0,006473632;52.792;52.261;51.927
02/05/2016;53.562;53.910;54.113;53.265;3390000;-0,0065;0;-0,024308278;52.161;52.147;51.652
03/05/2016;52.260;53.557;53.557;52.260;4010000;-0,0243;0;0,005606582;51.981;52.287;51.443
04/05/2016;52.553;52.253;52.672;51.931;4400000;0,0056;1;-0,016783057;51.460;52.180;51.214
05/05/2016;51.671;52.569;53.071;51.311;3650000;-0,0168;0;0,000909601;51.926;52.199;51.058
06/05/2016;51.718;51.671;52.159;51.204;3400000;0,0009;1;-0,014076337;52.275;52.073;50.867
09/05/2016;50.990;51.717;51.717;49.908;5090000;-0,0141;0;0,040811924;53.025;52.012;50.722
10/05/2016;53.071;50.994;53.071;50.994;4210000;0,0408;1;-0,005784704;52.603;51.592;50.394
11/05/2016;52.764;53.072;53.976;52.736;4480000;-0,0058;0;0,009040255;52.283;51.158;50.126
12/05/2016;53.241;52.765;53.798;52.424;4770000;0,009;1;-0,026990477;51.482;50.599;49.886
13/05/2016;51.804;53.236;53.250;51.366;4450000;-0,027;0;-1,93E-05;51.068;50.248;49.802
16/05/2016;51.803;51.803;52.305;51.585;3640000;0;0;-0,018608961;50.511;49.916;49.704
17/05/2016;50.839;51.795;51.946;50.689;3990000;-0,0186;0;-0,005448573;50.139;49.661;49.679
18/05/2016;50.562;50.836;51.373;50.301;4200000;-0,0054;0;-0,008484633;49.729;49.433;49.755
19/05/2016;50.133;50.556;50.556;49.588;4030000;-0,0085;0;-0,008178246;49.466;49.195;49.825
20/05/2016;49.723;50.133;50.822;49.723;3360000;-0,0082;0;-0,007903787;49.386;49.094;49.804
23/05/2016;49.330;49.709;49.709;48.695;3520000;-0,0079;0;0,000304075;49.293;49.174;49.827
24/05/2016;49.345;49.330;50.002;49.153;3240000;0,0003;1;0,002796636;49.166;49.356;49.778
25/05/2016;49.483;49.347;50.357;49.347;3580000;0,0028;1;-0,008730271;48.829;49.491;49.737
27/05/2016;49.051;49.481;49.805;48.869;2800000;-0,0087;0;-0,001773664;48.816;49.696;49.763
30/05/2016;48.964;49.051;49.203;48.799;1210000;-0,0018;0;-0,010048199;49.124;50.077;49.804
31/05/2016;48.472;48.963;49.269;48.292;5800000;-0,01;0;0,011161083;49.840;50.455;49.936
01/06/2016;49.013;48.468;49.057;48.200;3390000;0,0112;1;0,017832004;50.313;50.514;50.067
02/06/2016;49.887;49.008;49.906;48.781;3630000;0,0178;1;0,014673161;50.513;50.481;50.086
03/06/2016;50.619;49.888;50.634;49.888;3430000;0,0147;1;-0,003694265;50.850;50.200;50.153
06/06/2016;50.432;50.627;50.924;50.097;3110000;-0,0037;0;0,001110406;51.078;49.983;50.130
07/06/2016;50.488;50.432;50.641;50.005;3050000;0,0011;1;0,02259943;50.723;49.829;50.041
08/06/2016;51.629;50.490;51.812;50.490;4350000;0,0226;1;-0,009897538;50.067;49.530;49.925
09/06/2016;51.118;51.633;51.633;50.832;3310000;-0,0099;0;-0,033178137;49.244;49.417;49.917
10/06/2016;49.422;51.117;51.117;49.421;3070000;-0,0332;0;0,004835903;49.075;49.620;50.067
13/06/2016;49.661;49.419;49.764;48.804;2710000;0,0048;1;-0,0203983;48.992;49.690;50.251
14/06/2016;48.648;49.662;49.894;48.216;4010000;-0,0204;0;0,005488407;49.287;50.106;50.531
15/06/2016;48.915;48.649;49.415;48.324;5160000;0,0055;1;0,010160482;49.758;50.276;50.740
16/06/2016;49.412;48.901;49.412;48.067;4010000;0,0102;1;0,002469036;50.234;50.253;50.918
17/06/2016;49.534;49.409;50.191;49.405;4380000;0,0025;1;0,016049582;50.441;50.320;51.095
20/06/2016;50.329;49.539;50.782;49.539;3590000;0,016;1;0,010113453;50.851;50.416;51.296
21/06/2016;50.838;50.326;50.870;49.678;3450000;0,0101;1;-0,013415162;50.607;50.515;51.519
22/06/2016;50.156;50.835;51.239;50.060;3750000;-0,0134;0;0,027992663;50.304;50.811;51.812
23/06/2016;51.560;50.161;51.673;50.161;3260000;0,028;1;-0,02821955;49.786;50.956;52.029
24/06/2016;50.105;51.561;51.561;49.544;4270000;-0,0282;0;-0,017143998;50.085;51.204;52.413
27/06/2016;49.246;50.106;50.162;48.954;3330000;-0,0171;0;0,015453032;50.845;51.583;52.865
28/06/2016;50.007;49.252;50.301;49.252;3510000;0,0155;1;0,019897214;51.587;51.870;53.328
29/06/2016;51.002;50.009;51.229;50.009;4090000;0,0199;1;0,010293714;52.110;52.176;53.735
30/06/2016;51.527;51.001;51.619;50.585;4510000;0,0103;1;0,013701555;52.215;52.523;54.095
01/07/2016;52.233;51.540;52.346;51.411;4240000;0,0137;1;0,006432715;52.104;52.812;54.410
04/07/2016;52.569;52.241;52.918;52.241;2080000;0,0064;1;-0,013829443;51.920;53.102;54.727
05/07/2016;51.842;52.565;52.565;51.510;3220000;-0,0138;0;0,001157363;52.353;53.622;55.086
06/07/2016;51.902;51.842;51.909;50.825;3380000;0,0012;1;0,00217718;53.039;54.147;55.435
07/07/2016;52.015;51.902;52.719;51.888;3830000;0,0022;1;0,021647602;53.786;54.785;55.780
08/07/2016;53.141;52.020;53.166;52.020;3090000;0,0216;1;0,015411829;54.271;55.294;56.032
11/07/2016;53.960;53.143;54.021;53.143;3310000;0,0154;1;0,005485545;54.778;55.668;56.271
12/07/2016;54.256;53.961;54.746;53.961;4000000;0,0055;1;0,00630345;55.219;56.008;56.450
13/07/2016;54.598;54.256;54.647;53.733;4160000;0,0063;1;0,016172754;55.848;56.352;56.562
14/07/2016;55.481;54.601;55.634;54.601;4540000;0,0162;1;0,001748346;56.253;56.551;56.676
15/07/2016;55.578;55.482;55.649;55.233;3800000;0,0017;1;0,016301414;56.587;56.723;56.820
18/07/2016;56.484;55.573;56.509;55.355;4110000;0,0163;1;0,003788684;56.639;56.775;56.904
19/07/2016;56.698;56.487;56.698;56.246;3910000;0,0038;1;-0,002116477;56.740;56.771;56.971
20/07/2016;56.578;56.699;56.927;56.221;4000000;-0,0021;0;0,001113507;56.839;56.875;57.050
21/07/2016;56.641;56.578;56.906;56.233;3590000;0,0011;1;0,006373475;56.886;56.892;57.070
22/07/2016;57.002;56.641;57.171;56.518;3000000;0,0064;1;-0,002263078;56.836;56.772;57.163
25/07/2016;56.873;57.006;57.205;56.398;3220000;-0,0023;0;-0,001582473;56.768;56.801;57.265
26/07/2016;56.783;56.876;57.309;56.708;3460000;-0,0016;0;0,001232763;56.943;56.917;57.433
27/07/2016;56.853;56.788;57.380;56.788;3910000;0,0012;1;-0,003271595;56.910;57.032;57.576
28/07/2016;56.667;56.853;56.853;55.993;3910000;-0,0033;0;0,011311698;56.742;57.170;57.766
29/07/2016;57.308;56.664;57.474;56.340;4550000;0,0113;1;-0,009632163;56.665;57.225;57.899
01/08/2016;56.756;57.309;57.729;56.676;4210000;-0,0096;0;-0,010465854;56.944;57.248;58.066
02/08/2016;56.162;56.756;56.974;55.696;3980000;-0,0105;0;0,016292155;57.444;57.554;58.182
03/08/2016;57.077;56.157;57.101;55.788;4180000;0,0163;1;0,009057939;57.630;57.728;58.249
04/08/2016;57.594;57.076;58.030;57.076;4320000;0,0091;1;0,001163316;57.662;57.950;58.258
05/08/2016;57.661;57.609;57.951;57.290;3460000;0,0012;1;-0,000450911;57.415;58.120;58.262
08/08/2016;57.635;57.655;57.917;57.504;3250000;-0,0005;0;0,000936931;57.636;58.362;58.268
09/08/2016;57.689;57.637;58.095;57.615;3140000;0,0009;1;-0,013330098;57.839;58.573;58.334
10/08/2016;56.920;57.690;57.953;56.735;3620000;-0,0133;0;0,024244554;58.581;58.884;58.452
11/08/2016;58.300;56.925;58.308;56.923;4030000;0,0242;1;-3,43E-05;58.766;58.810;58.424
12/08/2016;58.298;58.300;58.753;57.987;3930000;0;0;0,014545954;59.108;58.770;58.419
15/08/2016;59.146;58.316;59.324;58.316;3600000;0,0145;1;-0,004920028;59.115;58.566;58.453
16/08/2016;58.855;59.144;59.187;58.589;3990000;-0,0049;0;0,007968737;59.196;58.404;58.504
17/08/2016;59.324;58.847;59.324;58.081;4310000;0,008;1;-0,00266334;58.682;58.175;58.561
18/08/2016;59.166;59.324;59.418;58.829;3720000;-0,0027;0;-0,001132407;58.300;58.095;58.637
19/08/2016;59.099;59.158;59.240;58.599;2740000;-0,0011;0;-0,022301562;57.840;58.020;58.559
22/08/2016;57.781;59.080;59.099;57.631;3230000;-0,0223;0;0,004136308;57.820;58.037;58.616
23/08/2016;58.020;57.781;58.596;57.781;3750000;0,0041;1;-0,005205102;57.719;58.068;58.531
24/08/2016;57.718;58.019;58.332;57.456;3320000;-0,0052;0;6,93025E-05;58.016;58.339;58.484
25/08/2016;57.722;57.718;58.124;57.639;3070000;0,0001;1;-0,000103947;58.300;58.603;58.497
26/08/2016;57.716;57.725;58.655;57.259;3720000;-0,0001;0;0,015489639;58.362;58.948;58.451
29/08/2016;58.610;57.717;58.957;57.642;2850000;0,0155;1;-0,000597168;58.237;59.179;58.361
30/08/2016;58.575;58.610;58.882;58.293;2810000;-0,0006;0;-0,011506615;58.584;59.097;58.302
31/08/2016;57.901;58.580;58.910;57.506;4200000;-0,0115;0;0,005785738;59.139;59.195;58.337
01/09/2016;58.236;57.901;58.417;57.638;3800000;0,0058;1;0,023696682;59.770;58.993;58.391
02/09/2016;59.616;58.241;59.655;58.241;3890000;0,0237;1;-0,000838701;59.976;58.628;58.325
05/09/2016;59.566;59.616;59.986;59.402;1820000;-0,0008;0;0,009451701;59.454;58.391;58.217
06/09/2016;60.129;59.566;60.129;59.182;3250000;0,0095;1;0,001712984;58.939;57.955;58.092
08/09/2016;60.232;60.129;60.310;59.743;3960000;0,0017;1;-0,037056714;57.802;57.544;58.030
09/09/2016;58.000;60.220;60.220;57.961;4120000;-0,0371;0;0,010103448;57.489;57.506;58.055
12/09/2016;58.586;57.998;58.595;57.511;3640000;0,0101;1;-0,030126651;57.263;57.478;58.039
13/09/2016;56.821;58.580;58.580;56.459;4510000;-0,0301;0;0,004188592;57.349;57.789;58.228
14/09/2016;57.059;56.812;57.342;56.694;3430000;0,0042;1;0,014896861;57.446;58.023;58.391
15/09/2016;57.909;57.068;58.127;57.068;2900000;0,0149;1;-0,014315564;57.389;58.044;58.558
16/09/2016;57.080;57.909;57.909;56.794;3830000;-0,0143;0;0,004730203;57.827;58.230;58.813
19/09/2016;57.350;57.083;58.025;57.083;2770000;0,0047;1;0,006730602;58.375;58.516;59.081
20/09/2016;57.736;57.356;57.902;57.356;3090000;0,0067;1;0,011396702;58.695;58.604;59.362
21/09/2016;58.394;57.736;58.575;57.326;4010000;0,0114;1;0,010275028;58.582;58.600;59.550
22/09/2016;58.994;58.408;59.462;58.408;3470000;0,0103;1;-0,00503441;58.378;58.667;59.702
23/09/2016;58.697;58.992;59.131;58.409;2900000;-0,005;0;-0,010954563;58.597;58.759;59.921
26/09/2016;58.054;58.697;58.697;57.904;2170000;-0,011;0;0,005649912;58.696;59.073;60.253
27/09/2016;58.382;58.066;58.490;57.411;3040000;0,0056;1;0,016683224;58.691;59.396;60.638
28/09/2016;59.356;58.383;59.415;58.353;3330000;0,0167;1;-0,016931734;58.726;59.646;60.935
29/09/2016;58.351;59.346;59.621;58.292;3300000;-0,0169;0;0,000274203;59.056;60.120;61.327
30/09/2016;58.367;58.350;58.900;58.271;2950000;0,0003;1;0,018743468;59.685;60.500;61.737
03/10/2016;59.461;58.370;59.549;58.367;2860000;0,0187;1;-0,002051765;60.079;60.736;62.065
04/10/2016;59.339;59.461;59.580;58.892;4020000;-0,0021;0;0,015419876;60.669;61.083;62.389
05/10/2016;60.254;59.340;60.477;59.340;3480000;0,0154;1;0,006472599;61.140;61.432;62.644
06/10/2016;60.644;60.254;60.724;60.070;3620000;0,0065;1;0,0076677;61.266;61.880;62.901
07/10/2016;61.109;60.645;61.275;60.479;4370000;0,0077;1;0,009147589;61.270;62.223;63.130
10/10/2016;61.668;61.130;61.756;61.130;3030000;0,0091;1;-0,010475449;61.303;62.533;63.362
11/10/2016;61.022;61.668;61.668;60.885;3680000;-0,0105;0;0,001589591;61.861;62.974;63.527
13/10/2016;61.119;61.020;61.329;60.243;5110000;0,0016;1;0,010602268;62.748;63.394;63.572
14/10/2016;61.767;61.120;62.039;61.120;3810000;0,0106;1;0,015040394;63.328;63.694;63.560
17/10/2016;62.696;61.768;62.696;61.719;3440000;0,015;1;0,017321679;63.709;63.855;63.657
18/10/2016;63.782;62.701;63.937;62.701;4390000;0,0173;1;-0,00432724;63.817;63.922;63.684
19/10/2016;63.506;63.784;64.089;63.309;3730000;-0,0043;0;0,005227852;64.002;64.037;63.666
20/10/2016;63.838;63.495;63.927;62.729;3530000;0,0052;1;0,004229456;64.011;64.192;63.478
21/10/2016;64.108;63.838;64.372;63.379;3780000;0,0042;1;-0,000748737;63.917;64.080;63.126
24/10/2016;64.060;64.141;64.691;63.914;3780000;-0,0007;0;-0,003028411;63.981;63.750;62.811
25/10/2016;63.866;64.059;64.266;63.248;4040000;-0,003;0;-0,000626311;64.128;63.426;62.589
26/10/2016;63.826;63.860;63.924;63.084;4430000;-0,0006;0;0,006643061;64.494;63.458;62.300
27/10/2016;64.250;63.827;64.609;63.827;3700000;0,0066;1;0,000902724;64.186;63.445;61.993
28/10/2016;64.308;64.251;64.728;63.778;3910000;0,0009;1;0,009594452;63.334;63.295;61.762
31/10/2016;64.925;64.312;65.054;64.312;3930000;0,0096;1;-0,024628417;62.225;62.763;61.550
01/11/2016;63.326;64.922;65.291;63.019;4640000;-0,0246;0;-0,024887092;62.467;62.172;61.454
03/11/2016;61.750;63.325;63.524;61.750;4250000;-0,0249;0;-0,002461538;63.269;61.873;61.429
04/11/2016;61.598;61.749;62.699;61.491;4100000;-0,0025;0;0,039838956;63.823;61.753;61.426
07/11/2016;64.052;61.601;64.193;61.601;3430000;0,0398;1;0,001654905;62.872;61.141;61.341
08/11/2016;64.158;64.052;64.767;63.381;3370000;0,0017;1;-0,014027869;61.214;60.542;61.114
09/11/2016;63.258;64.157;64.358;61.794;5800000;-0,014;0;-0,032517626;60.014;60.229;61.018
10/11/2016;61.201;63.261;63.903;60.553;7860000;-0,0325;0;-0,032956978;59.867;60.337;60.897
11/11/2016;59.184;61.199;61.626;58.921;7810000;-0,033;0;0,007992025;60.062;60.737;60.977
14/11/2016;59.657;59.183;59.961;58.322;5580000;0,008;1;0,018472266;60.164;60.985;60.990
16/11/2016;60.759;59.658;60.915;59.364;4720000;0,0185;1;-0,016277424;60.267;61.100;61.013
17/11/2016;59.770;60.763;61.493;59.746;3640000;-0,0163;0;0,003212314;60.995;61.540;61.131
18/11/2016;59.962;59.770;60.193;59.327;3570000;0,0032;1;0,01847837;61.670;61.687;61.182
21/11/2016;61.070;59.963;61.070;59.963;3630000;0,0185;1;0,014475192;61.779;61.806;61.141
22/11/2016;61.954;61.072;62.550;61.072;4110000;0,0145;1;0,000516512;61.647;61.457;60.943
23/11/2016;61.986;61.956;62.046;61.234;3600000;0,0005;1;-0,009518278;61.937;61.218;60.750
24/11/2016;61.396;61.999;62.105;61.392;1650000;-0,0095;0;0,002654896;61.800;60.995;60.522
25/11/2016;61.559;61.394;61.559;60.573;2740000;0,0027;1;0,021052974;61.916;60.927;60.297
28/11/2016;62.855;61.559;62.934;61.240;2840000;0,0211;1;-0,029719195;60.800;60.721;59.978
29/11/2016;60.987;62.859;62.859;60.980;3530000;-0,0297;0;0,015068785;60.576;60.677;59.701
30/11/2016;61.906;60.994;62.590;60.994;4730000;0,0151;1;-0,038752302;59.885;60.476;59.392
01/12/2016;59.507;61.906;61.911;59.058;5520000;-0,0388;0;0,013595039;60.412;60.430;59.259
02/12/2016;60.316;59.499;60.379;58.092;4480000;0,0136;1;-0,008024405;60.778;60.282;59.040
05/12/2016;59.832;60.322;60.720;59.635;2950000;-0,008;0;0,020992111;61.060;60.050;58.905
06/12/2016;61.088;59.828;61.235;59.396;3720000;0,021;1;0,005336564;60.864;59.666;58.729
07/12/2016;61.414;61.111;61.918;61.062;3960000;0,0053;1;-0,012000521;60.119;59.234;58.535
08/12/2016;60.677;61.430;61.936;60.499;3030000;-0,012;0;-0,002900605;59.654;58.724;58.471
09/12/2016;60.501;60.688;61.129;60.316;3440000;-0,0029;0;-0,021850878;58.891;58.307;58.451
12/12/2016;59.179;60.517;60.517;59.035;3240000;-0,0219;0;0,001723584;58.630;58.088;58.480
13/12/2016;59.281;59.178;59.946;58.758;3700000;0,0017;1;-0,018032759;58.332;57.799;58.661
14/12/2016;58.212;59.280;59.338;58.212;3980000;-0,018;0;0,00316086;57.965;57.760;58.903
15/12/2016;58.396;58.214;58.635;57.575;3680000;0,0032;1;-0,000119871;57.694;57.792;59.165
16/12/2016;58.389;58.398;59.312;58.365;3800000;-0,0001;0;-0,021887684;57.447;57.836;59.399
19/12/2016;57.111;58.390;58.600;57.109;3500000;-0,0219;0;0,008264608;57.495;58.217;59.727
20/12/2016;57.583;57.116;57.918;57.038;2760000;0,0083;1;0,001111439;57.613;58.595;60.052
21/12/2016;57.647;57.583;58.049;57.221;2540000;0,0011;1;-0,006800007;57.937;58.872;60.395
22/12/2016;57.255;57.646;57.646;56.829;2900000;-0,0068;0;0,011911623;58.418;59.524;60.873
23/12/2016;57.937;57.255;58.143;57.255;2220000;0,0119;1;0,011788667;59.033;60.045;61.281
26/12/2016;58.620;57.941;58.781;57.941;701230;0,0118;1;0,001313545;59.569;60.538;61.654
27/12/2016;58.697;58.627;59.068;58.402;1670000;0,0013;1;0,018484761;59.866;60.962;62.058
28/12/2016;59.782;58.688;59.911;58.688;2020000;0,0185;1;0,007443712;60.543;61.236;62.370
29/12/2016;60.227;59.782;60.248;59.278;2190000;0,0074;1;-0,010593256;60.997;61.509;62.636
02/01/2017;59.589;60.227;60.227;59.371;833730;-0,0106;0;0,037339106;61.825;61.917;62.988
03/01/2017;61.814;59.631;61.815;59.631;3430000;0,0373;1;-0,003639952;61.775;62.222;63.269
04/01/2017;61.589;61.811;61.940;61.302;2930000;-0,0036;0;0,007826073;61.812;62.517;63.573
05/01/2017;62.071;61.594;62.409;61.594;3420000;0,0078;1;-0,006540897;61.832;62.769;63.867
06/01/2017;61.665;62.072;62.072;61.396;2450000;-0,0065;0;0,000567583;62.093;63.153;64.179
09/01/2017;61.700;61.680;62.112;61.307;2560000;0,0006;1;0,007001621;62.844;63.503;64.365
10/01/2017;62.132;61.710;62.446;61.710;2700000;0,007;1;0,005053757;63.351;63.763;64.546
11/01/2017;62.446;62.134;62.674;61.665;3240000;0,0051;1;0,024148865;63.812;64.059;64.717
12/01/2017;63.954;62.448;64.342;62.448;4680000;0,0241;1;-0,004722144;63.946;64.315;64.761
13/01/2017;63.652;63.940;64.092;63.366;2820000;-0,0047;0;0,002812166;64.112;64.628;64.854
16/01/2017;63.831;63.652;64.014;63.556;1820000;0,0028;1;0,008193511;64.152;64.965;64.866
17/01/2017;64.354;63.827;64.658;63.456;3020000;0,0082;1;-0,003169966;64.207;65.205;64.855
18/01/2017;64.150;64.360;64.680;64.063;3100000;-0,0032;0;-0,003102104;64.740;65.227;64.904
19/01/2017;63.951;64.145;64.456;63.574;2960000;-0,0031;0;0,008913074;65.370;65.330;64.976
20/01/2017;64.521;63.951;64.694;63.951;3520000;0,0089;1;0,019032563;65.927;65.375;65.091
23/01/2017;65.749;64.519;65.816;64.500;3050000;0,019;1;0,001384051;66.022;65.207;65.178
24/01/2017;65.840;65.752;66.173;65.615;3970000;0,0014;1;0,005331106;65.509;65.081;65.240
26/01/2017;66.191;65.842;66.594;65.842;3600000;0,0053;1;-0,002371924;65.002;64.767;65.368
27/01/2017;66.034;66.195;66.242;65.876;2660000;-0,0024;0;-0,026228912;64.603;64.505;65.495
30/01/2017;64.302;66.025;66.025;64.165;2330000;-0,0262;0;0,005738546;64.695;64.581;65.741
31/01/2017;64.671;64.310;64.901;64.284;2820000;0,0057;1;0,002551375;64.789;64.623;66.017
01/02/2017;64.836;64.687;65.594;64.687;3310000;0,0026;1;-0,003979271;64.508;64.807;66.318
02/02/2017;64.578;64.835;65.132;64.163;3050000;-0,004;0;0,005822416;64.382;65.148;66.605
03/02/2017;64.954;64.579;65.387;64.264;3590000;0,0058;1;-0,014795086;64.342;65.400;66.784
06/02/2017;63.993;64.957;65.327;63.933;2630000;-0,0148;0;0,003219102;64.666;65.969;66.974
07/02/2017;64.199;64.022;64.815;63.938;2860000;0,0032;1;0,009906696;65.308;66.485;67.174
08/02/2017;64.835;64.200;64.835;63.740;3240000;0,0099;1;0,00200509;66.019;66.901;67.247
09/02/2017;64.965;64.850;65.302;64.587;2720000;0,002;1;0,017855768;66.602;67.411;67.377
10/02/2017;66.125;64.965;66.292;64.935;3550000;0,0179;1;0,012748582;67.219;67.829;67.392
13/02/2017;66.968;66.125;67.094;66.125;3200000;0,0127;1;-0,003807789;67.501;68.061;67.304
14/02/2017;66.713;66.971;67.110;66.251;3480000;-0,0038;0;0,018931842;67.846;68.168;67.162
15/02/2017;67.976;66.712;68.016;66.712;4250000;0,0189;1;-0,002383194;68.032;67.980;66.920
16/02/2017;67.814;67.979;68.456;67.661;3660000;-0,0024;0;-0,00097325;68.444;67.862;66.696
17/02/2017;67.748;67.814;67.819;67.158;2870000;-0,001;0;0,011587058;68.725;67.592;66.537
20/02/2017;68.533;67.756;68.674;67.756;2240000;0,0116;1;0,007572994;68.368;67.342;66.264
21/02/2017;69.052;68.536;69.112;68.536;3150000;0,0076;1;-0,00669061;67.571;66.955;66.062
22/02/2017;68.590;69.052;69.052;68.282;3480000;-0,0067;0;-0,016460125;67.037;66.548;65.862
23/02/2017;67.461;68.590;69.488;67.279;4100000;-0,0165;0;-0,01184388;66.502;66.156;65.630
24/02/2017;66.662;67.458;67.458;66.452;3150000;-0,0118;0;0,004905343;66.543;65.859;65.503
01/03/2017;66.989;66.661;67.398;66.661;2450000;0,0049;1;-0,016928152;66.327;65.529;65.216
02/03/2017;65.855;67.000;67.035;65.594;3190000;-0,0169;0;0,014137119;66.290;65.483;65.050
03/03/2017;66.786;65.860;66.801;65.860;2740000;0,0141;1;-0,006663073;65.600;65.185;64.817
06/03/2017;66.341;66.786;66.892;66.119;3440000;-0,0067;0;-0,009029107;65.015;65.170;64.639
07/03/2017;65.742;66.343;66.641;65.668;2980000;-0,009;0;-0,01557604;64.659;65.176;64.537
08/03/2017;64.718;65.748;65.810;64.496;3840000;-0,0156;0;-0,00205507;64.931;65.103;64.531
09/03/2017;64.585;64.718;65.068;64.203;3620000;-0,0021;0;0,001393512;64.969;65.146;64.599
10/03/2017;64.675;64.586;65.725;64.472;3540000;0,0014;1;0,013281794;65.489;64.904;64.641
13/03/2017;65.534;64.674;65.651;64.674;2230000;0,0133;1;-0,012741478;65.572;64.616;64.602
14/03/2017;64.699;65.511;65.549;64.699;2910000;-0,0127;0;0,023740707;65.409;64.449;64.638
15/03/2017;66.235;64.702;66.318;64.537;3860000;0,0237;1;-0,006824187;64.959;64.109;64.605
16/03/2017;65.783;66.232;66.554;65.531;2950000;-0,0068;0;-0,023911953;64.025;63.898;64.533
17/03/2017;64.210;65.783;66.205;64.152;5370000;-0,0239;0;0,010496807;63.795;63.960;64.534
20/03/2017;64.884;64.210;65.136;63.672;3730000;0,0105;1;-0,029344677;63.344;64.052;64.513
21/03/2017;62.980;64.884;64.965;62.795;3810000;-0,0293;0;0,008590029;63.635;64.378;64.632
22/03/2017;63.521;62.980;63.747;62.496;4190000;0,0086;1;0,000157428;63.898;64.587;64.692
23/03/2017;63.531;63.521;63.942;62.840;3550000;0,0002;1;0,005084132;64.267;64.827;64.718
24/03/2017;63.854;63.554;63.997;63.469;2650000;0,0051;1;0,00710997;64.825;65.101;64.645
27/03/2017;64.308;63.829;64.356;63.030;2760000;0,0071;1;0,005162655;65.145;65.168;64.647
28/03/2017;64.640;64.308;64.847;64.042;3460000;0,0052;1;0,013737624;65.259;65.108;64.612
29/03/2017;65.528;64.636;65.551;64.476;3600000;0,0137;1;-0,003998291;65.154;64.974;64.461
30/03/2017;65.266;65.541;65.775;65.070;2410000;-0,004;0;-0,00432078;65.321;64.886;64.353
31/03/2017;64.984;65.266;65.597;64.859;2700000;-0,0043;0;0,003493168;65.252;64.797;64.311
03/04/2017;65.211;64.989;65.384;64.774;2950000;0,0035;1;0,008556839;64.922;64.609;64.306
04/04/2017;65.769;65.212;65.775;64.990;2150000;0,0086;1;-0,015113503;64.530;64.188;64.241
05/04/2017;64.775;65.770;66.211;64.493;3070000;-0,0151;0;-0,008521806;64.489;64.126;64.234
06/04/2017;64.223;64.775;64.921;63.762;2960000;-0,0085;0;0,005761176;64.534;64.116;64.319
07/04/2017;64.593;64.202;65.197;64.016;2940000;0,0058;1;0,000882449;64.301;63.947;64.471
10/04/2017;64.650;64.593;64.928;64.115;3080000;0,0009;1;-0,004485692;63.693;63.820;64.574
11/04/2017;64.360;64.650;64.872;63.351;3280000;-0,0045;0;-0,007271597;63.684;63.824;64.610
12/04/2017;63.892;64.362;64.456;63.814;4390000;-0,0073;0;-0,016684405;63.773;64.004;64.740
13/04/2017;62.826;63.891;63.992;62.826;3310000;-0,0167;0;0,024018718;63.967;64.294;64.933
17/04/2017;64.335;62.828;64.424;62.828;3250000;0,024;1;-0,00273568;63.776;64.343;65.071
18/04/2017;64.159;64.336;64.591;63.717;3240000;-0,0027;0;-0,011720881;63.852;64.521;65.299
19/04/2017;63.407;64.165;64.572;63.219;3160000;-0,0117;0;0,00558298;64.433;64.995;65.594
20/04/2017;63.761;63.406;64.163;63.388;2990000;0,0056;1;0,009849281;64.800;65.328;65.913
24/04/2017;64.389;63.761;64.754;63.761;3290000;0,0098;1;0,011787728;64.896;65.396;66.205
25/04/2017;65.148;64.384;65.148;63.875;3130000;0,0118;1;-0,004390004;64.981;65.476;66.457
26/04/2017;64.862;65.144;65.436;64.679;3320000;-0,0044;0;-0,002852209;65.601;65.571;66.649
27/04/2017;64.677;64.872;65.327;64.292;3210000;-0,0029;0;0,01122501;66.073;65.799;66.429
28/04/2017;65.403;64.679;65.403;64.592;3070000;0,0112;1;0,020167271;65.893;66.078;66.231
02/05/2017;66.722;65.404;66.851;65.404;3610000;0,0202;1;-0,009412188;65.556;66.194;65.871
03/05/2017;66.094;66.720;66.758;65.898;3550000;-0,0094;0;-0,018624989;65.366;66.498;65.625
04/05/2017;64.863;66.069;66.099;64.721;3900000;-0,0186;0;0,013058292;65.838;67.014;65.511
05/05/2017;65.710;64.869;65.768;64.863;2850000;0,0131;1;-0,002800183;66.385;67.439;65.333
08/05/2017;65.526;65.705;66.015;65.295;2340000;-0,0028;0;0,011476361;67.055;67.727;65.230
09/05/2017;66.278;65.533;66.536;65.533;2760000;0,0115;1;0,016174296;67.703;67.058;65.051
10/05/2017;67.350;66.284;67.528;66.284;3270000;0,0162;1;0,002791388;68.078;66.385;64.809
11/05/2017;67.538;67.355;67.709;67.191;2960000;0,0028;1;0,010127632;68.460;65.547;64.464
12/05/2017;68.222;67.536;68.429;67.536;3940000;0,0101;1;0,003693823;68.233;64.753;64.040
15/05/2017;68.474;68.227;68.593;68.081;3390000;0,0037;1;0,003066857;65.940;64.007;63.614
16/05/2017;68.684;68.473;68.792;68.124;3790000;0,0031;1;-0,01665599;63.925;63.228;63.169
17/05/2017;67.540;68.674;68.674;67.163;3420000;-0,0167;0;-0,087992301;61.970;62.734;62.841
18/05/2017;61.597;67.536;67.536;60.315;11390000;-0,088;0;0,016916408;62.325;63.043;62.954
19/05/2017;62.639;61.597;63.488;61.597;6310000;0,0169;1;-0,015421702;62.531;63.232;62.962
22/05/2017;61.673;62.638;62.638;60.925;6000000;-0,0154;0;0,016036191;63.049;63.381;63.001
23/05/2017;62.662;61.670;62.775;61.670;4900000;0,016;1;0,009495388;63.523;63.327;62.932
24/05/2017;63.257;62.673;64.016;62.673;4310000;0,0095;1;-0,000474256;63.691;63.221;62.830
25/05/2017;63.227;63.256;63.991;62.762;4120000;-0,0005;0;0,013570152;63.936;63.110;62.737
26/05/2017;64.085;63.228;64.170;63.228;3970000;0,0136;1;-0,005055785;63.478;62.948;62.561
29/05/2017;63.761;64.055;64.055;63.531;1700000;-0,0051;0;0,003152397;62.987;62.864;62.436
30/05/2017;63.962;63.765;64.107;63.720;2300000;0,0032;1;-0,019558488;62.504;62.692;62.208
31/05/2017;62.711;63.961;63.984;62.673;4680000;-0,0196;0;-0,006729282;62.417;62.620;62.069
01/06/2017;62.289;62.711;63.293;62.165;3470000;-0,0067;0;0,003564032;62.639;62.536;61.996
02/06/2017;62.511;62.289;62.773;62.161;2960000;0,0036;1;-0,000975828;62.859;62.439;61.894
05/06/2017;62.450;62.503;62.800;62.010;2500000;-0,001;0;0,008086469;62.961;62.364;61.876
06/06/2017;62.955;62.450;63.302;62.426;3090000;0,0081;1;0,003431022;62.713;62.174;61.784
07/06/2017;63.171;62.955;63.637;62.912;2980000;0,0034;1;-0,00656947;62.222;62.008;61.702
08/06/2017;62.756;63.171;63.171;62.376;2790000;-0,0066;0;-0,008684429;61.913;61.724;61.665
09/06/2017;62.211;62.755;63.066;62.095;3200000;-0,0087;0;-0,008213981;61.817;61.517;61.714
12/06/2017;61.700;62.219;62.286;61.279;3120000;-0,0082;0;0,002090762;61.793;61.456;61.827
13/06/2017;61.829;61.708;62.012;61.510;2550000;0,0021;1;0,001520322;61.854;61.350;61.927
14/06/2017;61.923;61.831;62.475;61.508;4460000;0,0015;1;-0,004796279;61.469;61.388;62.015
16/06/2017;61.626;61.911;61.921;61.269;5250000;-0,0048;0;0,006296044;61.181;61.395;62.076
19/06/2017;62.014;61.620;62.272;61.620;2840000;0,0063;1;-0,020124488;60.933;61.395;62.098
20/06/2017;60.766;62.011;62.011;60.766;4080000;-0,0201;0;-6,58E-05;61.040;61.606;62.259
21/06/2017;60.762;60.783;61.188;60.544;3380000;-0,0001;0;0,008393404;61.516;61.911;62.478
22/06/2017;61.272;60.762;61.354;60.758;3160000;0,0084;1;-0,003019324;61.650;62.198;62.733
23/06/2017;61.087;61.272;61.400;60.992;2920000;-0,003;0;0,018023475;61.960;62.505;63.025
26/06/2017;62.188;61.088;62.251;61.088;2680000;0,018;1;-0,00824918;61.977;62.643;63.257
27/06/2017;61.675;62.188;62.424;61.580;3380000;-0,0082;0;0,005561411;62.386;62.756;63.510
28/06/2017;62.018;61.684;62.057;61.433;2800000;0,0056;1;0,003563482;62.806;62.800;63.747
29/06/2017;62.239;62.010;62.499;61.689;3010000;0,0036;1;0,010620351;63.137;62.912;63.957
30/06/2017;62.900;62.238;63.038;62.238;2770000;0,0106;1;0,006041335;63.222;63.045;64.102
03/07/2017;63.280;62.901;63.338;62.901;2150000;0,006;1;-0,000758534;62.952;63.267;64.203
04/07/2017;63.232;63.268;63.346;63.076;980070;-0,0008;0;-0,001233553;62.649;63.545;64.336
05/07/2017;63.154;63.215;63.485;62.708;3270000;-0,0012;0;-0,010830668;62.606;63.871;64.516
06/07/2017;62.470;63.156;63.188;62.354;3130000;-0,0108;0;-0,002369137;63.060;64.263;64.697
07/07/2017;62.322;62.474;62.926;62.035;2980000;-0,0024;0;0,011280126;63.898;64.694;64.908
10/07/2017;63.025;62.322;63.135;62.322;2290000;0,0113;1;0,012804443;64.615;65.002;65.085
11/07/2017;63.832;63.027;63.891;62.908;2650000;0,0128;1;0,015728788;65.150;65.160;65.234
12/07/2017;64.836;63.840;64.938;63.827;4240000;0,0157;1;0,005274847;65.275;65.138;65.354
13/07/2017;65.178;64.854;65.302;64.854;3220000;0,0053;1;0,003958391;65.329;65.127;65.494
14/07/2017;65.436;65.178;65.624;65.178;2800000;0,004;1;-0,003423192;65.243;65.160;65.590
17/07/2017;65.212;65.431;65.478;65.119;2330000;-0,0034;0;0,00193216;65.152;65.131;65.710
18/07/2017;65.338;65.208;65.338;64.943;2280000;0,0019;1;-0,002418195;64.934;65.123;65.896
19/07/2017;65.180;65.337;65.604;64.874;2700000;-0,0024;0;-0,003712795;64.907;65.168;66.090
20/07/2017;64.938;65.178;65.505;64.898;2340000;-0,0037;0;-0,003911423;65.151;65.308;66.285
21/07/2017;64.684;64.936;65.150;64.599;2210000;-0,0039;0;0,006431266;65.260;65.570;66.450
24/07/2017;65.100;64.695;65.104;64.678;1970000;0,0064;1;0,008725038;65.319;65.861;66.612
25/07/2017;65.668;65.101;65.749;65.101;2820000;0,0087;1;-0,010004873;65.262;66.019;66.798
26/07/2017;65.011;65.668;65.873;64.992;3030000;-0,01;0;0,004091615;65.565;66.289;67.037
27/07/2017;65.277;65.013;65.678;65.013;2560000;0,0041;1;0,003370253;65.978;66.669;67.274
28/07/2017;65.497;65.253;65.497;64.953;2850000;0,0034;1;0,006458311;66.524;67.012;67.451
31/07/2017;65.920;65.503;66.048;65.503;2650000;0,0065;1;0,009041262;66.810;67.262;67.651
01/08/2017;66.516;65.925;66.606;65.925;2850000;0,009;1;0,009321066;66.937;67.330;67.802
02/08/2017;67.136;66.504;67.277;66.305;3830000;0,0093;1;-0,005347355;67.205;67.362;68.008
03/08/2017;66.777;67.136;67.256;66.705;2810000;-0,0053;0;0,001812001;67.579;67.578;68.272
04/08/2017;66.898;66.783;67.104;66.525;2440000;0,0018;1;0,015575951;67.837;67.786;68.575
07/08/2017;67.940;66.898;68.043;66.887;3090000;0,0156;1;-0,000603474;67.521;67.879;68.798
08/08/2017;67.899;67.936;68.500;67.671;3240000;-0,0006;0;-0,003357929;67.341;67.890;69.021
09/08/2017;67.671;67.894;67.894;67.290;2560000;-0,0034;0;-0,01003384;67.545;68.040;69.283
10/08/2017;66.992;67.671;67.671;66.650;2910000;-0,01;0;0,005478266;68.000;68.274;69.561
11/08/2017;67.359;66.992;67.623;66.678;2980000;0,0055;1;0,013747235;68.411;68.653;69.809
14/08/2017;68.285;67.364;68.642;67.226;2910000;0,0137;1;0,001025115;68.309;68.966;70.069
15/08/2017;68.355;68.296;68.846;68.293;2840000;0,001;1;0,003496452;68.429;69.363;70.338
16/08/2017;68.594;68.356;68.950;68.304;3870000;0,0035;1;-0,008994956;68.442;69.718;70.592
17/08/2017;67.977;68.596;68.596;67.866;2740000;-0,009;0;0,010856613;69.120;70.152;70.981
18/08/2017;68.715;67.990;68.808;67.979;3570000;0,0109;1;-0,001164229;69.708;70.525;71.292
21/08/2017;68.635;68.713;69.068;68.514;2720000;-0,0012;0;0,02004808;70.541;70.847;71.698
22/08/2017;70.011;68.645;70.278;68.645;4030000;0,02;1;0,00667038;70.895;70.965;72.022
23/08/2017;70.478;70.011;70.587;69.947;3450000;0,0067;1;0,00929368;71.075;71.171;72.330
24/08/2017;71.133;70.482;71.238;70.482;3210000;0,0093;1;-0,000829432;71.140;71.313;72.581
25/08/2017;71.074;71.138;71.506;70.801;2490000;-0,0008;0;-0,000801981;71.078;71.467;72.916
28/08/2017;71.017;71.074;71.390;70.909;2260000;-0,0008;0;0,004407395;71.017;71.809;73.271
29/08/2017;71.330;71.005;71.330;70.517;2350000;0,0044;1;-0,00622459;71.215;72.059;73.603
30/08/2017;70.886;71.328;71.454;70.755;2750000;-0,0062;0;-0,000719465;71.629;72.550;73.968
31/08/2017;70.835;70.887;71.234;70.516;4380000;-0,0007;0;0,015359639;72.068;73.079;74.309
01/09/2017;71.923;70.848;72.217;70.846;4010000;0,0154;1;0,002864174;72.564;73.488;74.557
04/09/2017;72.129;71.921;72.141;71.671;2060000;0,0029;1;0,000305009;72.881;73.849;74.722
05/09/2017;72.151;72.134;73.180;71.827;4360000;0,0003;1;0,017477235;73.603;74.364;74.877
06/09/2017;73.412;72.157;73.608;72.157;4370000;0,0175;1;-0,004536043;73.979;74.733;74.904
08/09/2017;73.079;73.413;73.646;72.925;3210000;-0,0045;0;0,016967939;74.549;75.146;74.939
11/09/2017;74.319;73.096;74.636;73.096;3380000;0,017;1;0,002960212;74.661;75.387;74.937
12/09/2017;74.539;74.322;75.332;74.294;3700000;0,003;1;0,003340533;75.067;75.539;74.925
13/09/2017;74.788;74.543;75.146;74.196;3330000;0,0033;1;-0,001751618;75.468;75.625;75.066
14/09/2017;74.657;74.787;74.949;74.397;3310000;-0,0018;0;0,01473405;75.907;75.595;75.204
15/09/2017;75.757;74.656;75.820;74.648;4970000;0,0147;1;0,003075623;75.989;75.389;75.265
18/09/2017;75.990;75.758;76.404;75.621;3540000;0,0031;1;-0,000210554;75.861;75.076;75.270
19/09/2017;75.974;75.990;76.071;75.300;3120000;-0,0002;0;0,000394872;75.666;74.732;75.252
20/09/2017;76.004;75.974;76.420;75.074;4010000;0,0004;1;-0,005262881;75.146;74.488;75.316
21/09/2017;75.604;76.014;76.251;75.282;3330000;-0,0053;0;-0,002830538;74.717;74.310;75.392
22/09/2017;75.390;75.618;75.734;75.029;2890000;-0,0028;0;-0,012561348;74.186;74.506;75.506
25/09/2017;74.443;75.381;75.470;74.303;3480000;-0,0126;0;-0,001665704;73.894;74.813;75.681
26/09/2017;74.319;74.443;74.971;74.319;3680000;-0,0017;0;-0,007023776;73.886;75.141;75.815
27/09/2017;73.797;74.358;74.744;73.125;3910000;-0,007;0;-0,003116658;74.074;75.464;76.015
28/09/2017;73.567;73.808;74.011;73.277;3180000;-0,0031;0;0,009882148;75.139;75.773;76.209
29/09/2017;74.294;73.571;74.518;73.571;3220000;0,0099;1;0,000888362;75.905;76.144;76.359
02/10/2017;74.360;74.295;74.506;73.845;2590000;0,0009;1;0,032315761;76.657;76.473;76.434
03/10/2017;76.763;74.363;76.763;74.363;3930000;0,0323;1;-0,002240663;76.421;76.505;76.404
04/10/2017;76.591;76.763;77.004;76.422;3220000;-0,0022;0;0,000352522;76.133;76.548;76.410
05/10/2017;76.618;76.592;78.024;76.592;4240000;0,0004;1;-0,007348143;76.226;76.489;76.358
06/10/2017;76.055;76.618;76.618;75.603;3090000;-0,0073;0;-0,004312668;76.428;76.565;76.353
09/10/2017;75.727;76.055;76.067;75.181;2410000;-0,0043;0;0,015450236;76.849;76.645;76.287
10/10/2017;76.897;75.745;76.996;75.745;3600000;0,0155;1;-0,003082045;76.847;76.573;76.102
11/10/2017;76.660;76.910;76.985;76.323;3900000;-0,0031;0;0,004304722;76.694;76.394;75.899
13/10/2017;76.990;76.659;77.319;76.659;3300000;0,0043;1;-0,001272893;76.561;76.303;75.679
16/10/2017;76.892;76.985;77.382;76.565;3170000;-0,0013;0;-0,008986631;76.358;76.271;75.495
17/10/2017;76.201;76.892;76.892;76.046;2860000;-0,009;0;0,005118043;76.422;76.228;75.225
18/10/2017;76.591;76.211;76.730;76.012;3250000;0,0051;1;-0,00402136;76.029;76.140;75.065
19/10/2017;76.283;76.591;76.591;75.366;2590000;-0,004;0;0,001415781;76.051;75.928;74.826
20/10/2017;76.391;76.291;76.971;76.291;2730000;0,0014;1;-0,012802555;76.145;75.631;74.524
23/10/2017;75.413;76.398;76.498;75.315;2710000;-0,0128;0;0,012424913;76.306;75.404;74.314
24/10/2017;76.350;75.426;76.420;75.426;3140000;0,0124;1;0,004204322;76.181;75.056;73.920
25/10/2017;76.671;76.350;76.883;75.404;3050000;0,0042;1;-0,010108124;75.557;74.719;73.623
26/10/2017;75.896;76.671;77.061;75.813;2990000;-0,0101;0;0,001054074;75.028;74.221;73.447
27/10/2017;75.976;75.898;76.617;75.601;3540000;0,0011;1;-0,015478572;74.311;73.991;73.349
30/10/2017;74.800;75.973;75.973;74.305;3930000;-0,0155;0;-0,00657754;74.016;73.724;73.328
31/10/2017;74.308;74.798;75.142;74.145;3660000;-0,0066;0;-0,006513431;74.017;73.418;73.341
01/11/2017;73.824;74.310;75.199;73.823;3780000;-0,0065;0;0,001232661;73.547;73.225;73.365
03/11/2017;73.915;73.834;74.254;73.094;4520000;0,0012;1;0,005357505;73.696;72.784;73.375
06/11/2017;74.311;73.911;74.445;73.830;3400000;0,0054;1;-0,025514392;73.236;72.527;73.363
07/11/2017;72.415;74.306;74.306;72.386;5040000;-0,0255;0;0,026900504;73.153;72.673;73.383
08/11/2017;74.363;72.468;74.481;72.468;3510000;0,0269;1;-0,019256889;72.524;72.706;73.213
09/11/2017;72.931;74.363;74.363;72.795;3410000;-0,0193;0;-0,010489367;71.823;72.933;73.165
10/11/2017;72.166;72.932;73.019;71.920;3240000;-0,0105;0;0,004281795;71.938;73.265;73.231
13/11/2017;72.475;72.167;72.735;71.776;2870000;0,0043;1;-0,022738875;72.259;73.505;73.236
14/11/2017;70.827;72.442;72.838;70.825;4490000;-0,0227;0;0,023790362;73.515;73.967;73.410
16/11/2017;72.512;70.827;72.896;70.827;3440000;0,0238;1;0,012756509;74.184;74.199;73.409
17/11/2017;73.437;72.512;73.632;72.390;2830000;0,0128;1;0,015768618;74.534;74.094;73.358
21/11/2017;74.595;73.439;75.073;73.439;3650000;0,0158;1;-0,001018835;74.388;73.719;73.230
22/11/2017;74.519;74.611;75.019;74.242;3520000;-0,001;0;-0,000429421;74.234;73.397;73.180
23/11/2017;74.487;74.519;74.578;73.851;1600000;-0,0004;0;-0,004430303;74.119;73.197;73.067
24/11/2017;74.157;74.503;74.542;74.093;2590000;-0,0044;0;-0,001321521;73.633;72.967;72.944
27/11/2017;74.059;74.157;74.157;73.159;2900000;-0,0013;0;0,001093723;72.937;72.854;72.840
28/11/2017;74.140;74.060;74.989;74.056;3120000;0,0011;1;-0,019422714;72.312;72.618;72.767
29/11/2017;72.700;74.146;74.515;72.700;3750000;-0,0194;0;-0,01002751;72.442;72.623;72.766
30/11/2017;71.971;72.700;72.700;71.215;5510000;-0,01;0;0,004071084;72.633;72.741;72.865
01/12/2017;72.264;71.955;72.472;71.488;3100000;0,0041;1;0,011430311;72.968;72.962;73.070
04/12/2017;73.090;72.266;73.749;72.266;3130000;0,0114;1;-0,007442879;72.767;72.937;73.220
05/12/2017;72.546;73.090;74.166;72.319;3000000;-0,0074;0;0,009952306;72.829;72.921;73.446
06/12/2017;73.268;72.535;73.418;71.906;3200000;0,01;1;-0,010659497;72.673;72.826;73.646
07/12/2017;72.487;73.268;73.268;71.356;3360000;-0,0107;0;0,003379916;73.115;72.916;73.926
08/12/2017;72.732;72.489;73.425;72.489;3180000;0,0034;1;0,000934939;73.176;72.909;74.294
11/12/2017;72.800;72.775;73.361;72.498;2530000;0,0009;1;0,013928571;73.052;72.990;74.665
12/12/2017;73.814;72.800;73.814;71.798;3050000;0,0139;1;-0,012192809;72.650;73.178;75.011
13/12/2017;72.914;73.827;74.622;72.569;4630000;-0,0122;0;-0,006651672;72.717;73.503;75.450
14/12/2017;72.429;72.913;72.913;71.969;3600000;-0,0067;0;0,002471386;72.801;73.971;75.947
15/12/2017;72.608;72.428;73.069;72.277;4800000;0,0025;1;0,006982702;73.054;74.466;76.394
18/12/2017;73.115;72.621;73.519;72.621;3300000;0,007;1;-0,005949532;73.727;74.936;76.757
19/12/2017;72.680;73.122;73.139;72.347;2420000;-0,0059;0;0,009452394;74.562;75.680;77.235
20/12/2017;73.367;72.680;73.492;72.680;2290000;0,0095;1;0,024070768;75.343;76.341;77.662
21/12/2017;75.133;73.367;75.133;73.265;3150000;0,0241;1;0,000718725;75.656;76.843;77.992
22/12/2017;75.187;75.128;75.227;74.623;1970000;0,0007;1;0,006929389;76.061;77.398;78.324
26/12/2017;75.708;75.187;75.837;74.924;1630000;0,0069;1;0,004821155;76.789;77.923;78.715
27/12/2017;76.073;75.708;76.293;75.708;1850000;0,0048;1;0,004324793;77.429;78.321;79.064
28/12/2017;76.402;76.077;76.437;76.077;2150000;0,0043;1;0,019489019;78.178;78.578;79.408
02/01/2018;77.891;76.403;77.909;76.403;2970000;0,0195;1;0,001335199;78.571;78.789;79.679
03/01/2018;77.995;77.889;78.414;77.602;3240000;0,0013;1;0,00835951;79.032;78.982;79.870
04/01/2018;78.647;77.998;79.135;77.998;3590000;0,0084;1;0,005391178;79.105;79.140;80.230
05/01/2018;79.071;78.644;79.071;78.218;2830000;0,0054;1;0,003895233;78.815;79.249;80.691
08/01/2018;79.379;79.070;79.395;78.631;2630000;0,0039;1;-0,006487862;78.810;79.507;81.071
09/01/2018;78.864;79.379;79.415;78.699;3570000;-0,0065;0;-0,008406878;78.972;79.807;81.473
10/01/2018;78.201;78.864;78.864;78.164;2850000;-0,0084;0;0,01488472;79.489;80.239;81.952
11/01/2018;79.365;78.201;79.365;78.201;3510000;0,0149;1;-0,0002016;79.644;80.569;82.390
12/01/2018;79.349;79.365;79.440;78.861;3690000;-0,0002;0;0,005078829;80.258;80.758;82.725
15/01/2018;79.752;79.349;79.847;79.349;2000000;0,0051;1;0,00100311;80.661;81.320;82.876
16/01/2018;79.832;79.751;80.246;79.668;3070000;0,001;1;0,016998196;81.124;82.134;83.166
17/01/2018;81.189;79.832;81.189;79.828;3440000;0,017;1;-0,002783628;81.286;82.635;83.278
18/01/2018;80.963;81.185;81.367;80.498;3540000;-0,0028;0;0,003174289;81.191;83.138;83.319
19/01/2018;81.220;80.965;81.429;80.854;3220000;0,0032;1;0,005602068;82.011;83.665;83.296
22/01/2018;81.675;81.220;81.675;80.923;2780000;0,0056;1;-0,012206918;83.296;84.211;83.430
23/01/2018;80.678;81.676;81.676;80.524;3830000;-0,0122;0;0,037209648;84.636;84.691;83.688
24/01/2018;83.680;80.679;83.680;80.679;5670000;0,0372;1;0,022119981;84.904;84.432;83.748
26/01/2018;85.531;83.680;85.531;83.680;5580000;0,0221;1;-0,009739159;84.698;84.198;83.695
29/01/2018;84.698;85.531;85.531;84.341;4010000;-0,0097;0;-0,002550237;84.963;83.922;83.774
30/01/2018;84.482;84.697;84.697;83.804;3680000;-0,0026;0;0,005101678;84.816;83.501;83.887
31/01/2018;84.913;84.485;86.213;84.484;4360000;0,0051;1;0,006854074;83.799;82.927;84.013
01/02/2018;85.495;84.913;86.028;84.833;4210000;0,0069;1;-0,017006843;83.265;82.648;84.142
02/02/2018;84.041;85.495;85.495;83.831;3480000;-0,017;0;-0,02593972;82.841;82.684;84.400
05/02/2018;81.861;84.040;84.311;81.861;3350000;-0,0259;0;0,024834781;82.731;83.065;84.762
06/02/2018;83.894;81.857;84.162;80.804;5770000;0,0248;1;-0,013433619;81.733;83.193;84.866
07/02/2018;82.767;83.894;84.410;82.548;4010000;-0,0134;0;-0,014909324;81.992;83.627;85.053
08/02/2018;81.533;82.773;83.501;81.109;4140000;-0,0149;0;-0,007775993;82.911;84.272;85.355
09/02/2018;80.899;81.532;81.897;79.690;4420000;-0,0078;0;0,032682728;84.120;85.099;85.721
14/02/2018;83.543;80.901;83.782;80.901;4030000;0,0327;1;0,008953473;84.536;85.635;85.872
15/02/2018;84.291;83.551;84.686;83.551;3600000;0,009;1;0,002776097;85.041;86.115;85.957
16/02/2018;84.525;84.291;84.575;83.824;3580000;0,0028;1;0,00317066;85.550;86.459;85.990
19/02/2018;84.793;84.525;84.956;84.525;2150000;0,0032;1;0,011923154;86.181;86.540;86.102
20/02/2018;85.804;84.792;86.290;84.261;4200000;0,0119;1;0,002890308;86.677;86.479;86.181
21/02/2018;86.052;85.804;87.358;85.804;4960000;0,0029;1;0,007367638;87.211;86.437;86.204
22/02/2018;86.686;86.050;87.159;86.050;3650000;0,0074;1;0,007002284;87.294;86.342;86.159
23/02/2018;87.293;86.690;87.345;86.138;4310000;0,007;1;0,004124042;86.647;86.108;85.990
26/02/2018;87.653;87.296;88.318;87.242;4170000;0,0041;1;-0,008191391;85.889;85.798;85.792
27/02/2018;86.935;87.649;87.839;86.613;3640000;-0,0082;0;-0,018186001;85.498;85.520;85.577
28/02/2018;85.354;86.939;87.109;85.199;6130000;-0,0182;0;0,000281182;85.721;85.665;85.492
01/03/2018;85.378;85.337;86.260;84.640;4480000;0,0003;1;0,004485933;85.812;85.882;85.463
02/03/2018;85.761;85.378;85.761;83.897;4000000;0,0045;1;0,003055002;85.720;85.971;85.392
05/03/2018;86.023;85.761;86.165;85.053;3530000;0,0031;1;-0,004301175;85.374;85.975;85.274
06/03/2018;85.653;86.023;86.931;85.653;3720000;-0,0043;0;-0,001973077;85.613;85.872;85.234
07/03/2018;85.484;85.653;85.653;84.397;3560000;-0,002;0;-0,00583735;86.085;85.786;85.114
08/03/2018;84.985;85.510;85.830;84.491;3810000;-0,0058;0;0,01630876;86.552;85.633;85.035
09/03/2018;86.371;84.987;86.389;84.749;3590000;0,0163;1;0,006124741;86.445;85.318;84.963
12/03/2018;86.900;86.386;87.046;86.386;2680000;0,0061;1;-0,00593786;85.788;85.043;84.804
13/03/2018;86.384;86.902;87.333;86.119;2820000;-0,0059;0;-0,003854881;85.288;84.812;84.678
14/03/2018;86.051;86.383;86.970;85.691;2640000;-0,0039;0;-0,0130504;84.576;84.573;84.557
15/03/2018;84.928;86.051;86.051;84.720;3960000;-0,0131;0;-0,000494537;84.321;84.596;84.577
16/03/2018;84.886;84.928;85.495;84.525;5610000;-0,0005;0;-0,011462432;84.351;84.442;84.572
19/03/2018;83.913;84.886;84.886;83.678;3430000;-0,0115;0;0,002991193;84.636;84.437;84.529
20/03/2018;84.164;83.919;84.412;83.682;2760000;0,003;1;0,009659712;84.707;84.608;84.554
21/03/2018;84.977;84.166;85.145;84.080;3360000;0,0097;1;-0,002459489;84.744;84.564;84.573
22/03/2018;84.768;84.984;85.499;84.197;3340000;-0,0025;0;-0,00461259;84.424;84.543;84.621
23/03/2018;84.377;84.766;85.450;84.042;3280000;-0,0046;0;0,008426467;84.257;84.541;84.618
26/03/2018;85.088;84.377;85.553;84.357;2430000;0,0084;1;-0,015043249;84.349;84.558;84.459
27/03/2018;83.808;85.103;85.296;83.542;3040000;-0,015;0;0,000787514;84.635;84.703;84.479
28/03/2018;83.874;83.806;83.889;82.889;3000000;0,0008;1;0,017788588;84.885;84.622;84.615
29/03/2018;85.366;83.874;85.708;83.874;3250000;0,0178;1;-0,008199986;84.550;84.499;84.648
02/04/2018;84.666;85.365;85.675;84.166;2680000;-0,0082;0;-0,000507878;84.731;84.582;84.711
03/04/2018;84.623;84.669;85.411;84.210;2660000;-0,0005;0;-0,003107902;84.797;84.700;84.781
04/04/2018;84.360;84.610;84.610;82.826;3040000;-0,0031;0;0,010075865;84.446;84.696;84.860
05/04/2018;85.210;84.374;86.148;84.374;4390000;0,0101;1;-0,004576928;84.212;84.360;84.848
06/04/2018;84.820;85.210;85.210;83.833;3160000;-0,0046;0;-0,017837774;84.354;84.256;84.960
09/04/2018;83.307;84.832;85.110;83.155;3270000;-0,0178;0;0,014440563;85.067;84.608;85.184
10/04/2018;84.510;83.312;84.538;83.312;3630000;0,0144;1;0,008709029;85.008;84.796;85.299
11/04/2018;85.246;84.494;85.417;84.340;3470000;0,0087;1;0,00232269;84.213;84.839;85.249
12/04/2018;85.444;85.246;85.577;85.025;2920000;0,0023;1;-0,012990965;83.761;84.862;85.095
13/04/2018;84.334;85.441;85.441;84.144;3610000;-0,013;0;-0,017454407;84.241;85.024;85.008
16/04/2018;82.862;84.328;84.591;82.762;3000000;-0,0175;0;0,014771548;85.229;85.336;84.997
17/04/2018;84.086;82.862;84.191;82.810;2710000;0,0148;1;0,020098471;85.717;85.664;84.917
18/04/2018;85.776;84.090;86.149;84.090;4330000;0,0201;1;0,000559597;85.659;85.760;84.809
19/04/2018;85.824;85.775;86.059;85.197;3630000;0,0006;1;-0,00319258;85.540;85.801;84.811
20/04/2018;85.550;85.823;85.823;85.025;3080000;-0,0032;0;0,000607832;85.372;85.658;84.788
23/04/2018;85.602;85.520;85.746;84.711;2500000;0,0006;1;-0,001553702;85.632;85.327;84.761
24/04/2018;85.469;85.603;86.578;85.106;2930000;-0,0016;0;-0,004972563;85.957;84.991;84.737
25/04/2018;85.044;85.466;85.466;84.349;3320000;-0,005;0;0,015744791;86.314;84.659;84.844
26/04/2018;86.383;85.051;86.383;85.051;3230000;0,0157;1;0,000717734;85.702;84.169;84.646
27/04/2018;86.445;86.383;87.179;86.262;3140000;0,0007;1;-0,003817456;84.650;83.858;84.406
30/04/2018;86.115;86.443;86.739;85.979;2250000;-0,0038;0;-0,01820821;83.651;83.821;84.099
02/05/2018;84.547;86.111;86.111;84.383;3840000;-0,0182;0;-0,014891126;83.040;83.917;83.970
03/05/2018;83.288;84.547;84.562;83.178;4100000;-0,0149;0;-0,00204111;82.929;84.195;83.797
04/05/2018;83.118;83.286;83.671;82.746;3580000;-0,002;0;-0,00486056;83.312;84.483;83.583
07/05/2018;82.714;83.122;83.643;82.602;2930000;-0,0049;0;0,002925744;84.361;85.029;83.310
08/05/2018;82.956;82.715;83.409;82.201;4070000;0,0029;1;0,015779449;85.115;85.124;82.768
09/05/2018;84.265;82.977;84.447;82.855;4840000;0,0158;1;0,018940248;85.438;84.955;82.182
10/05/2018;85.861;84.284;86.201;84.284;4750000;0,0189;1;-0,007465555;85.194;84.377;81.532
11/05/2018;85.220;85.861;86.406;85.183;4520000;-0,0075;0;0,000140812;85.633;84.022;80.962
14/05/2018;85.232;85.222;86.105;84.688;4210000;0,0001;1;-0,001196734;85.096;83.399;80.488
15/05/2018;85.130;85.225;85.231;83.830;4540000;-0,0012;0;0,016527664;84.414;82.683;79.882
16/05/2018;86.537;85.122;86.678;85.044;3820000;0,0165;1;-0,033685013;82.840;81.592;79.137
17/05/2018;83.622;86.537;86.537;83.377;5680000;-0,0337;0;-0,006457631;82.545;80.411;78.439
18/05/2018;83.082;83.614;83.614;81.391;5910000;-0,0065;0;-0,015249994;81.807;79.410;77.715
21/05/2018;81.815;83.095;83.883;81.576;4370000;-0,0152;0;0,011293773;81.243;78.687;77.036
22/05/2018;82.739;81.817;83.396;81.613;4930000;0,0113;1;-0,022625364;79.962;77.901;76.323
23/05/2018;80.867;82.742;82.742;80.867;4000000;-0,0226;0;-0,009212658;78.125;77.577;75.698
24/05/2018;80.122;80.860;80.860;79.027;6370000;-0,0092;0;-0,015276703;76.775;77.080;75.077
25/05/2018;78.898;80.123;80.629;78.622;4810000;-0,0153;0;-0,044893407;76.061;76.682;74.495
28/05/2018;75.356;78.886;78.886;75.337;4310000;-0,0449;0;0,009501566;76.689;76.467;74.099
29/05/2018;76.072;75.361;77.214;75.361;6160000;0,0095;1;0,008965191;77.530;76.020;73.765
30/05/2018;76.754;76.058;77.097;75.515;7670000;0,009;1;0,006331918;77.493;75.385;73.435
01/06/2018;77.240;76.779;78.169;75.524;6230000;0,0063;1;0,017555671;77.118;74.744;72.923
04/06/2018;78.596;77.244;78.637;77.244;4150000;0,0176;1;-0,024861316;75.537;73.819;72.355
05/06/2018;76.642;78.595;78.892;76.412;4640000;-0,0249;0;-0,00685003;74.303;73.074;71.948
06/06/2018;76.117;76.641;76.967;75.518;5020000;-0,0069;0;-0,029769959;73.034;72.308;71.612
07/06/2018;73.851;76.117;76.117;71.162;8170000;-0,0298;0;-0,012308567;72.668;71.731;71.380
08/06/2018;72.942;73.848;74.031;71.679;6140000;-0,0123;0;-0,008691837;72.395;71.510;71.296
11/06/2018;72.308;72.943;73.716;71.843;3670000;-0,0087;0;0,006168059;72.099;71.484;71.329
12/06/2018;72.754;72.308;73.322;72.124;4010000;0,0062;1;-0,008686808;71.434;71.101;71.335
13/06/2018;72.122;72.757;72.977;71.035;4500000;-0,0087;0;-0,009719642;70.665;70.890;71.445
14/06/2018;71.421;72.151;72.708;71.344;4410000;-0,0097;0;-0,009282984;70.656;70.823;71.682
15/06/2018;70.758;71.421;71.421;69.583;6660000;-0,0093;0;-0,013327115;71.111;70.915;71.954
18/06/2018;69.815;70.757;70.757;69.360;3580000;-0,0133;0;0,022616916;71.197;71.029;72.325
19/06/2018;71.394;69.811;72.010;69.069;5350000;0,0226;1;0,010210942;70.946;71.082;72.572
20/06/2018;72.123;71.397;72.617;71.155;4550000;0,0102;1;-0,028395935;70.556;71.173;72.735
21/06/2018;70.075;72.117;72.207;70.019;3600000;-0,0284;0;0,00807706;71.000;71.568;73.148
22/06/2018;70.641;70.077;71.058;69.907;3150000;0,0081;1;0,004416699;70.989;72.001;73.573
25/06/2018;70.953;70.642;71.323;69.779;3450000;0,0044;1;0,006370414;71.260;72.542;73.980
26/06/2018;71.405;70.968;71.622;70.203;3610000;0,0064;1;-0,011147679;71.713;72.992;74.461
27/06/2018;70.609;71.405;72.032;70.134;3700000;-0,0111;0;0,016400176;72.457;73.621;74.943
28/06/2018;71.767;70.609;72.092;70.439;3620000;0,0164;1;0,013878245;73.090;74.063;75.352
29/06/2018;72.763;71.779;73.020;71.779;4000000;0,0139;1;0,00105823;73.750;74.296;75.766
02/07/2018;72.840;72.763;72.840;71.935;2840000;0,0011;1;0,011367381;74.321;74.727;76.135
03/07/2018;73.668;72.848;74.515;72.848;3350000;0,0114;1;0,014592496;74.769;75.145;76.527
04/07/2018;74.743;73.667;74.904;73.450;2210000;0,0146;1;-0,002542044;74.808;75.418;76.918
05/07/2018;74.553;74.751;75.127;73.756;3670000;-0,0025;0;0,006129867;74.757;75.929;77.264
06/07/2018;75.010;74.558;75.065;74.048;2730000;0,0061;1;-0,00197307;75.039;76.265;77.611
10/07/2018;74.862;75.015;75.895;74.431;4020000;-0,002;0;-0,006184713;75.616;76.640;77.998
11/07/2018;74.399;74.862;75.025;74.196;3880000;-0,0062;0;0,019583597;76.368;77.236;78.342
12/07/2018;75.856;74.403;75.898;74.403;3620000;0,0196;1;0,00972896;77.126;77.542;78.588
13/07/2018;76.594;75.856;76.682;75.554;3420000;0,0097;1;0,000770295;77.382;77.908;78.806
16/07/2018;76.653;76.587;76.924;76.129;3230000;0,0008;1;0,019268652;77.660;78.417;79.147
17/07/2018;78.130;76.653;78.522;76.482;4000000;0,0193;1;-0,009816972;77.807;78.599;79.356
18/07/2018;77.363;78.124;78.496;77.164;3500000;-0,0098;0;0,001602833;78.018;78.957;79.569
19/07/2018;77.487;77.360;77.487;75.890;3900000;0,0016;1;0,013989443;78.574;79.355;79.688
20/07/2018;78.571;77.500;79.489;77.500;4890000;0,014;1;-0,007318222;79.123;79.448;79.702
23/07/2018;77.996;78.571;78.639;77.871;2520000;-0,0073;0;0,014859736;79.593;79.635;79.596
24/07/2018;79.155;78.005;79.497;78.005;3380000;0,0149;1;0,013429347;79.830;79.703;79.478
25/07/2018;80.218;79.154;80.437;79.154;3580000;0,0134;1;-0,010134882;79.849;79.877;79.362
26/07/2018;79.405;80.242;80.589;79.081;3710000;-0,0101;0;0,00580568;79.787;80.112;79.196
27/07/2018;79.866;79.405;80.251;79.405;3110000;0,0058;1;0,005133599;79.599;80.181;78.978
30/07/2018;80.276;79.866;80.492;79.699;2710000;0,0051;1;-0,013154617;79.386;80.021;78.675
31/07/2018;79.220;80.279;80.279;79.016;3460000;-0,0132;0;0,001035092;80.125;79.956;78.468
01/08/2018;79.302;79.213;79.731;78.769;3330000;0,001;1;0,004224358;80.708;79.558;78.174
02/08/2018;79.637;79.237;79.896;78.573;3100000;0,0042;1;0,022577445;80.944;79.252;77.979
03/08/2018;81.435;79.656;81.792;79.656;3920000;0,0226;1;-0,004715417;80.183;78.847;77.564
06/08/2018;81.051;81.445;81.765;80.965;2590000;-0,0047;0;-0,008685889;79.422;78.280;77.222
07/08/2018;80.347;81.093;81.742;79.923;3980000;-0,0087;0;-0,014872988;78.145;77.776;77.050
08/08/2018;79.152;80.347;80.912;78.966;3950000;-0,0149;0;-0,004851425;77.593;77.329;76.930
09/08/2018;78.768;79.171;79.461;78.156;3830000;-0,0049;0;-0,028615681;77.537;76.981;76.903
10/08/2018;76.514;78.766;78.766;76.043;4830000;-0,0286;0;0,012834253;77.725;76.790;76.895
13/08/2018;77.496;76.513;77.689;75.931;4080000;0,0128;1;0,014271704;77.500;76.705;76.836
14/08/2018;78.602;77.499;78.742;77.499;3830000;0,0143;1;-0,01938882;76.642;76.281;76.664
15/08/2018;77.078;78.614;78.618;76.829;4520000;-0,0194;0;-0,003360232;76.392;76.165;76.495
16/08/2018;76.819;77.085;77.704;76.381;3390000;-0,0034;0;-0,010296932;75.845;76.323;76.372
17/08/2018;76.028;76.817;76.817;75.633;3860000;-0,0103;0;0,003945915;76.137;76.530;76.400
20/08/2018;76.328;76.029;76.497;75.608;3690000;0,0039;1;-0,015040352;75.905;76.824;76.407
21/08/2018;75.180;76.327;76.340;74.915;4200000;-0,015;0;0,022905028;76.266;76.999;76.370
22/08/2018;76.902;75.171;76.904;74.876;3720000;0,0229;1;-0,016488518;76.609;76.967;76.243
23/08/2018;75.634;76.898;77.232;75.466;3990000;-0,0165;0;0,008303144;77.222;77.047;76.175
24/08/2018;76.262;75.647;76.629;75.647;3260000;0,0083;1;0,021871968;77.931;76.826;76.116
27/08/2018;77.930;76.264;78.008;76.264;2840000;0,0219;1;-0,005864237;77.422;76.420;76.034
28/08/2018;77.473;77.928;78.038;77.149;3060000;-0,0059;0;0,011823474;77.157;76.269;76.094
29/08/2018;78.389;77.472;78.783;77.399;3220000;0,0118;1;-0,02532243;76.425;75.990;76.079
30/08/2018;76.404;78.389;78.389;76.372;1730000;-0,0253;0;0,0035862;75.861;75.741;76.201
31/08/2018;76.678;76.386;77.202;76.026;4270000;0,0036;1;-0,006325152;75.332;75.519;76.399
03/09/2018;76.193;76.675;76.675;75.729;1730000;-0,0063;0;-0,019437481;75.407;75.304;76.526
04/09/2018;74.712;76.192;76.192;74.605;3260000;-0,0194;0;0,005086198;75.981;75.406;76.806
05/09/2018;75.092;74.712;75.370;74.276;2920000;0,0051;1;0,017631705;75.836;75.648;77.061
06/09/2018;76.416;75.098;76.533;74.986;3400000;0,0176;1;0,000261725;75.406;75.920;77.317
10/09/2018;76.436;76.416;77.293;76.115;3200000;0,0003;1;-0,023274373;74.823;76.167;77.524
11/09/2018;74.657;76.437;76.437;74.275;3510000;-0,0233;0;0,006268669;75.080;76.661;77.808
12/09/2018;75.125;74.680;75.680;74.499;3820000;0,0063;1;-0,005830283;75.635;77.278;78.271
13/09/2018;74.687;75.126;75.407;74.501;3160000;-0,0058;0;0,009934795;76.844;77.749;78.884
14/09/2018;75.429;74.687;75.705;74.445;3330000;0,0099;1;0,018030201;77.757;78.207;79.422
17/09/2018;76.789;75.428;76.893;75.227;3500000;0,018;1;0,019859615;78.200;78.473;79.817
18/09/2018;78.314;76.781;78.454;76.677;4300000;0,0199;1;-0,001851521;78.576;78.714;80.372
19/09/2018;78.169;78.268;79.021;77.624;3900000;-0,0019;0;-0,000678018;78.515;78.882;80.938
20/09/2018;78.116;78.169;78.944;77.820;3230000;-0,0007;0;0,017000358;78.686;78.954;81.335
21/09/2018;79.444;78.116;80.002;78.116;4810000;0,017;1;-0,018377725;78.423;79.264;81.583
24/09/2018;77.984;79.447;79.447;77.857;2910000;-0,0184;0;0,008283751;79.095;80.020;81.967
25/09/2018;78.630;77.980;78.688;77.005;3810000;0,0083;1;0,000330663;79.333;80.637;82.474
26/09/2018;78.656;78.634;79.461;78.530;3850000;0,0003;1;0,017087063;79.322;81.161;82.981
27/09/2018;80.000;78.676;80.107;78.676;4610000;0,0171;1;-0,008225;79.859;82.030;83.256
28/09/2018;79.342;80.000;80.000;78.967;4190000;-0,0082;0;-0,009049432;81.170;82.994;83.605
01/10/2018;78.624;79.350;79.557;78.091;3230000;-0,009;0;0,038003663;82.613;83.716;84.103
02/10/2018;81.612;78.625;81.778;78.625;6130000;0,038;1;0,020352399;82.849;83.903;84.366
03/10/2018;83.273;81.624;85.442;81.623;7850000;0,0204;1;-0,003842782;83.786;83.915;84.351
04/10/2018;82.953;83.275;83.430;81.892;5090000;-0,0038;0;-0,007606717;84.831;84.310;84.432
05/10/2018;82.322;82.972;83.805;82.030;5560000;-0,0076;0;0,045698598;85.284;84.802;84.675
08/10/2018;86.084;82.324;87.333;82.324;10310000;0,0457;1;4,64662E-05;84.229;84.482;84.511
09/10/2018;86.088;86.053;86.573;85.433;6660000;0;0;-0,027982994;83.320;84.216;84.568
10/10/2018;83.679;86.084;86.085;83.679;5380000;-0,028;0;-0,009058426;84.000;84.490;84.836
11/10/2018;82.921;83.700;84.749;82.607;5350000;-0,0091;0;0,005294196;84.947;84.829;85.229
15/10/2018;83.360;82.922;84.278;82.922;4930000;0,0053;1;0,028286948;85.110;84.787;85.674
16/10/2018;85.718;83.420;85.718;83.420;4960000;0,0283;1;0,000536643;84.610;84.554;85.885
17/10/2018;85.764;85.714;86.167;84.944;5010000;0,0005;1;-0,022352036;84.555;84.547;86.024
18/10/2018;83.847;85.760;85.760;83.846;4210000;-0,0224;0;0,004448579;85.039;84.540;86.151
19/10/2018;84.220;83.845;84.954;83.667;3870000;0,0044;1;0,016350036;84.654;84.921;86.252
22/10/2018;85.597;84.222;85.772;84.222;3990000;0,0164;1;-0,003469748;84.149;85.182;86.247
23/10/2018;85.300;85.595;85.595;84.032;4520000;-0,0035;0;-0,026213365;84.289;85.628;86.220
24/10/2018;83.064;85.302;85.786;83.035;4820000;-0,0262;0;0,012279688;84.534;86.561;86.427
25/10/2018;84.084;83.124;84.831;83.124;5530000;0,0123;1;0,019456734;85.468;87.216;86.744
26/10/2018;85.720;84.084;85.720;83.497;6670000;0,0195;1;-0,022433504;86.036;87.501;86.900
29/10/2018;83.797;85.728;88.377;82.783;7970000;-0,0224;0;0,036862895;87.576;87.761;87.148
30/10/2018;86.886;83.802;86.990;83.802;6760000;0,0369;1;0,006192022;88.480;87.584;87.190
31/10/2018;87.424;86.889;88.028;86.213;6070000;0,0062;1;0,011381314;88.895;87.312;87.105
01/11/2018;88.419;87.428;89.017;87.094;6060000;0,0114;1;0,013334238;88.660;86.812;86.900
05/11/2018;89.598;88.418;89.598;88.347;4760000;0,0133;1;-0,010368535;87.334;86.294;86.778
06/11/2018;88.669;89.587;89.587;88.066;4500000;-0,0104;0;-0,010770393;86.325;86.272;86.819
07/11/2018;87.714;88.676;89.565;87.541;4510000;-0,0108;0;-0,023873042;85.595;86.298;86.962
08/11/2018;85.620;87.719;88.570;85.620;5460000;-0,0239;0;0,00024527;85.360;86.534;87.239
09/11/2018;85.641;85.620;86.233;84.030;4960000;0,0002;1;-0,001354491;85.471;86.796;87.538
12/11/2018;85.525;85.644;86.227;85.009;3640000;-0,0014;0;-0,00714411;86.467;86.897;87.759
13/11/2018;84.914;85.531;85.941;84.071;4550000;-0,0071;0;0,012471442;87.463;86.987;88.054
14/11/2018;85.973;84.898;85.973;84.267;5760000;0,0125;1;0,029567422;87.895;87.261;88.259
16/11/2018;88.515;85.975;88.516;85.975;5340000;0,0296;1;-0,006936677;87.549;87.367;88.230
19/11/2018;87.901;88.472;88.484;87.047;3750000;-0,0069;0;-0,007189907;86.992;87.625;88.089
21/11/2018;87.269;87.896;87.896;86.254;4270000;-0,0072;0;0,002383435;86.418;87.944;88.028
22/11/2018;87.477;87.269;87.656;87.222;2310000;0,0024;1;-0,014255176;86.556;88.279;87.992
23/11/2018;86.230;87.479;87.479;85.763;4280000;-0,0143;0;-0,007920677;87.563;88.621;88.107
26/11/2018;85.547;86.237;87.147;84.905;4700000;-0,0079;0;0,027400143;88.951;89.120;88.243
27/11/2018;87.891;85.547;88.018;85.377;5120000;0,0274;1;0,015473712;89.488;89.256;88.136
28/11/2018;89.251;87.891;89.483;87.153;5460000;0,0155;1;0,0051428;89.678;89.094;87.948
29/11/2018;89.710;89.249;89.910;88.475;4390000;0,0051;1;-0,002296288;89.316;88.552;87.660
30/11/2018;89.504;89.709;90.246;89.258;6950000;-0,0023;0;0,003530568;89.161;88.111;87.357
03/12/2018;89.820;89.511;91.242;89.429;6120000;0,0035;1;-0,01331552;88.837;87.705;87.063
04/12/2018;88.624;89.820;90.452;88.041;5030000;-0,0133;0;0,004693988;88.667;87.593;86.813
05/12/2018;89.040;88.644;89.111;88.449;2880000;0,0047;1;-0,002178796;87.625;87.366;86.558
06/12/2018;88.846;88.933;88.933;87.025;4510000;-0,0022;0;-0,00822772;86.817;87.016;86.489
07/12/2018;88.115;88.849;89.986;87.907;4620000;-0,0082;0;-0,024967372;86.437;86.801;86.696
10/12/2018;85.915;88.115;88.384;85.915;4210000;-0,025;0;0,005877903;87.078;86.767;87.100
11/12/2018;86.420;85.918;87.520;85.583;4530000;0,0059;1;0,006445267;87.422;86.603;87.487
12/12/2018;86.977;86.420;87.946;86.420;5160000;0,0064;1;0,009899169;87.229;86.420;87.824
13/12/2018;87.838;86.979;87.842;86.856;3770000;0,0099;1;-0,004417223;86.820;86.034;88.124
14/12/2018;87.450;87.838;88.184;87.106;3660000;-0,0044;0;-0,012006861;86.228;85.749;88.564
17/12/2018;86.400;87.448;87.820;86.328;3970000;-0,012;0;0,002430556;85.851;85.962;89.093
18/12/2018;86.610;86.400;87.274;86.400;4220000;0,0024;1;-0,010807066;85.547;86.591;89.596
19/12/2018;85.674;86.617;88.101;85.674;5840000;-0,0108;0;-0,004727222;85.367;87.432;90.225
20/12/2018;85.269;85.678;86.584;84.756;6290000;-0,0047;0;0,005019409;85.431;88.371;90.853
21/12/2018;85.697;85.269;86.554;85.134;6260000;0,005;1;-0,00654632;86.161;89.228;91.474
26/12/2018;85.136;85.684;85.684;83.892;3460000;-0,0065;0;0,003805676;88.120;90.214;92.203
27/12/2018;85.460;85.141;85.739;84.876;3940000;0,0038;1;0,028399251;90.154;91.378;92.963
28/12/2018;87.887;85.469;88.044;85.469;3760000;0,0284;1;0,035557022;91.472;92.224;93.543
02/01/2019;91.012;87.887;91.479;87.536;5790000;0,0356;1;0,006065134;91.701;92.602;93.836
03/01/2019;91.564;91.011;91.596;89.922;6250000;0,0061;1;0,003025206;91.857;93.018;94.192
04/01/2019;91.841;91.577;92.701;90.824;5490000;0,003;1;-0,00154615;92.448;93.334;94.609
07/01/2019;91.699;91.845;92.552;91.288;4710000;-0,0015;0;0,003631446;93.150;93.719;94.877
08/01/2019;92.032;91.699;92.231;91.064;4640000;0,0036;1;0,017178807;93.692;94.193;95.134
09/01/2019;93.613;92.033;93.626;92.028;5170000;0,0172;1;0,002061679;93.979;94.548;95.376
10/01/2019;93.806;93.599;93.987;93.050;4990000;0,0021;1;-0,001577724;94.063;94.863;95.632
11/01/2019;93.658;93.806;93.961;93.359;5500000;-0,0016;0;0,00871255;94.308;95.069;95.932
14/01/2019;94.474;93.645;94.474;93.335;4630000;0,0087;1;-0,004424498;94.600;95.367;96.226
15/01/2019;94.056;94.474;94.695;93.402;5010000;-0,0044;0;0,003582972;95.280;95.884;96.530
16/01/2019;94.393;94.057;94.393;93.687;4390000;0,0036;1;0,010149058;95.819;96.034;96.548
17/01/2019;95.351;94.393;95.682;93.950;5100000;0,0101;1;0,007823725;95.737;96.075;96.480
18/01/2019;96.097;95.386;96.396;95.386;5040000;0,0078;1;-0,000905335;95.890;96.204;96.426
21/01/2019;96.010;96.093;96.093;94.863;2800000;-0,0009;0;-0,009446933;96.446;96.402;96.312
22/01/2019;95.103;96.008;96.070;94.662;4390000;-0,0094;0;0,015299202;96.560;96.796;96.388
23/01/2019;96.558;95.116;96.576;95.116;5200000;0,0153;1;0,01158889;96.253;97.086;96.337
24/01/2019;97.677;96.558;97.677;96.558;5170000;0,0116;1;-0,022861062;96.026;97.176;96.361
28/01/2019;95.444;97.674;97.937;94.783;7410000;-0,0229;0;0,002043083;96.676;97.061;96.510
29/01/2019;95.639;95.508;96.751;95.508;5420000;0,002;1;0,014188772;97.417;96.885;96.572
30/01/2019;96.996;95.643;97.107;95.643;6360000;0,0142;1;0,004103262;97.948;96.649;96.620
31/01/2019;97.394;96.996;98.405;96.996;6160000;0,0041;1;0,004794957;98.254;96.223;96.559
01/02/2019;97.861;97.395;98.044;96.990;4430000;0,0048;1;0,007439123;97.179;95.981;96.493
04/02/2019;98.589;97.861;98.589;96.901;4410000;0,0074;1;-0,002819787;95.784;95.588;96.442
05/02/2019;98.311;98.587;98.587;97.596;4920000;-0,0028;0;-0,037381371;94.795;95.546;96.366
06/02/2019;94.636;98.308;98.308;94.636;5630000;-0,0374;0;-0,002430365;94.721;95.959;96.578
07/02/2019;94.406;94.654;95.642;93.507;5790000;-0,0024;0;0,009925217;95.308;96.260;96.785
08/02/2019;95.343;94.401;95.486;93.424;5470000;0,0099;1;-0,009754256;95.474;96.590;96.802
11/02/2019;94.413;95.351;95.499;93.737;3880000;-0,0098;0;0,018588542;96.675;96.895;96.816
12/02/2019;96.168;94.420;96.571;94.420;5070000;0,0186;1;-0,003389901;97.128;97.004;96.676
13/02/2019;95.842;96.169;96.804;95.389;5990000;-0,0034;0;0,022672732;97.350;97.296;96.569
14/02/2019;98.015;95.843;98.019;94.915;5380000;0,0227;1;-0,004989032;97.232;97.185;96.380
15/02/2019;97.526;98.015;98.238;97.083;4730000;-0,005;0;-0,010417735;96.905;97.196;96.416
18/02/2019;96.510;97.527;97.527;96.239;2920000;-0,0104;0;0,011905502;97.045;97.310;96.510
19/02/2019;97.659;96.513;98.185;96.513;4980000;0,0119;1;-0,011407039;97.121;97.014;96.599
20/02/2019;96.545;97.661;98.544;96.545;6090000;-0,0114;0;0,004008493;97.353;96.736;96.746
21/02/2019;96.932;96.546;97.231;95.793;5990000;0,004;1;0,009841951;97.576;96.349;96.903
22/02/2019;97.886;96.929;97.887;96.929;4560000;0,0098;1;-0,006599514;97.383;95.842;97.054
25/02/2019;97.240;97.881;98.190;97.087;4490000;-0,0066;0;0,003722748;96.831;95.574;97.222
26/02/2019;97.602;97.242;97.904;97.235;3660000;0,0037;1;-0,003022479;95.832;95.635;97.253
27/02/2019;97.307;97.602;97.782;96.886;3990000;-0,003;0;-0,017706845;94.802;95.709;97.212
28/02/2019;95.584;97.307;97.528;95.364;5530000;-0,0177;0;-0,010252762;94.387;96.184;97.080
01/03/2019;94.604;95.584;96.113;94.394;4180000;-0,0103;0;-0,004090736;94.641;96.755;97.012
06/03/2019;94.217;94.604;94.889;93.945;2800000;-0,0041;0;0,001305497;95.911;97.458;97.090
07/03/2019;94.340;94.216;94.532;93.729;4230000;0,0013;1;0,010864957;97.073;98.266;96.916
08/03/2019;95.365;94.340;95.476;93.305;4180000;0,0109;1;0,027913805;98.253;98.869;96.846
11/03/2019;98.027;95.384;98.027;95.384;4380000;0,0279;1;-0,002030053;98.446;98.871;96.660
12/03/2019;97.828;98.038;98.150;97.267;3950000;-0,002;0;0,010998896;98.882;98.714;96.533
13/03/2019;98.904;97.831;99.267;97.464;4960000;0,011;1;-0,003023134;99.245;97.976;96.282
14/03/2019;98.605;98.905;99.036;97.776;3700000;-0,003;0;0,005395264;99.573;97.269;95.988
15/03/2019;99.137;98.605;99.393;98.597;5300000;0,0054;1;0,008644603;99.208;96.722;95.786
18/03/2019;99.994;99.141;100.038;99.141;4330000;0,0086;1;-0,004060244;98.119;95.566;95.580
19/03/2019;99.588;99.991;100.439;99.373;5390000;-0,0041;0;-0,015534;96.168;94.824;95.422
20/03/2019;98.041;99.588;99.708;97.981;4780000;-0,0155;0;-0,013382156;94.709;94.449;95.297
21/03/2019;96.729;98.041;98.046;95.456;5490000;-0,0134;0;-0,030952455;94.235;94.352;95.241
22/03/2019;93.735;96.725;96.725;93.380;6190000;-0,031;0;-0,000778791;93.624;94.588;95.314
25/03/2019;93.662;93.735;94.384;93.103;4650000;-0,0008;0;0,017563153;93.866;94.707;95.258
26/03/2019;95.307;93.668;95.525;93.668;4800000;0,0176;1;-0,035716159;93.902;94.850;95.099
27/03/2019;91.903;95.297;95.297;91.903;5900000;-0,0357;0;0,02705026;95.286;95.594;95.273
28/03/2019;94.389;91.901;94.854;91.584;5350000;0,0271;1;0,010869911;95.619;96.020;95.194
29/03/2019;95.415;94.402;95.863;94.402;4820000;0,0109;1;0,00669706;95.311;96.145;95.134
01/04/2019;96.054;95.423;96.752;95.423;3870000;0,0067;1;-0,006944011;95.397;96.130;95.029
02/04/2019;95.387;96.062;96.690;94.825;3830000;-0,0069;0;-0,009393314;95.971;96.040;95.068
03/04/2019;94.491;95.392;96.442;94.124;4440000;-0,0094;0;0,01928226;96.930;95.809;95.107
04/04/2019;96.313;94.503;96.394;94.334;4210000;0,0193;1;0,008254337;96.923;95.348;95.124
05/04/2019;97.108;96.319;97.493;96.152;3800000;0,0083;1;0,002687729;96.538;94.951;95.062
08/04/2019;97.369;97.110;97.610;96.743;3540000;0,0027;1;-0,011061015;95.667;94.368;94.978
09/04/2019;96.292;97.366;97.366;95.488;3850000;-0,0111;0;-0,003520542;94.528;94.123;94.982
10/04/2019;95.953;96.292;96.902;95.670;4720000;-0,0035;0;-0,012485279;93.571;93.928;94.952
11/04/2019;94.755;95.954;95.954;94.173;3640000;-0,0125;0;-0,019840642;93.430;94.095;95.041
12/04/2019;92.875;94.747;94.768;92.516;6930000;-0,0198;0;0,002239569;93.567;94.405;95.194
15/04/2019;93.083;92.875;93.723;92.697;4770000;0,0022;1;0,013428875;94.065;94.901;95.287
16/04/2019;94.333;93.082;95.062;92.879;4720000;0,0134;1;-0,01110958;94.150;95.172;95.377
17/04/2019;93.285;94.337;95.042;92.338;6660000;-0,0111;0;0,013860749;95.030;95.587;95.486
18/04/2019;94.578;93.285;95.140;93.285;5090000;0,0139;1;0,000105733;95.185;95.841;95.463
22/04/2019;94.588;94.578;95.038;93.720;3270000;0,0001;1;0,014113841;95.840;95.975;95.259
23/04/2019;95.923;94.590;96.315;94.590;4440000;0,0141;1;-0,009153175;95.944;95.987;94.985
24/04/2019;95.045;95.923;95.923;94.163;4800000;-0,0092;0;0,015855647;96.325;95.982;94.741
25/04/2019;96.552;95.027;96.552;94.213;5030000;0,0159;1;-0,003272848;96.259;95.673;94.274
26/04/2019;96.236;96.552;96.563;95.620;3880000;-0,0033;0;-0,000498774;96.023;95.582;93.828
29/04/2019;96.188;96.254;97.123;96.004;3330000;-0,0005;0;0,001715391;95.963;95.385;93.525
30/04/2019;96.353;96.191;96.707;95.613;4360000;0,0017;1;-0,008562266;95.515;95.085;93.392
02/05/2019;95.528;96.339;96.339;95.312;3980000;-0,0086;0;0,005024705;95.135;94.542;93.309
03/05/2019;96.008;95.521;96.315;95.521;4140000;0,005;1;-0,010405383;94.998;93.983;93.159
06/05/2019;95.009;95.992;95.992;94.540;3320000;-0,0104;0;-0,006525698;94.931;93.499;93.060
07/05/2019;94.389;95.009;95.009;92.750;5060000;-0,0065;0;0,012798101;94.888;92.876;93.094
08/05/2019;95.597;94.389;96.312;94.389;5070000;0,0128;1;-0,008253397;93.598;92.075;93.151
09/05/2019;94.808;95.597;95.597;93.883;4280000;-0,0083;0;-0,005801198;92.692;91.666;93.277
10/05/2019;94.258;94.809;94.848;93.234;4220000;-0,0058;0;-0,026851832;91.814;91.699;93.505
13/05/2019;91.727;94.252;94.252;91.600;4810000;-0,0269;0;0,003979199;91.246;92.075;93.884
14/05/2019;92.092;91.736;92.529;91.562;4170000;0,004;1;-0,005092733;90.547;92.335;94.236
15/05/2019;91.623;92.088;92.088;90.295;4940000;-0,0051;0;-0,01745195;90.654;92.621;94.647
16/05/2019;90.024;91.622;91.622;89.778;5740000;-0,0175;0;-0,000344353;92.141;93.312;95.074
17/05/2019;89.993;90.023;91.321;89.409;5510000;-0,0003;0;0,021701688;93.597;94.227;95.589
20/05/2019;91.946;90.006;92.117;89.822;4760000;0,0217;1;0,027614034;94.252;94.887;96.009
21/05/2019;94.485;91.946;94.573;91.946;5560000;0,0276;1;-0,001312378;93.966;95.311;96.222
22/05/2019;94.361;94.485;95.212;93.883;4360000;-0,0013;0;-0,004779517;94.134;95.693;96.550
23/05/2019;93.910;94.360;94.547;93.300;3900000;-0,0048;0;-0,003002875;94.962;96.137;96.865
24/05/2019;93.628;93.912;94.900;93.545;3590000;-0,003;0;0,013201179;95.941;96.673;97.233
27/05/2019;94.864;93.626;95.444;93.626;2620000;0,0132;1;0,016117811;96.806;96.835;97.460
28/05/2019;96.393;94.863;96.552;94.707;6580000;0,0161;1;0,00180511;97.018;96.951;97.547
29/05/2019;96.567;96.389;96.986;95.690;4700000;0,0018;1;0,009216399;97.169;97.130;97.750
30/05/2019;97.457;96.566;97.939;96.511;4530000;0,0092;1;-0,004381419;97.143;97.132;97.953
31/05/2019;97.030;97.420;97.992;96.792;5250000;-0,0044;0;-0,000103061;96.800;97.407;98.309
03/06/2019;97.020;97.036;97.757;96.430;4690000;-0,0001;0;0,003710575;96.861;97.593;98.669
04/06/2019;97.380;97.020;97.723;96.593;4430000;0,0037;1;-0,014181557;97.008;97.792;98.863
05/06/2019;95.999;97.381;97.686;95.686;3890000;-0,0142;0;0,012562631;97.498;98.084;99.198
06/06/2019;97.205;96.002;97.462;96.002;4180000;0,0126;1;0,006337123;98.083;98.144;99.450
07/06/2019;97.821;97.205;98.326;97.205;3830000;0,0063;1;-0,003618855;98.249;98.370;99.674
10/06/2019;97.467;97.828;97.856;96.782;3690000;-0,0036;0;0,015318005;98.685;98.775;99.951
11/06/2019;98.960;97.467;98.985;97.467;5080000;0,0153;1;-0,006457154;98.378;99.211;100.068
12/06/2019;98.321;98.960;99.240;97.831;5100000;-0,0065;0;0,004607358;98.146;99.746;100.334
13/06/2019;98.774;98.321;99.364;98.321;5770000;0,0046;1;-0,007431105;98.356;99.934;100.682
14/06/2019;98.040;98.776;98.981;97.601;9470000;-0,0074;0;-0,004253366;99.110;100.312;101.114
17/06/2019;97.623;98.038;98.439;97.623;4050000;-0,0043;0;0,018243652;100.573;100.755;101.607
18/06/2019;99.404;97.633;99.412;97.633;4660000;0,0182;1;0,009043902;101.459;100.979;102.065
19/06/2019;100.303;99.403;100.327;98.978;4550000;0,009;1;0,017048344;101.389;101.127;102.411
21/06/2019;102.013;100.305;102.100;100.305;5660000;0,017;1;0,000480331;100.948;100.926;102.546
24/06/2019;102.062;102.018;102.617;101.589;3670000;0,0005;1;-0,019292195;100.502;100.923;102.671
25/06/2019;100.093;102.061;102.061;99.890;4610000;-0,0193;0;0,005954462;100.793;101.429;102.934
26/06/2019;100.689;100.095;101.126;100.095;5170000;0,006;1;0,000347605;101.010;101.915;103.160
27/06/2019;100.724;100.689;101.025;99.421;4280000;0,0003;1;0,002412533;100.971;102.459;103.445
28/06/2019;100.967;100.726;101.563;100.726;4210000;0,0024;1;0,003694276;101.329;103.151;103.623
01/07/2019;101.340;100.973;102.432;100.973;424320;0,0037;1;-0,007252812;102.095;103.695;103.809
02/07/2019;100.605;101.342;101.565;100.073;5100000;-0,0073;0;0,014293524;103.256;104.167;104.030
03/07/2019;102.043;100.576;102.177;100.451;4950000;0,0143;1;0,015611066;104.085;104.418;104.179
04/07/2019;103.636;102.047;104.022;102.047;4100000;0,0156;1;0,004371068;104.812;104.438;104.109
05/07/2019;104.089;103.628;104.176;102.622;4340000;0,0044;1;0,004236759;105.164;104.405;104.018
08/07/2019;104.530;104.090;104.679;103.988;3610000;0,0042;1;0,012312255;104.956;104.431;103.943
10/07/2019;105.817;104.537;106.650;104.537;7030000;0,0123;1;-0,006341136;104.285;104.094;103.737
11/07/2019;105.146;105.818;105.886;104.814;5000000;-0,0063;0;-0,011793126;103.828;103.923;103.499
12/07/2019;103.906;105.158;105.731;103.903;4890000;-0,0118;0;-0,000991281;103.811;103.894;103.372
15/07/2019;103.803;103.909;104.578;103.495;4120000;-0,001;0;-0,000269742;104.116;103.939;103.291
16/07/2019;103.775;103.805;104.440;103.361;4610000;-0,0003;0;0,000780535;104.008;103.779;103.028
17/07/2019;103.856;103.775;104.453;103.712;3940000;0,0008;1;0,008290325;104.039;103.631;102.908
18/07/2019;104.717;103.859;104.773;103.859;4550000;0,0083;1;-0,012080178;103.702;103.455;102.769
19/07/2019;103.452;104.716;104.723;103.388;3590000;-0,0121;0;0,00480416;103.924;103.380;102.817
22/07/2019;103.949;103.452;104.278;103.452;3570000;0,0048;1;-0,002356925;103.493;103.075;102.820
23/07/2019;103.704;103.949;104.430;103.518;4180000;-0,0024;0;0,004011417;103.198;102.850;102.692
24/07/2019;104.120;103.707;104.570;103.707;5020000;0,004;1;-0,014070303;102.986;102.643;102.634
25/07/2019;102.655;104.119;104.440;102.390;5980000;-0,0141;0;0,001597584;103.078;102.278;102.462
26/07/2019;102.819;102.654;103.209;102.196;5300000;0,0016;1;0,00645795;102.743;102.184;102.194
29/07/2019;103.483;102.817;103.483;102.461;3670000;0,0065;1;-0,005314883;102.290;102.084;101.931
30/07/2019;102.933;103.483;103.555;102.596;4190000;-0,0053;0;-0,010890579;102.204;102.253;101.684
31/07/2019;101.812;102.946;103.129;100.950;5230000;-0,0109;0;0,003084116;101.633;102.565;101.499
01/08/2019;102.126;101.819;104.056;101.819;7350000;0,0031;1;0,005365921;101.645;102.535;101.433
02/08/2019;102.674;102.122;103.180;101.667;5080000;0,0054;1;-0,025089117;101.681;102.624;101.242
05/08/2019;100.098;102.658;102.658;99.630;5160000;-0,0251;0;0,020639773;103.020;102.647;101.069
06/08/2019;102.164;100.098;102.178;100.098;5230000;0,0206;1;0,006049098;103.631;102.203;100.659
07/08/2019;102.782;102.163;102.784;100.476;5740000;0,006;1;0,012969197;103.342;101.778;100.266
08/08/2019;104.115;102.782;104.282;102.782;5710000;0,013;1;-0,001142967;103.070;101.114;99.843
09/08/2019;103.996;104.102;104.848;103.547;4690000;-0,0011;0;-0,020010385;101.824;100.432;99.595
12/08/2019;101.915;103.946;103.946;101.621;4510000;-0,02;0;0,013579944;100.871;100.330;99.539
13/08/2019;103.299;101.912;103.778;101.414;5200000;0,0136;1;-0,029438814;99.707;99.861;99.348
14/08/2019;100.258;103.270;103.270;99.955;6490000;-0,0294;0;-0,011979094;99.444;99.491;99.307
15/08/2019;99.057;100.262;101.014;98.200;6590000;-0,012;0;0,007561303;99.499;99.115;99.460
16/08/2019;99.806;99.059;100.567;99.059;5480000;0,0076;1;-0,003376551;99.964;98.754;99.634
19/08/2019;99.469;99.810;100.948;98.908;4920000;-0,0034;0;-0,002483186;100.145;98.572;99.882
20/08/2019;99.222;99.472;99.665;98.002;5240000;-0,0025;0;0,019955252;99.627;98.758;100.165
21/08/2019;101.202;99.227;101.240;99.221;5970000;0,02;1;-0,011768542;98.036;98.748;100.295
22/08/2019;100.011;101.209;101.469;100.011;4500000;-0,0118;0;-0,023437422;97.124;98.836;100.541
23/08/2019;97.667;100.007;100.025;97.085;5670000;-0,0234;0;-0,012665486;97.300;99.124;101.020
26/08/2019;96.430;97.687;98.436;95.961;4140000;-0,0127;0;0,008773203;98.665;99.805;101.525
27/08/2019;97.276;96.434;97.951;95.855;6580000;0,0088;1;0,009437066;99.951;100.515;101.982
28/08/2019;98.194;97.273;98.346;96.557;4350000;0,0094;1;0,023728537;100.762;101.192;102.441
29/08/2019;100.524;98.194;100.684;98.194;5160000;0,0237;1;0,00607815;100.481;101.572;102.727
30/08/2019;101.135;100.526;101.551;100.526;6110000;0,0061;1;-0,005032877;100.503;101.843;102.956
02/09/2019;100.626;101.133;101.611;100.626;2690000;-0,005;0;-0,009391211;101.042;102.246;103.255
03/09/2019;99.681;100.626;101.417;99.406;4330000;-0,0094;0;0,015248643;102.126;102.916;103.610
04/09/2019;101.201;99.706;101.201;99.706;4310000;0,0152;1;0,010296341;102.786;103.244;103.801
05/09/2019;102.243;101.204;103.258;101.204;4810000;0,0103;1;0,00676819;103.049;103.449;103.960
06/09/2019;102.935;102.247;103.182;102.246;3980000;0,0068;1;0,002389858;103.220;103.690;104.131
09/09/2019;103.181;102.937;104.260;102.793;5520000;0,0024;1;-0,001444064;103.616;103.883;104.266
10/09/2019;103.032;103.180;103.503;102.231;5480000;-0,0014;0;0,004018169;103.773;104.069;104.389
11/09/2019;103.446;103.036;104.156;103.036;4880000;0,004;1;0,008941863;103.851;104.265;104.432
12/09/2019;104.371;103.453;104.618;103.453;4960000;0,0089;1;-0,008335649;103.933;104.303;104.193
13/09/2019;103.501;104.371;104.699;103.275;4040000;-0,0083;0;0,001729452;104.276;104.357;104.052
16/09/2019;103.680;103.496;104.005;102.782;6040000;0,0017;1;0,009037423;104.496;104.471;103.971
17/09/2019;104.617;103.680;104.619;103.079;4570000;0,009;1;-0,000812487;104.563;104.572;103.682
18/09/2019;104.532;104.616;104.762;103.684;3880000;-0,0008;0;-0,001846325;104.598;104.650;103.357
19/09/2019;104.339;104.555;106.001;104.286;4920000;-0,0018;0;0,004581221;104.444;104.708;103.136
20/09/2019;104.817;104.339;105.044;103.914;6770000;0,0046;1;-0,001707738;104.332;104.599;102.922
23/09/2019;104.638;104.817;104.817;104.020;6770000;-0,0017;0;-0,007282249;104.559;104.083;102.864
24/09/2019;103.876;104.638;104.893;103.504;3970000;-0,0073;0;0,005824252;104.959;103.746;102.895
25/09/2019;104.481;103.857;104.481;103.034;4120000;0,0058;1;0,008020597;105.047;103.470;102.896
26/09/2019;105.319;104.485;105.342;104.337;4140000;0,008;1;-0,002288286;104.625;102.792;102.903
27/09/2019;105.078;105.319;105.633;104.506;3470000;-0,0023;0;-0,003169074;103.276;102.064;102.899
30/09/2019;104.745;105.077;105.178;104.638;3900000;-0,0032;0;-0,006606521;102.200;101.565;102.897
01/10/2019;104.053;104.745;105.121;103.837;4100000;-0,0066;0;-0,029042892;101.699;101.245;103.038
02/10/2019;101.031;104.049;104.049;100.944;5070000;-0,029;0;0,004800507;101.547;101.646;103.492
03/10/2019;101.516;101.031;101.560;99.826;4670000;0,0048;1;0,010195437;101.035;102.044;103.922
04/10/2019;102.551;101.516;102.580;101.057;4650000;0,0102;1;-0,019287964;100.601;102.321;104.239
07/10/2019;100.573;102.546;102.546;100.542;3940000;-0,0193;0;-0,005886272;101.016;103.013;104.724
08/10/2019;99.981;100.565;101.296;99.868;4340000;-0,0059;0;0,01268241;102.299;103.733;105.310
09/10/2019;101.249;100.005;101.567;100.005;3940000;0,0127;1;0,005609932;103.317;104.230;105.761
10/10/2019;101.817;101.244;102.483;101.152;4370000;0,0056;1;0,019790408;104.208;104.831;106.231
11/10/2019;103.832;101.819;104.381;101.819;4350000;0,0198;1;0,004526543;104.738;105.338;106.473
14/10/2019;104.302;103.834;104.305;103.438;2990000;0,0045;1;0,001802458;104.976;105.801;106.752
15/10/2019;104.490;104.299;105.048;104.052;4090000;0,0018;1;0,008929084;105.056;106.157;107.058
16/10/2019;105.423;104.486;105.462;103.521;4510000;0,0089;1;-0,003860638;105.256;106.435;107.293
17/10/2019;105.016;105.389;105.891;104.827;4190000;-0,0039;0;-0,002732917;106.044;106.888;107.532
18/10/2019;104.729;105.012;105.464;104.525;4480000;-0,0027;0;0,012346151;106.982;107.291;107.879
21/10/2019;106.022;104.729;106.027;104.696;3500000;0,0123;1;0,012818094;107.304;107.632;107.994
22/10/2019;107.381;106.023;107.421;105.927;5220000;0,0128;1;0,001517959;107.298;107.609;108.064
23/10/2019;107.544;107.381;107.959;107.041;4660000;0,0015;1;-0,005188574;107.512;107.702;108.007
24/10/2019;106.986;107.553;107.744;106.593;5620000;-0,0052;0;0,003533173;107.702;107.959;107.941
25/10/2019;107.364;106.990;108.083;106.990;5400000;0,0035;1;0,007665512;108.050;108.152;107.884
28/10/2019;108.187;107.366;108.393;107.362;3970000;0,0077;1;-0,005832494;107.728;108.177;107.747
29/10/2019;107.556;108.189;108.195;107.313;4310000;-0,0058;0;0,007921455;107.941;108.466;107.626
30/10/2019;108.408;107.557;108.408;106.622;5450000;0,0079;1;-0,010958601;108.065;108.355;107.561
31/10/2019;107.220;108.403;108.403;106.356;5380000;-0,011;0;0,009102779;108.565;108.519;107.666
01/11/2019;108.196;107.221;108.496;107.220;5470000;0,0091;1;0,005388369;108.619;108.312;107.682
04/11/2019;108.779;108.196;109.352;108.196;5180000;0,0054;1;-0,000551577;108.887;107.924;107.559
05/11/2019;108.719;108.779;109.343;108.253;5660000;-0,0006;0;-0,003302091;108.523;107.615;107.487
06/11/2019;108.360;108.719;109.633;107.446;5510000;-0,0033;0;0,011267996;108.526;107.316;107.482
07/11/2019;109.581;108.360;109.672;108.360;6080000;0,0113;1;-0,017813307;107.582;106.785;107.386
08/11/2019;107.629;109.572;109.572;107.127;5420000;-0,0178;0;0,006856888;107.059;106.766;107.479
11/11/2019;108.367;107.622;108.367;106.814;3930000;0,0069;1;-0,014912289;106.456;106.813;107.521
12/11/2019;106.751;108.368;108.368;106.232;5220000;-0,0149;0;-0,006473007;106.295;107.052;107.774
13/11/2019;106.060;106.751;106.786;105.261;5340000;-0,0065;0;0,004686027;106.230;107.195;108.100
14/11/2019;106.557;106.052;106.758;105.820;5360000;0,0047;1;-0,002702779;106.543;107.359;108.426
18/11/2019;106.269;106.566;107.519;106.246;4920000;-0,0027;0;-0,003811083;107.351;107.648;108.763
19/11/2019;105.864;106.269;106.950;105.367;3610000;-0,0038;0;0,015425452;108.204;107.986;109.106
21/11/2019;107.497;105.866;107.497;105.864;5820000;0,0154;1;0,011116589;108.058;108.191;109.354
22/11/2019;108.692;107.497;108.692;107.157;4800000;0,0111;1;-0,002465683;107.730;108.228;109.604
25/11/2019;108.424;108.692;108.915;108.080;4510000;-0,0025;0;-0,012589464;107.686;108.496;109.900
26/11/2019;107.059;108.424;108.424;106.414;6900000;-0,0126;0;0,006062078;108.077;109.005;110.246
27/11/2019;107.708;107.059;107.991;106.312;4420000;0,0061;1;0,005403498;108.484;109.494;110.596
28/11/2019;108.290;107.708;108.333;107.148;3670000;0,0054;1;-0,000526364;108.706;109.878;111.027
29/11/2019;108.233;108.290;108.708;107.759;4190000;-0,0005;0;0,006421332;109.395;110.226;111.519
02/12/2019;108.928;108.233;109.279;108.233;4710000;0,0064;1;0,000257051;109.960;110.517;111.962
03/12/2019;108.956;108.931;109.198;108.190;5220000;0,0003;1;0,012344433;110.683;110.980;112.455
04/12/2019;110.301;108.962;110.301;108.962;4890000;0,0123;1;0,002910218;110.908;111.304;112.948
05/12/2019;110.622;110.297;111.073;110.008;4400000;0,0029;1;0,004556056;110.925;111.486;113.370
06/12/2019;111.126;110.623;111.430;110.623;4970000;0,0046;1;-0,00134082;110.871;111.699;113.693
09/12/2019;110.977;111.125;111.453;110.870;4990000;-0,0013;0;-0,002748317;111.279;112.175;114.236
10/12/2019;110.672;110.973;111.184;110.133;4760000;-0,0027;0;0,002638427;111.910;112.812;114.738
11/12/2019;110.964;110.672;111.227;110.530;5150000;0,0026;1;0,011138748;112.220;113.406;115.161
12/12/2019;112.200;110.963;112.445;110.963;5680000;0,0111;1;0,003253119;112.359;113.930;115.479
13/12/2019;112.565;112.205;112.829;111.780;7710000;0,0033;1;-0,005943233;112.942;114.592;115.742
16/12/2019;111.896;112.565;113.197;111.896;6080000;-0,0059;0;0,006434546;114.021;115.255;116.032
17/12/2019;112.616;111.897;112.695;111.897;5350000;0,0064;1;0,015086666;114.856;115.687;116.238
18/12/2019;114.315;112.618;114.339;112.300;7940000;0,0151;1;0,007138171;115.372;116.296;116.453
19/12/2019;115.131;114.313;115.132;113.712;5780000;0,0071;1;-8,69E-05;116.062;116.664;116.631
20/12/2019;115.121;115.133;115.171;114.526;6890000;-0,0001;0;0,006445392;116.533;116.915;116.724
23/12/2019;115.863;115.119;115.863;114.964;4000000;0,0064;1;0,011565383;116.461;117.029;116.784
26/12/2019;117.203;115.864;117.220;115.673;3790000;0,0116;1;-0,005708045;116.917;116.892;116.875
27/12/2019;116.534;117.205;117.803;115.995;3910000;-0,0057;0;-0,007628675;117.308;116.808;117.041
30/12/2019;115.645;116.530;117.086;115.599;3670000;-0,0076;0;0,025318864;117.719;116.788;117.140
02/01/2020;118.573;115.652;118.573;115.649;5160000;0,0253;1;-0,007303518;117.082;116.610;117.127
03/01/2020;117.707;118.564;118.792;117.341;6830000;-0,0073;0;-0,007042912;116.596;116.599;117.257
06/01/2020;116.878;117.707;117.707;116.269;6570000;-0,007;0;-0,001848081;116.285;116.533;117.364
07/01/2020;116.662;116.872;117.076;115.965;4850000;-0,0018;0;-0,003557285;115.899;116.539;117.208
08/01/2020;116.247;116.667;117.335;115.693;5910000;-0,0036;0;-0,002580712;116.258;116.858;117.225
09/01/2020;115.947;116.248;116.820;115.411;5950000;-0,0026;0;-0,003829336;116.820;117.274;117.185
10/01/2020;115.503;115.948;116.745;114.952;4780000;-0,0038;0;0,015774482;117.124;117.492;117.186
13/01/2020;117.325;115.503;117.333;115.503;5690000;0,0158;1;0,002616663;116.917;117.644;116.932
14/01/2020;117.632;117.325;117.705;116.610;5360000;0,0026;1;-0,010354325;117.199;117.915;116.717
15/01/2020;116.414;117.632;117.632;116.188;5570000;-0,0104;0;0,002491109;118.015;118.195;116.656
16/01/2020;116.704;116.415;117.106;115.961;5420000;0,0025;1;0,01520085;118.122;117.878;116.608
17/01/2020;118.478;116.710;118.479;116.710;4950000;0,0152;1;0,003241108;118.093;117.592;116.373
20/01/2020;118.862;118.478;118.862;117.928;3840000;0,0032;1;-0,015446484;118.315;117.095;116.009
21/01/2020;117.026;118.861;118.861;117.026;5090000;-0,0154;0;0,011664075;118.765;116.881;115.691
22/01/2020;118.391;117.035;118.401;117.035;5770000;0,0117;1;0,009603771;117.462;116.220;115.475
23/01/2020;119.528;118.391;119.535;116.906;6570000;0,0096;1;-0,009637909;116.446;115.520;115.271
24/01/2020;118.376;119.528;119.593;118.108;4780000;-0,0096;0;-0,032895181;115.449;115.117;115.078
27/01/2020;114.482;118.347;118.347;114.376;6100000;-0,0329;0;0,01744379;115.797;115.338;115.070
28/01/2020;116.479;114.482;116.797;114.475;5230000;0,0174;1;-0,009392251;114.891;115.154;114.987
29/01/2020;115.385;116.494;117.171;115.164;5100000;-0,0094;0;0,001239329;114.639;114.923;114.958
30/01/2020;115.528;115.375;115.528;112.825;6320000;0,0012;1;-0,015294993;114.649;114.501;115.028
31/01/2020;113.761;115.518;115.518;113.148;6220000;-0,0153;0;0,007630031;115.405;114.731;115.087
03/02/2020;114.629;113.761;115.299;113.467;5510000;0,0076;1;0,008095683;115.592;115.023;115.020
04/02/2020;115.557;114.631;116.556;114.631;5830000;0,0081;1;0,004075911;114.996;115.038;114.317
05/02/2020;116.028;115.563;117.701;115.562;7170000;0,0041;1;-0,007222395;113.843;114.803;113.385
06/02/2020;115.190;116.033;117.382;114.723;7380000;-0,0072;0;-0,012327459;113.904;114.820;112.598
07/02/2020;113.770;115.190;115.190;113.769;6590000;-0,0123;0;-0,010547596;114.872;114.992;112.088
10/02/2020;112.570;113.771;114.176;112.134;7490000;-0,0105;0;0,024882295;115.902;115.556;111.585
11/02/2020;115.371;112.574;115.576;112.574;6770000;0,0249;1;0,011293999;115.572;115.444;111.003
12/02/2020;116.674;115.371;117.581;115.371;8160000;0,0113;1;-0,008673741;115.117;115.016;109.972
13/02/2020;115.662;116.660;116.660;114.801;5640000;-0,0087;0;-0,011075375;114.889;113.596;108.710
14/02/2020;114.381;115.663;115.663;114.132;5340000;-0,0111;0;0,008113236;115.601;111.968;106.688
17/02/2020;115.309;114.381;115.696;114.381;4360000;0,0081;1;-0,00287922;115.360;110.377;105.038
18/02/2020;114.977;115.309;115.309;113.532;5550000;-0,0029;0;0,013402681;114.928;109.183;102.909
19/02/2020;116.518;114.982;116.545;114.774;6330000;0,0134;1;-0,016581129;111.328;107.615;99.771
20/02/2020;114.586;116.518;116.552;114.379;6790000;-0,0166;0;-0,007897998;107.461;106.563;97.492
21/02/2020;113.681;114.585;114.585;112.661;5900000;-0,0079;0;-0,070046886;104.291;104.928;94.455
26/02/2020;105.718;113.647;113.647;105.053;9370000;-0,07;0;-0,025861254;104.594;103.825;92.234
27/02/2020;102.984;105.711;106.656;102.984;11240000;-0,0259;0;0,011535773;105.445;101.408;89.656
28/02/2020;104.172;102.984;104.172;99.951;11230000;0,0115;1;0,023547594;106.462;99.700;87.096
02/03/2020;106.625;104.260;107.220;103.779;8860000;0,0235;1;-0,010203986;104.998;96.635;84.270
03/03/2020;105.537;106.630;108.804;104.405;9390000;-0,0102;0;0,015984915;102.485;91.927;81.273
04/03/2020;107.224;105.540;107.809;105.042;8410000;0,016;1;-0,046547415;95.432;88.420;78.595
05/03/2020;102.233;107.217;107.217;100.536;8600000;-0,0465;0;-0,041434762;92.093;83.983;76.646
06/03/2020;97.997;102.230;102.230;96.886;11860000;-0,0414;0;-0,121738421;87.817;80.643;75.197
09/03/2020;86.067;97.982;97.982;85.880;14650000;-0,1217;0;0,071421102;83.323;77.904;74.294
10/03/2020;92.214;86.071;92.230;86.071;13530000;0,0714;1;-0,076376689;80.144;74.492;73.039
11/03/2020;85.171;92.202;92.202;80.796;11790000;-0,0764;0;-0,147796785;75.476;71.906;72.171
12/03/2020;72.583;85.103;85.103;68.488;12010000;-0,1478;0;0,139082154;76.154;70.618;72.056
13/03/2020;82.678;72.621;83.758;72.621;15770000;0,1391;1;-0,139214785;70.893;68.769;71.311
16/03/2020;71.168;82.565;82.565;70.855;12850000;-0,1392;0;0,048462792;69.948;69.310;71.195
17/03/2020;74.617;71.178;77.255;70.782;14950000;0,0485;1;-0,103488481;67.432;69.752;71.156
18/03/2020;66.895;74.576;74.576;63.547;16750000;-0,1035;0;0,021481426;66.324;70.685;71.832
19/03/2020;68.332;66.883;70.071;61.691;16140000;0,0215;1;-0,018483287;66.789;71.586;72.567
20/03/2020;67.069;68.344;72.247;66.120;15150000;-0,0185;0;-0,052170153;69.418;72.436;73.325
23/03/2020;63.570;67.067;67.604;62.161;11960000;-0,0522;0;0,096885323;74.132;73.493;74.415
24/03/2020;69.729;63.604;71.535;63.604;11680000;0,0969;1;0,074961637;75.365;73.853;75.143
25/03/2020;74.956;69.727;76.714;69.360;12950000;0,075;1;0,036741555;75.259;73.079;75.420
26/03/2020;77.710;74.956;78.846;74.923;12760000;0,0367;1;-0,055089435;73.696;72.560;75.427
27/03/2020;73.429;77.708;77.708;73.057;10300000;-0,0551;0;0,016478503;72.875;72.978;75.824
30/03/2020;74.639;73.431;75.430;73.184;9030000;0,0165;1;-0,021691073;72.080;73.548;76.134
31/03/2020;73.020;74.629;75.511;72.385;11140000;-0,0217;0;-0,028115585;70.919;74.214;76.682
01/04/2020;70.967;73.011;73.011;69.569;10090000;-0,0281;0;0,018121099;71.955;75.338;77.304
02/04/2020;72.253;70.969;73.861;70.957;10540000;0,0181;1;-0,037576294;73.323;76.433;77.523
03/04/2020;69.538;72.241;72.241;67.802;10410000;-0,0376;0;0,065216141;76.352;77.760;78.145
06/04/2020;74.073;69.556;75.260;69.556;9690000;0,0652;1;0,030847947;77.555;78.295;78.662
07/04/2020;76.358;74.078;79.855;74.078;11290000;0,0308;1;0,029689096;78.381;78.671;79.149
08/04/2020;78.625;76.335;79.058;76.115;10210000;0,0297;1;-0,011993641;78.812;78.720;79.283
09/04/2020;77.682;78.640;80.428;77.457;10750000;-0,012;0;0,014855436;79.195;79.150;79.368
13/04/2020;78.836;77.682;78.836;76.405;7650000;0,0149;1;0,013724694;78.854;79.269;79.414
14/04/2020;79.918;78.848;81.668;78.848;8590000;0,0137;1;-0,013601441;78.544;78.614;79.353
15/04/2020;78.831;79.911;80.035;77.546;9760000;-0,0136;0;-0,012926387;78.592;78.529;79.302
16/04/2020;77.812;78.837;80.167;77.452;9030000;-0,0129;0;0,015139053;79.550;79.029;79.477
17/04/2020;78.990;77.817;79.846;77.754;8320000;0,0151;1;-0,000215217;79.778;79.627;79.482
20/04/2020;78.973;78.989;80.106;76.943;8870000;-0,0002;0;0,02170362;78.564;79.846;79.404
22/04/2020;80.687;78.973;81.184;78.973;9850000;0,0217;1;-0,01256708;77.748;79.587;79.195
23/04/2020;79.673;80.690;81.934;78.622;10820000;-0,0126;0;-0,05449776;78.294;79.558;79.148
24/04/2020;75.331;79.667;79.667;72.041;16530000;-0,0545;0;0,038602966;80.907;80.091;79.307
27/04/2020;78.239;75.334;78.563;75.327;10660000;0,0386;1;0,039277087;81.663;80.074;79.518
28/04/2020;81.312;78.243;81.427;78.243;12940000;0,0393;1;0,022862554;80.851;79.924;79.477
29/04/2020;83.171;81.313;83.598;81.313;11720000;0,0229;1;-0,032042419;79.618;79.338;79.345
30/04/2020;80.506;83.169;83.169;80.168;11800000;-0,032;0;-0,020246938;79.137;78.961;79.525
04/05/2020;78.876;80.501;80.502;77.640;8590000;-0,0202;0;0,007543486;78.885;78.804;79.761
05/05/2020;79.471;78.887;81.066;78.886;9150000;0,0075;1;-0,005121365;79.149;78.738;80.203
06/05/2020;79.064;79.473;79.996;78.056;9780000;-0,0051;0;-0,011952342;79.149;78.523;80.660
07/05/2020;78.119;79.072;80.061;78.061;13810000;-0,012;0;0,027445308;79.067;78.962;81.362
08/05/2020;80.263;78.152;80.557;78.152;10730000;0,0274;1;-0,014925931;78.236;79.030;81.840
11/05/2020;79.065;80.263;80.723;78.994;9780000;-0,0149;0;-0,015088851;78.218;79.352;82.436
12/05/2020;77.872;79.065;80.344;77.872;10250000;-0,0151;0;-0,001284159;78.113;80.089;83.203
13/05/2020;77.772;77.877;78.911;77.152;11580000;-0,0013;0;0,015931183;79.254;80.718;84.151
14/05/2020;79.011;77.770;79.011;75.697;13820000;0,0159;1;-0,018402501;79.831;81.668;85.151
15/05/2020;77.557;79.011;79.538;77.426;11720000;-0,0184;0;0,046894542;81.085;82.798;86.313
18/05/2020;81.194;77.576;81.420;77.571;11530000;0,0469;1;-0,005566914;81.696;83.763;87.273
19/05/2020;80.742;81.197;82.175;80.647;10740000;-0,0056;0;0,007146219;82.173;84.649;88.481
20/05/2020;81.319;80.747;82.290;80.740;9520000;0,0071;1;0,021003701;83.621;85.519;89.583
21/05/2020;83.027;81.320;83.309;81.317;11400000;0,021;1;-0,010285811;84.435;86.318;90.415
22/05/2020;82.173;83.027;83.027;81.669;9280000;-0,0103;0;0,042471371;86.359;87.585;91.174
25/05/2020;85.663;82.198;85.876;82.193;8760000;0,0425;1;-0,002264688;86.788;88.634;91.654
26/05/2020;85.469;85.668;87.333;85.396;12030000;-0,0023;0;0,028981268;87.433;89.828;92.229
27/05/2020;87.946;85.468;87.946;85.468;11210000;0,029;1;-0,011336502;87.657;90.784;92.772
28/05/2020;86.949;87.946;88.091;86.767;10120000;-0,0113;0;0,005221452;89.023;92.312;93.428
29/05/2020;87.403;86.951;87.410;85.384;16550000;0,0052;1;0,013924007;90.889;93.647;94.083
01/06/2020;88.620;87.395;89.019;86.837;9850000;0,0139;1;0,02737531;92.626;94.513;94.562
02/06/2020;91.046;88.622;91.046;88.622;11830000;0,0274;1;0,021483646;93.823;94.763;94.915
03/06/2020;93.002;91.048;93.710;91.048;15140000;0,0215;1;0,008892282;95.370;94.674;95.013
04/06/2020;93.829;92.993;94.132;92.221;11490000;0,0089;1;0,00861141;96.343;94.631;95.167
05/06/2020;94.637;93.839;97.356;93.839;13320000;0,0086;1;0,031784609;96.359;94.761;95.109
08/06/2020;97.645;94.640;97.693;94.635;11100000;0,0318;1;-0,009196579;94.743;94.544;94.973
09/06/2020;96.747;97.644;97.644;95.386;11290000;-0,0092;0;-0,021302986;93.286;94.519;94.852
10/06/2020;94.686;96.747;97.646;94.665;11740000;-0,0213;0;-0,019971273;92.901;94.612;94.960
12/06/2020;92.795;94.677;94.703;90.811;12790000;-0,02;0;-0,004515329;93.818;95.066;95.206
15/06/2020;92.376;92.780;93.112;90.148;13320000;-0,0045;0;0,012503248;95.068;95.352;95.520
16/06/2020;93.531;92.387;95.216;92.387;12030000;0,0125;1;0,021554351;96.081;95.702;95.906
17/06/2020;95.547;93.531;96.611;93.531;11130000;0,0216;1;0,006049379;96.011;95.457;96.064
18/06/2020;96.125;95.547;97.110;94.698;10010000;0,006;1;0,004650195;95.961;95.402;96.324
19/06/2020;96.572;96.138;97.540;95.874;13130000;0,0047;1;-0,012798741;95.229;95.185;96.509
22/06/2020;95.336;96.572;96.870;94.869;8260000;-0,0128;0;0,00670261;95.445;95.309;96.845
23/06/2020;95.975;95.344;97.486;95.344;9750000;0,0067;1;-0,016650169;94.731;95.346;97.039
24/06/2020;94.377;95.974;95.974;93.259;9960000;-0,0167;0;0,017016858;95.184;95.687;97.472
25/06/2020;95.983;94.382;96.260;94.152;8700000;0,017;1;-0,022389381;94.875;96.109;97.887
26/06/2020;93.834;95.979;95.979;93.514;8440000;-0,0224;0;0,020259181;95.665;96.670;98.367
29/06/2020;95.735;93.837;95.735;93.825;8910000;0,0203;1;-0,007092495;95.831;97.247;98.878
30/06/2020;95.056;95.728;96.257;94.806;10140000;-0,0071;0;0,012066571;96.401;97.833;99.547
01/07/2020;96.203;95.062;96.852;95.062;10160000;0,0121;1;0,00033263;97.312;98.380;100.126
02/07/2020;96.235;96.206;97.864;96.052;10060000;0,0003;1;0,005507352;97.821;98.732;100.701
03/07/2020;96.765;96.237;96.765;95.803;5350000;0,0055;1;0,022446132;98.823;99.257;101.096
06/07/2020;98.937;96.776;99.257;96.768;9490000;0,0224;1;-0,011886352;98.897;99.664;101.342
07/07/2020;97.761;98.937;98.938;97.272;8950000;-0,0119;0;0,020550117;99.654;100.063;101.822
08/07/2020;99.770;97.765;99.973;97.765;9140000;0,0206;1;-0,006114062;99.296;100.509;102.132
09/07/2020;99.160;99.770;100.191;98.861;9470000;-0,0061;0;0,008793868;99.723;101.261;102.592
10/07/2020;100.032;99.160;100.101;98.739;9150000;0,0088;1;-0,013345729;100.309;101.872;102.948
13/07/2020;98.697;100.027;100.858;98.697;10380000;-0,0133;0;0,017660111;100.928;102.671;103.249
14/07/2020;100.440;98.699;100.632;98.289;10020000;0,0177;1;0,013450816;101.744;102.936;103.420
15/07/2020;101.791;100.444;102.114;100.444;9290000;0,0135;1;-0,012162175;102.622;103.020;103.379
16/07/2020;100.553;101.791;101.792;100.160;8130000;-0,0122;0;0,023221585;103.875;103.581;103.539
17/07/2020;102.888;100.554;103.017;100.554;10430000;0,0232;1;0,014948293;104.342;103.755;103.628
20/07/2020;104.426;102.888;104.439;102.744;8930000;0,0149;1;-0,001110834;103.631;103.924;103.510
21/07/2020;104.310;104.426;105.449;103.732;11110000;-0,0011;0;-0,000191736;102.988;104.024;103.448
22/07/2020;104.290;104.312;104.980;103.277;10830000;-0,0002;0;-0,019148528;103.051;103.827;103.297
23/07/2020;102.293;104.291;104.949;102.119;10370000;-0,0191;0;0,00087005;103.656;103.903;103.284
24/07/2020;102.382;102.292;102.694;100.859;9800000;0,0009;1;0,020462581;104.730;103.737;103.147
27/07/2020;104.477;102.381;104.585;102.381;9620000;0,0205;1;-0,003522306;104.908;103.498;102.924
28/07/2020;104.109;104.477;104.663;103.592;9090000;-0,0035;0;0,014369555;104.509;103.500;102.602
29/07/2020;105.605;104.112;105.704;104.112;9240000;0,0144;1;-0,005643672;103.584;103.096;102.349
30/07/2020;105.009;105.605;105.607;103.920;9590000;-0,0056;0;-0,019969717;102.319;102.872;102.052
31/07/2020;102.912;105.010;105.462;102.642;12930000;-0,02;0;-0,000796797;102.283;102.767;101.949
03/08/2020;102.830;102.913;103.863;102.304;10900000;-0,0008;0;-0,015695809;102.715;102.665;101.855
04/08/2020;101.216;102.826;103.012;100.004;12030000;-0,0157;0;0,015669459;103.235;102.557;101.933
05/08/2020;102.802;101.220;103.763;101.220;10920000;0,0157;1;0,012879127;103.449;102.350;101.884
06/08/2020;104.126;102.795;104.523;102.795;9690000;0,0129;1;-0,012965062;102.798;101.703;101.634
07/08/2020;102.776;104.116;104.126;101.956;10340000;-0,013;0;0,006499572;102.579;101.601;101.480
10/08/2020;103.444;102.776;103.722;101.282;8260000;0,0065;1;-0,012277174;101.584;101.231;101.387
11/08/2020;102.174;103.449;104.409;102.174;9360000;-0,0123;0;-0,000548085;101.311;101.131;101.187
12/08/2020;102.118;102.176;103.116;100.698;10110000;-0,0005;0;-0,016226326;100.470;101.045;101.190
13/08/2020;100.461;102.118;103.237;100.187;10720000;-0,0162;0;0,008879067;101.004;101.308;101.294
14/08/2020;101.353;100.469;101.717;100.445;8580000;0,0089;1;-0,017345318;100.838;101.417;101.249
17/08/2020;99.595;101.348;101.689;98.513;10820000;-0,0173;0;0,024800442;101.462;101.564;101.366
18/08/2020;102.065;99.597;102.247;99.597;9420000;0,0248;1;-0,011864988;101.281;101.359;101.222
19/08/2020;100.854;102.072;102.334;100.800;10030000;-0,0119;0;0,006088008;101.762;101.543;101.254
20/08/2020;101.468;100.853;101.749;99.131;9400000;0,0061;1;0,000522332;101.979;101.243;101.066
21/08/2020;101.521;101.460;101.566;100.412;9100000;0,0005;1;0,007653589;101.681;101.335;100.840
24/08/2020;102.298;101.525;102.515;101.525;7720000;0,0077;1;-0,001759565;101.123;101.280;100.696
25/08/2020;102.118;102.293;102.708;101.623;8190000;-0,0018;0;-0,014600756;101.131;101.080;100.566
26/08/2020;100.627;102.119;102.521;99.359;9860000;-0,0146;0;-2,98E-05;100.712;101.168;100.498
27/08/2020;100.624;100.625;101.548;99.857;7360000;0;0;0,015095802;101.227;101.086;100.460
28/08/2020;102.143;100.631;102.347;100.631;7670000;0,0151;1;-0,027158004;101.149;100.965;100.185
31/08/2020;99.369;102.142;102.142;99.369;12230000;-0,0272;0;0,028167738;101.600;100.888;100.015
01/09/2020;102.168;99.382;102.238;99.382;9380000;0,0282;1;-0,002515465;101.291;100.345;99.667
02/09/2020;101.911;102.168;102.824;100.872;7560000;-0,0025;0;-0,011676855;100.671;100.111;99.226
03/09/2020;100.721;101.911;103.226;99.751;12610000;-0,0117;0;0,005172705;100.861;100.051;98.961
04/09/2020;101.242;100.733;101.582;98.960;11330000;0,0052;1;-0,01177377;100.059;99.827;98.658
08/09/2020;100.050;101.239;101.239;99.373;8480000;-0,0118;0;0,012413793;99.497;99.834;98.273
09/09/2020;101.292;100.050;101.578;100.050;7960000;0,0124;1;-0,024256605;99.158;99.405;97.722
10/09/2020;98.835;101.291;101.536;98.687;8890000;-0,0243;0;-0,004775636;99.645;99.142;97.420
11/09/2020;98.363;98.839;99.435;97.758;9110000;-0,0048;0;0,019438203;100.083;98.989;97.214
14/09/2020;100.275;98.367;100.520;98.367;8180000;0,0194;1;0,000229369;100.024;98.340;96.767
15/09/2020;100.298;100.277;100.949;99.647;9220000;0,0002;1;-0,006201519;99.355;97.871;96.466
16/09/2020;99.676;100.299;100.663;99.663;7140000;-0,0062;0;0,004233717;98.460;97.488;96.176
17/09/2020;100.098;99.674;100.251;98.562;7860000;0,0042;1;-0,018062299;97.525;96.712;95.850
18/09/2020;98.290;100.098;100.102;98.045;11370000;-0,0181;0;-0,013215993;96.673;96.040;95.823
21/09/2020;96.991;98.283;98.283;95.820;9740000;-0,0132;0;0,003124001;96.680;95.698;95.858
22/09/2020;97.294;96.995;97.684;96.390;7280000;0,0031;1;-0,016023599;96.582;95.439;95.945
23/09/2020;95.735;97.294;97.389;95.728;8830000;-0,016;0;0,013338904;96.226;95.194;96.202
24/09/2020;97.012;95.735;97.955;95.653;9330000;0,0133;1;-0,000134004;95.082;95.062;96.348
25/09/2020;96.999;97.011;97.012;95.632;7350000;-0,0001;0;-0,024051794;94.283;94.864;96.441
28/09/2020;94.666;97.005;98.314;94.371;10510000;-0,0241;0;-0,011471912;94.554;94.987;96.726
29/09/2020;93.580;94.665;95.505;93.408;8740000;-0,0115;0;0,010931823;94.699;95.607;97.224
30/09/2020;94.603;93.586;95.340;93.584;9490000;0,0109;1;0,009259749;95.195;96.018;97.648
01/10/2020;95.479;94.604;95.486;93.599;9240000;0,0093;1;-0,015322741;95.240;96.450;98.108
02/10/2020;94.016;95.475;95.996;93.897;8580000;-0,0153;0;0,022049438;95.743;97.210;98.626
05/10/2020;96.089;94.019;96.414;93.984;8620000;0,022;1;-0,004932927;96.354;97.634;98.978
06/10/2020;95.615;96.091;97.405;95.211;11300000;-0,0049;0;-0,000930816;96.976;98.018;99.263
07/10/2020;95.526;95.616;96.380;94.881;9830000;-0,0009;0;0,02506124;97.969;98.466;99.252
08/10/2020;97.920;95.530;97.938;95.530;11160000;0,0251;1;-0,004462827;98.440;98.840;99.156
09/10/2020;97.483;97.924;98.642;97.161;10810000;-0,0045;0;0,010463363;98.964;99.279;98.904
13/10/2020;98.503;97.483;98.998;97.336;7870000;0,0105;1;0,008436291;98.899;99.766;98.724
14/10/2020;99.334;98.502;99.571;98.501;8900000;0,0084;1;-0,002818773;98.674;100.042;98.619
15/10/2020;99.054;99.328;99.486;97.778;8340000;-0,0028;0;-0,00752115;99.169;100.322;98.740
16/10/2020;98.309;99.054;99.172;98.309;7840000;-0,0075;0;0,003550031;99.917;100.507;98.927
19/10/2020;98.658;98.310;99.917;98.310;9930000;0,0036;1;0,019076;101.003;100.037;99.274
20/10/2020;100.540;98.664;100.722;98.664;8800000;0,0191;1;0,000119355;101.243;99.472;99.597
21/10/2020;100.552;100.541;101.586;100.149;8660000;0,0001;1;0,013585011;101.398;98.529;99.901
22/10/2020;101.918;100.553;102.020;100.457;9560000;0,0136;1;-0,006456171;100.628;97.681;99.943
23/10/2020;101.260;101.918;102.218;101.188;7560000;-0,0065;0;-0,002399763;98.664;97.196;100.191
26/10/2020;101.017;101.260;101.784;99.762;8070000;-0,0024;0;-0,013967946;97.186;97.158;100.577
27/10/2020;99.606;101.017;101.660;99.414;8670000;-0,014;0;-0,042537598;95.301;97.347;101.123
28/10/2020;95.369;99.598;99.598;95.369;11050000;-0,0425;0;0,012719018;95.505;98.510;101.891
29/10/2020;96.582;95.368;96.688;93.387;12700000;0,0127;1;-0,027230747;95.933;99.722;102.612
30/10/2020;93.952;96.579;96.579;93.559;10640000;-0,0272;0;0,02158549;98.199;101.273;103.475
03/11/2020;95.980;93.968;96.350;93.968;10190000;0,0216;1;0,019660346;99.848;102.206;104.290
04/11/2020;97.867;95.992;98.296;95.987;10700000;0,0197;1;0,029468564;101.730;103.185;105.141
05/11/2020;100.751;97.873;100.922;97.872;10460000;0,0295;1;0,00172703;103.169;103.997;105.811
06/11/2020;100.925;100.751;101.104;99.837;8380000;0,0017;1;0,025662621;104.464;104.900;106.475
09/11/2020;103.515;100.954;105.147;100.954;17410000;0,0257;1;0,014992996;104.128;105.272;106.980
10/11/2020;105.067;103.516;105.758;103.453;16670000;0,015;1;-0,002455576;104.013;105.501;107.253
11/11/2020;104.809;105.067;105.462;104.143;10840000;-0,0025;0;-0,021963763;104.553;105.677;107.724
12/11/2020;102.507;104.810;105.019;102.034;10860000;-0,022;0;0,021618036;106.134;106.373;108.393
13/11/2020;104.723;102.509;104.726;102.509;9770000;0,0216;1;0,016300144;106.599;107.096;108.934
16/11/2020;106.430;104.729;106.518;104.729;11720000;0,0163;1;0,007695199;106.679;107.625;109.457
17/11/2020;107.249;106.430;107.810;105.847;10310000;0,0077;1;-0,010536229;106.277;108.051;109.910
18/11/2020;106.119;107.246;107.467;106.043;10340000;-0,0105;0;0,005192284;106.697;108.687;110.458
19/11/2020;106.670;106.117;106.973;105.545;8560000;0,0052;1;-0,005887316;107.736;109.005;110.910
20/11/2020;106.042;106.670;106.764;105.680;7100000;-0,0059;0;0,012608212;109.099;109.770;111.559
23/11/2020;107.379;106.050;107.495;106.050;9690000;0,0126;1;0,022415929;110.049;110.413;112.113
24/11/2020;109.786;107.378;109.956;107.361;11930000;0,0224;1;0,003160694;110.312;110.771;112.457
25/11/2020;110.133;109.786;110.596;109.315;8560000;0,0032;1;0,000853513;109.898;111.288;112.887
26/11/2020;110.227;110.133;110.244;109.418;6170000;0,0009;1;0,003157121;110.289;111.768;113.432
27/11/2020;110.575;110.229;111.603;110.161;8790000;0,0032;1;-0,015211395;110.724;112.228;113.991
30/11/2020;108.893;110.598;110.934;108.829;19300000;-0,0152;0;0,0230226;111.857;112.815;114.643
01/12/2020;111.400;108.897;111.840;108.897;11320000;0,023;1;0,00429982;112.640;113.348;114.959
02/12/2020;111.879;111.402;112.315;110.579;9810000;0,0043;1;0,003691488;113.211;113.812;115.299
03/12/2020;112.292;111.874;113.377;111.874;11470000;0,0037;1;0,012984006;113.711;114.143;115.693
04/12/2020;113.750;112.294;113.864;112.294;8890000;0,013;1;-0,001406593;113.461;114.486;116.077
07/12/2020;113.590;113.750;114.531;112.629;9630000;-0,0014;0;0,001787129;113.974;115.095;116.492
08/12/2020;113.793;113.590;114.381;112.820;8810000;0,0018;1;-0,006960006;114.419;115.754;116.865
09/12/2020;113.001;113.799;114.020;112.567;8430000;-0,007;0;0,018831692;114.956;116.471;117.284
10/12/2020;115.129;113.002;115.262;112.732;11800000;0,0188;1;-8,69E-06;115.296;116.570;117.587
11/12/2020;115.128;115.128;115.527;113.949;8370000;0;0;-0,004490654;116.206;116.786;117.871
14/12/2020;114.611;115.137;115.740;114.431;8190000;-0,0045;0;0,013419305;117.469;117.242;118.426
15/12/2020;116.149;114.613;116.390;114.613;8200000;0,0134;1;0,014705249;118.094;117.667;119.064
16/12/2020;117.857;116.149;118.178;115.496;9810000;0,0147;1;0,004615763;117.416;117.889;119.449
17/12/2020;118.401;117.864;119.027;117.856;7700000;0,0046;1;-0,003184095;116.828;117.977;119.849
18/12/2020;118.024;118.395;119.370;117.638;8640000;-0,0032;0;-0,018648749;116.755;118.096;120.128
21/12/2020;115.823;118.021;118.021;114.730;10350000;-0,0186;0;0,007019331;117.856;118.603;120.675
22/12/2020;116.636;115.825;116.903;115.648;6950000;0,007;1;0,010039782;118.780;118.955;120.941
23/12/2020;117.807;116.636;118.311;116.636;6480000;0,01;1;0,011179302;119.183;119.610;121.186
28/12/2020;119.124;117.806;119.213;117.805;7170000;0,0112;1;0,002392465;119.094;120.460;121.294
29/12/2020;119.409;119.130;119.861;118.750;6770000;0,0024;1;-0,003282835;119.083;121.009;121.311
30/12/2020;119.017;119.410;120.150;118.919;8240000;-0,0033;0;-0,00136115;119.110;121.721;121.262
04/01/2021;118.855;119.024;120.354;118.062;8740000;-0,0014;0;0,004383492;120.287;122.161;121.156
05/01/2021;119.376;118.835;119.790;116.756;9260000;0,0044;1;-0,002312023;122.188;122.747;120.948
06/01/2021;119.100;119.377;120.924;118.917;11640000;-0,0023;0;0,02759026;123.573;122.926;120.718
07/01/2021;122.386;119.103;122.697;119.101;11770000;0,0276;1;0,021987809;124.110;122.762;120.468
08/01/2021;125.077;122.387;125.324;122.386;11090000;0,022;1;-0,014567027;123.062;122.128;119.753
11/01/2021;123.255;125.075;125.075;122.506;9540000;-0,0146;0;0,006028153;123.137;121.612;119.344
12/01/2021;123.998;123.255;124.584;123.227;8950000;0,006;1;-0,016653494;121.921;120.802;118.932
13/01/2021;121.933;123.996;124.032;121.016;10290000;-0,0167;0;0,012695497;121.691;120.152;118.774
14/01/2021;123.481;121.947;123.896;121.947;8970000;0,0127;1;-0,025364226;120.742;119.149;118.473
15/01/2021;120.349;123.472;123.472;120.185;9390000;-0,0254;0;0,007420087;120.508;118.511;118.465
18/01/2021;121.242;120.351;122.586;120.351;7220000;0,0074;1;-0,004998268;119.537;118.174;118.354
19/01/2021;120.636;121.250;122.120;119.257;7890000;-0,005;0;-0,008206506;118.452;117.379;118.271
20/01/2021;119.646;120.644;121.449;118.740;7950000;-0,0082;0;-0,011007472;117.391;117.075;118.185
21/01/2021;118.329;119.628;120.243;117.785;8570000;-0,011;0;-0,008020012;116.575;117.061;118.254
22/01/2021;117.380;118.318;118.318;116.109;9370000;-0,008;0;-0,007803714;117.076;117.396;118.401
26/01/2021;116.464;117.381;119.167;116.109;10680000;-0,0078;0;-0,004997252;116.611;117.796;118.679
27/01/2021;115.882;116.463;117.840;114.887;12380000;-0,005;0;0,025897033;117.156;118.418;118.915
28/01/2021;118.883;115.882;119.355;115.734;12070000;0,0259;1;-0,032090375;116.940;118.535;118.883
29/01/2021;115.068;118.880;118.880;114.973;10970000;-0,0321;0;0,021291758;118.492;119.164;118.712
01/02/2021;117.518;115.093;117.862;115.093;8720000;0,0213;1;0,006092684;119.073;119.295;118.548
02/02/2021;118.234;117.520;119.805;117.519;11630000;0,0061;1;0,012610586;119.742;119.447;118.365
03/02/2021;119.725;118.235;120.210;118.234;8700000;0,0126;1;-0,003875548;119.732;119.405;117.831
04/02/2021;119.261;119.728;120.560;118.918;8100000;-0,0039;0;0,008208886;119.803;119.561;117.172
05/02/2021;120.240;119.261;121.117;119.261;8210000;0,0082;1;-0,004524285;119.201;119.412;116.465
08/02/2021;119.696;120.239;120.844;119.140;8620000;-0,0045;0;-0,001871408;119.069;119.232;115.882
09/02/2021;119.472;119.696;119.975;118.246;7910000;-0,0019;0;-0,008679858;119.055;118.260;115.290
10/02/2021;118.435;119.472;119.738;117.970;8640000;-0,0087;0;0,007303584;119.695;117.801;114.880
11/02/2021;119.300;118.440;120.283;118.440;7570000;0,0073;1;0,001081308;119.661;117.283;114.587
12/02/2021;119.429;119.300;119.763;118.163;7660000;0,0011;1;0,007761934;119.329;116.258;113.957
17/02/2021;120.356;119.421;120.597;118.880;8330000;0,0078;1;-0,009613148;116.766;114.783;113.313
18/02/2021;119.199;120.361;120.845;118.515;10720000;-0,0096;0;-0,006443007;115.442;113.517;112.854
19/02/2021;118.431;119.199;119.250;117.867;10400000;-0,0064;0;-0,048661246;114.521;112.533;112.608
22/02/2021;112.668;118.388;118.388;111.650;21770000;-0,0487;0;0,022712749;114.384;112.321;112.714
23/02/2021;115.227;112.676;115.380;112.667;15170000;0,0227;1;0,003827228;112.653;111.958;112.687
24/02/2021;115.668;115.229;116.208;114.668;11400000;0,0038;1;-0,029498219;110.875;111.892;112.570
25/02/2021;112.256;115.668;116.506;111.764;12470000;-0,0295;0;-0,019785134;110.637;111.657;112.876
26/02/2021;110.035;112.260;113.466;109.827;14620000;-0,0198;0;0,002726405;111.020;111.842;113.219
01/03/2021;110.335;110.036;112.445;110.036;11240000;0,0027;1;0,010921285;111.805;112.191;113.640
02/03/2021;111.540;110.328;112.428;107.319;14820000;0,0109;1;-0,00319168;113.025;112.683;113.885
03/03/2021;111.184;111.529;112.398;107.466;15140000;-0,0032;0;0,013545114;112.835;113.108;114.034
04/03/2021;112.690;111.191;114.433;111.163;14220000;0,0135;1;0,022291241;112.382;113.417;113.989
05/03/2021;115.202;112.690;115.504;112.504;13250000;0,0223;1;-0,039843058;111.573;113.248;113.885
08/03/2021;110.612;115.202;115.202;110.268;13700000;-0,0398;0;0,006500199;113.030;114.096;114.183
09/03/2021;111.331;110.611;112.524;109.343;12140000;0,0065;1;0,012979314;113.973;114.596;114.475
10/03/2021;112.776;111.331;112.928;109.999;12510000;0,013;1;0,019578634;114.665;115.089;114.766
11/03/2021;114.984;112.782;115.127;112.776;12090000;0,0196;1;-0,007166214;114.343;115.088;114.884
12/03/2021;114.160;114.984;114.984;113.253;8110000;-0,0072;0;0,006052908;115.140;114.960;114.962
15/03/2021;114.851;114.093;114.903;113.635;8220000;0,0061;1;-0,007244169;115.134;114.561;115.153
16/03/2021;114.019;114.845;114.974;113.370;7800000;-0,0072;0;0,022189284;115.869;114.523;115.401
17/03/2021;116.549;114.018;116.736;113.428;9430000;0,0222;1;-0,014706261;115.345;114.270;115.478
18/03/2021;114.835;116.549;116.751;114.302;9920000;-0,0147;0;0,012078199;114.821;114.354;115.726
19/03/2021;116.222;114.837;116.446;114.610;12340000;0,0121;1;-0,010695049;113.435;114.444;115.830
22/03/2021;114.979;116.222;116.225;113.620;8160000;-0,0107;0;-0,014933162;113.025;114.680;116.104
23/03/2021;113.262;114.977;115.599;113.062;8300000;-0,0149;0;-0,010577246;113.532;114.964;116.535
24/03/2021;112.064;113.272;114.823;112.064;9830000;-0,0106;0;0,015044974;114.650;115.744;117.123
25/03/2021;113.750;112.065;114.024;110.927;10310000;0,015;1;0,009063736;115.683;116.279;117.619
26/03/2021;114.781;113.750;115.416;113.305;8660000;0,0091;1;0,005558411;116.301;116.685;118.071
29/03/2021;115.419;114.776;115.553;114.096;7460000;0,0056;1;0,012398305;116.246;117.099;118.465
30/03/2021;116.850;115.414;117.090;114.999;8140000;0,0124;1;-0,001848524;116.468;117.216;118.695
31/03/2021;116.634;116.850;117.249;115.932;10660000;-0,0018;0;-0,011840458;116.757;117.527;118.890
01/04/2021;115.253;116.644;117.088;114.991;8020000;-0,0118;0;0,019652417;117.547;118.105;119.267
05/04/2021;117.518;115.262;117.668;115.262;7250000;0,0197;1;-0,000161677;117.812;118.501;119.487
06/04/2021;117.499;117.519;118.213;117.176;6800000;-0,0002;0;0,001063839;117.869;118.959;119.622
07/04/2021;117.624;117.499;118.303;116.748;8540000;0,0011;1;0,005857648;118.265;119.457;119.867
08/04/2021;118.313;117.624;118.850;117.486;8780000;0,0059;1;-0,005434737;118.593;119.832;119.992
09/04/2021;117.670;118.313;118.643;117.336;7740000;-0,0054;0;0,009705108;119.468;120.174;120.079
12/04/2021;118.812;117.661;118.812;117.661;7000000;0,0097;1;0,004082079;120.098;120.253;120.108
13/04/2021;119.297;118.809;119.529;118.041;8980000;0,0041;1;0,008365676;120.703;120.430;119.995
14/04/2021;120.295;119.298;120.871;119.298;10080000;0,0084;1;0,003375036;120.916;120.472;119.942
15/04/2021;120.701;120.290;121.409;120.084;7950000;0,0034;1;0,003421678;120.703;120.285;119.887
16/04/2021;121.114;120.701;121.333;120.199;7950000;0,0034;1;-0,001486203;120.122;120.276;119.953
19/04/2021;120.934;121.116;121.974;120.682;10030000;-0,0015;0;-0,007210545;119.988;120.152;120.022
20/04/2021;120.062;120.925;121.354;119.841;7810000;-0,0072;0;-0,00575536;120.165;119.985;120.230
22/04/2021;119.371;120.064;120.995;119.203;8600000;-0,0058;0;0,009709226;120.171;119.962;120.254
23/04/2021;120.530;119.372;120.815;119.372;7620000;0,0097;1;0,000539285;120.345;119.560;120.266
26/04/2021;120.595;120.534;121.393;119.860;7100000;0,0005;1;-0,010008707;120.169;119.412;120.358
27/04/2021;119.388;120.595;121.012;119.003;8360000;-0,01;0;0,013946125;120.004;119.488;120.612
28/04/2021;121.053;119.392;121.276;119.392;9080000;0,0139;1;-0,008153453;119.390;119.629;120.749
29/04/2021;120.066;121.053;121.498;119.703;8500000;-0,0082;0;-0,009761298;118.605;119.892;120.933
30/04/2021;118.894;120.064;120.125;118.894;11090000;-0,0098;0;0,002649419;118.828;120.474;121.205
03/05/2021;119.209;118.951;119.904;118.528;8890000;0,0026;1;-0,012557777;119.066;120.545;121.447
04/05/2021;117.712;119.209;119.293;117.631;8770000;-0,0126;0;0,015733315;120.508;120.973;121.898
05/05/2021;119.564;117.725;119.734;117.725;9060000;0,0157;1;0,002985849;121.289;121.304;122.143
06/05/2021;119.921;119.577;119.966;119.071;8780000;0,003;1;0,017653288;122.304;121.735;122.433
07/05/2021;122.038;119.922;122.038;119.922;8870000;0,0177;1;-0,001057048;121.528;121.870;122.600
10/05/2021;121.909;122.038;122.772;121.794;8220000;-0,0011;0;0,008653996;121.127;121.974;122.860
11/05/2021;122.964;121.904;122.964;120.145;7990000;0,0087;1;-0,02646303;120.766;121.936;123.093
12/05/2021;119.710;122.964;122.964;119.458;9410000;-0,0265;0;0,008320107;121.842;122.348;123.704
13/05/2021;120.706;119.711;121.426;119.711;9360000;0,0083;1;0,009734396;122.600;122.823;124.339
14/05/2021;121.881;120.719;122.195;120.719;10140000;0,0097;1;0,008672394;122.851;122.981;124.928
17/05/2021;122.938;121.880;123.074;121.680;7410000;0,0087;1;0,000341636;122.772;123.131;125.488
18/05/2021;122.980;122.937;123.544;122.550;7840000;0,0003;1;-0,002797203;122.643;123.329;125.974
19/05/2021;122.636;122.976;123.013;121.595;8830000;-0,0028;0;0,000530024;123.108;123.747;126.494
20/05/2021;122.701;122.636;122.734;122.136;7910000;0,0005;1;-0,000888338;123.204;124.249;127.020
21/05/2021;122.592;122.701;122.799;121.760;9490000;-0,0009;0;0,01174628;123.670;125.060;127.510
24/05/2021;124.032;122.592;124.167;122.526;8190000;0,0117;1;-0,008417183;123.781;125.856;127.951
25/05/2021;122.988;124.032;124.696;122.701;8910000;-0,0084;0;0,008139005;124.639;126.875;128.458
26/05/2021;123.989;122.988;124.256;122.988;8260000;0,0081;1;0,003048658;125.381;127.845;128.835
27/05/2021;124.367;123.989;124.537;123.470;13140000;0,003;1;0,009600618;126.681;128.619;129.098
28/05/2021;125.561;124.367;125.698;124.284;8850000;0,0096;1;0,005216588;128.028;129.240;129.301
31/05/2021;126.216;125.561;126.216;125.540;5950000;0,0052;1;0,016249921;129.331;129.791;129.519
01/06/2021;128.267;126.218;128.363;126.218;12500000;0,0162;1;0,010400181;130.168;129.959;129.555
02/06/2021;129.601;128.268;129.601;128.167;12780000;0,0104;1;0,004050895;130.230;130.046;129.471
04/06/2021;130.126;129.600;130.137;129.148;9810000;0,0041;1;0,004995159;130.157;130.041;129.427
07/06/2021;130.776;130.125;131.190;129.498;9660000;0,005;1;-0,00756255;129.923;129.824;129.176
08/06/2021;129.787;130.776;130.776;129.230;10350000;-0,0076;0;0,000924592;129.808;129.577;129.007
09/06/2021;129.907;129.800;130.882;129.281;9840000;0,0009;1;0,001300931;129.908;129.362;128.823
10/06/2021;130.076;129.911;130.527;129.526;8530000;0,0013;1;-0,004881761;129.913;129.247;128.589
11/06/2021;129.441;130.076;130.294;128.678;7750000;-0,0049;0;0,00592548;129.853;129.150;128.320
14/06/2021;130.208;129.441;131.084;129.441;8160000;0,0059;1;-0,000898562;129.136;128.896;128.135
15/06/2021;130.091;130.208;130.436;129.304;7210000;-0,0009;0;-0,006395523;128.574;128.814;127.908
16/06/2021;129.259;130.091;130.283;128.345;12880000;-0,0064;0;-0,009299159;128.576;128.527;127.611
17/06/2021;128.057;129.259;129.919;127.576;9660000;-0,0093;0;0,00271754;128.812;128.438;127.537
18/06/2021;128.405;128.050;128.796;127.595;12430000;0,0027;1;0,006697559;128.820;128.284;127.324
21/06/2021;129.265;128.405;129.412;128.048;7330000;0,0067;1;-0,003852551;128.903;127.932;127.205
22/06/2021;128.767;129.242;129.259;127.803;9330000;-0,0039;0;-0,002632662;128.399;127.489;127.162
23/06/2021;128.428;128.769;129.901;128.182;7990000;-0,0026;0;0,0084561;128.066;127.374;127.161
24/06/2021;129.514;128.433;129.541;128.428;7240000;0,0085;1;-0,017434409;127.337;127.003;127.014
25/06/2021;127.256;129.513;129.748;126.697;9360000;-0,0174;0;0,001359464;127.186;126.694;126.922
28/06/2021;127.429;127.255;128.067;126.629;8160000;0,0014;1;-0,000800446;126.598;126.636;126.705
29/06/2021;127.327;127.429;127.507;126.184;7780000;-0,0008;0;-0,004123242;126.697;126.365;126.568
30/06/2021;126.802;127.323;127.323;126.199;9100000;-0,0041;0;-0,008958849;126.736;126.478;126.505
01/07/2021;125.666;126.802;127.204;124.994;9290000;-0,009;0;0,015565069;126.546;126.835;126.540
02/07/2021;127.622;125.667;127.672;125.667;7430000;0,0156;1;-0,005500619;126.345;126.947;126.356
05/07/2021;126.920;127.622;127.633;126.531;5260000;-0,0055;0;-0,014379136;125.847;127.026;126.291
06/07/2021;125.095;126.919;126.919;124.866;7650000;-0,0144;0;0,015380311;126.680;127.149;126.256
07/07/2021;127.019;125.096;127.249;125.094;8150000;0,0154;1;-0,012525685;127.063;126.774;126.204
08/07/2021;125.428;127.013;127.013;124.310;8880000;-0,0125;0;0,017268871;128.056;126.770;126.221
12/07/2021;127.594;125.428;127.782;125.428;7420000;0,0173;1;0,004498644;128.014;126.533;125.808
13/07/2021;128.168;127.594;128.420;126.441;7150000;0,0045;1;0,00186474;127.278;126.244;125.404
14/07/2021;128.407;128.169;129.620;128.085;9210000;0,0019;1;-0,007312685;125.941;125.765;125.059
15/07/2021;127.468;128.407;128.976;126.922;7420000;-0,0073;0;-0,01183042;125.252;125.556;124.654
16/07/2021;125.960;127.468;128.010;125.808;7360000;-0,0118;0;-0,012424579;125.242;125.363;124.345
19/07/2021;124.395;125.958;125.958;123.317;9210000;-0,0124;0;0,008087142;125.826;125.633;124.232
20/07/2021;125.401;124.395;125.631;123.631;7630000;0,0081;1;0,004210493;125.710;125.672;124.062
21/07/2021;125.929;125.404;126.112;125.247;7150000;0,0042;1;0,001731134;125.735;125.083;123.795
22/07/2021;126.147;125.930;126.428;125.416;6480000;0,0017;1;-0,008672422;125.223;124.564;123.503
23/07/2021;125.053;126.140;126.204;124.422;6050000;-0,0087;0;0,007604776;125.634;124.353;123.192
26/07/2021;126.004;125.058;126.214;125.006;6330000;0,0076;1;-0,011047268;125.524;123.753;122.849
27/07/2021;124.612;126.004;126.026;123.670;7310000;-0,011;0;0,013433698;124.587;123.327;122.461
28/07/2021;126.286;124.615;126.712;124.542;9040000;0,0134;1;-0,004838224;123.331;122.830;121.862
29/07/2021;125.675;126.285;126.476;124.917;7490000;-0,0048;0;-0,030825542;122.631;122.451;121.217
30/07/2021;121.801;125.672;125.673;121.748;9400000;-0,0308;0;0,005870231;122.631;122.508;120.886
02/08/2021;122.516;121.803;124.536;121.797;8570000;0,0059;1;0,008660093;122.337;122.443;120.567
03/08/2021;123.577;122.516;123.765;120.807;9390000;0,0087;1;-0,014371606;122.081;122.032;120.131
04/08/2021;121.801;123.577;123.587;121.072;9160000;-0,0144;0;-0,001379299;122.487;121.945;120.017
05/08/2021;121.633;121.801;123.541;121.128;10910000;-0,0014;0;0,00967665;122.677;121.595;119.959
06/08/2021;122.810;121.633;123.287;121.568;7500000;0,0097;1;0,001701816;122.426;120.894;119.667
09/08/2021;123.019;122.809;123.597;122.258;7170000;0,0017;1;-0,006641251;121.653;119.983;119.500
10/08/2021;122.202;123.021;123.513;122.061;8300000;-0,0066;0;-0,001194743;121.317;119.263;119.324
11/08/2021;122.056;122.203;122.756;120.827;8690000;-0,0012;0;-0,011101462;120.358;118.691;119.090
12/08/2021;120.701;122.056;122.095;120.534;11070000;-0,0111;0;0,004084473;119.426;118.230;118.997
13/08/2021;121.194;120.701;121.275;120.045;10640000;0,0041;1;-0,016617984;117.909;118.090;118.674
16/08/2021;119.180;121.191;121.191;118.684;9740000;-0,0166;0;-0,010706494;117.237;118.324;118.514
17/08/2021;117.904;119.179;119.179;116.248;11220000;-0,0107;0;-0,010695142;117.287;118.441;118.511
18/08/2021;116.643;117.904;118.739;116.489;11750000;-0,0107;0;0,004475194;117.563;119.017;118.281
19/08/2021;117.165;116.641;117.453;114.801;10520000;0,0045;1;0,007579055;118.579;119.385;118.152
20/08/2021;118.053;117.163;118.308;116.040;8930000;0,0076;1;-0,004921518;119.500;119.489;117.883
23/08/2021;117.472;118.053;118.445;117.062;7850000;-0,0049;0;0,023316194;119.918;119.764;117.807
24/08/2021;120.211;117.474;120.463;117.474;9180000;0,0233;1;0,005049455;120.073;119.259;117.519
25/08/2021;120.818;120.210;120.818;119.226;7520000;0,005;1;-0,017331855;119.714;118.704;117.108
26/08/2021;118.724;120.817;120.833;118.719;8430000;-0,0173;0;0,01645834;119.733;118.582;116.755
27/08/2021;120.678;118.725;120.678;118.721;7320000;0,0165;1;-0,007772751;119.306;117.544;116.096
30/08/2021;119.740;120.677;120.684;119.354;6390000;-0,0078;0;-0,00800902;118.285;116.919;115.317
31/08/2021;118.781;119.738;120.157;117.911;11540000;-0,008;0;0,005177596;117.669;116.276;114.708
01/09/2021;119.396;118.793;119.942;118.067;9520000;0,0052;1;-0,022772957;117.160;115.849;114.200
02/09/2021;116.677;119.394;119.397;116.534;9860000;-0,0228;0;0,002194091;116.072;115.778;114.013
03/09/2021;116.933;116.679;117.396;115.583;12520000;0,0022;1;0,008004584;115.548;115.511;113.752
06/09/2021;117.869;116.926;117.981;116.156;5110000;0,008;1;-0,037804681;114.353;114.929;113.446
08/09/2021;113.413;117.866;117.866;113.172;12320000;-0,0378;0;0,017176161;115.350;114.647;113.211
09/09/2021;115.361;113.413;116.354;112.435;13890000;0,0172;1;-0,009318574;115.624;113.716;112.907
10/09/2021;114.286;115.370;116.896;114.286;11160000;-0,0093;0;0,018532454;115.883;113.139;112.671
13/09/2021;116.404;114.300;117.046;114.300;9250000;0,0185;1;-0,001915742;115.013;112.550;112.421
14/09/2021;116.181;116.405;117.270;115.809;9030000;-0,0019;0;-0,009622916;113.432;112.248;112.008
15/09/2021;115.063;116.191;116.312;114.741;9460000;-0,0096;0;-0,011028741;111.359;111.994;111.679
16/09/2021;113.794;115.062;115.062;113.395;10690000;-0,011;0;-0,020695291;110.178;111.964;111.448
17/09/2021;111.439;113.794;113.794;111.157;14830000;-0,0207;0;-0,023286282;110.459;111.776;111.387
20/09/2021;108.844;111.435;111.435;107.520;11500000;-0,0233;0;0,01291757;112.199;112.099;111.672
21/09/2021;110.250;108.859;110.923;108.859;11250000;0,0129;1;0,018430839;113.210;112.203;111.809
22/09/2021;112.282;110.252;113.321;110.251;12160000;0,0184;1;0,015870754;113.643;112.291;111.893
23/09/2021;114.064;112.282;114.330;112.281;11480000;0,0159;1;-0,006847033;112.330;111.767;111.830
24/09/2021;113.283;114.062;114.062;112.505;9120000;-0,0068;0;0,002648235;111.605;111.363;111.928
27/09/2021;113.583;113.283;114.432;112.360;10740000;0,0026;1;-0,030453501;110.737;110.932;111.988
28/09/2021;110.124;113.584;113.584;109.981;13190000;-0,0305;0;0,008926301;111.662;110.997;112.028
29/09/2021;111.107;110.125;112.028;110.125;11370000;0,0089;1;-0,001152043;111.424;111.244;112.005
30/09/2021;110.979;111.117;112.371;110.743;13160000;-0,0012;0;0,017309581;111.250;111.416;111.773
01/10/2021;112.900;110.980;113.020;110.980;10780000;0,0173;1;-0,022205492;110.470;111.495;111.301
04/10/2021;110.393;112.900;112.900;109.979;11810000;-0,0222;0;0,000588805;110.534;111.894;111.181
05/10/2021;110.458;110.397;111.691;110.087;10380000;0,0006;1;0,000923428;111.326;112.492;110.893
06/10/2021;110.560;110.454;110.614;108.180;13280000;0,0009;1;0,000226122;111.866;113.045;110.593
07/10/2021;110.585;110.563;111.522;110.563;10650000;0,0002;1;0,020328254;112.823;113.058;110.245
08/10/2021;112.833;110.586;114.172;110.586;12870000;0,0203;1;-0,005787314;112.940;112.765;109.578
11/10/2021;112.180;112.834;113.982;112.052;10280000;-0,0058;0;0,011374577;113.763;112.130;109.104
13/10/2021;113.456;112.180;114.159;111.807;11730000;0,0114;1;-0,002388591;114.087;111.107;108.545
14/10/2021;113.185;113.457;113.881;112.708;8960000;-0,0024;0;0,012925741;113.250;110.469;107.846
15/10/2021;114.648;113.189;114.776;113.049;11170000;0,0129;1;-0,001918917;111.962;109.293;107.145
18/10/2021;114.428;114.647;114.927;112.841;11200000;-0,0019;0;-0,032815395;109.731;108.141;106.456
19/10/2021;110.673;114.422;114.422;109.947;14130000;-0,0328;0;0,001021026;108.272;107.431;106.089
20/10/2021;110.786;110.677;112.023;110.176;11740000;0,001;1;-0,027539581;107.582;106.391;105.745
21/10/2021;107.735;110.767;110.767;105.714;16510000;-0,0275;0;-0,013356848;107.144;106.079;105.735
22/10/2021;106.296;107.714;107.749;102.854;21170000;-0,0134;0;0,022757206;107.166;105.982;105.737
25/10/2021;108.715;106.298;109.372;106.296;11510000;0,0228;1;-0,021110242;106.163;105.224;105.429
26/10/2021;106.420;108.713;108.713;106.321;10760000;-0,0211;0;-0,000535614;105.190;104.996;105.181
27/10/2021;106.363;106.433;108.224;106.045;10830000;-0,0005;0;-0,006186362;104.919;104.770;104.900
28/10/2021;105.705;106.369;107.210;105.282;11500000;-0,0062;0;-0,02085048;104.890;104.746;104.709
29/10/2021;103.501;105.707;105.954;103.430;12600000;-0,0209;0;0,019806572;104.860;105.098;104.611
01/11/2021;105.551;103.514;106.136;103.514;10730000;0,0198;1;0,00062529;104.618;105.390;104.475
03/11/2021;105.617;105.547;106.754;104.205;14700000;0,0006;1;-0,020877321;104.339;105.493;104.397
04/11/2021;103.412;105.617;105.627;102.835;12080000;-0,0209;0;0,013654121;105.047;105.635;104.568
05/11/2021;104.824;103.412;105.555;103.412;12590000;0,0137;1;-0,000410211;105.428;105.367;104.382
08/11/2021;104.781;104.824;105.679;104.182;9360000;-0,0004;0;0,007195961;106.366;105.030;104.242
09/11/2021;105.535;104.783;106.674;104.783;11020000;0,0072;1;0,004102904;106.633;104.673;103.983
10/11/2021;105.968;105.535;107.407;105.140;12280000;0,0041;1;0,015353692;106.111;104.124;103.612
11/11/2021;107.595;105.988;108.669;105.988;12660000;0,0154;1;-0,011710581;104.562;103.561;103.389
12/11/2021;106.335;107.576;107.915;105.842;13250000;-0,0117;0;-0,01815959;103.259;103.300;103.298
16/11/2021;104.404;106.336;106.971;104.113;11580000;-0,0182;0;-0,013945826;102.803;103.501;103.474
17/11/2021;102.948;104.405;105.535;102.551;12830000;-0,0139;0;-0,005070521;102.528;103.398;103.803
18/11/2021;102.426;102.948;103.757;102.014;10910000;-0,0051;0;0,005945756;102.937;103.453;104.208
19/11/2021;103.035;102.426;103.975;102.143;11100000;0,0059;1;-0,008861067;103.430;103.293;104.441
22/11/2021;102.122;103.036;104.613;102.122;10410000;-0,0089;0;0,015001665;104.660;103.101;104.843
23/11/2021;103.654;102.124;103.841;101.736;13030000;0,015;1;0,008296834;104.183;103.217;105.110
24/11/2021;104.514;103.652;105.041;102.464;10470000;0,0083;1;0,012409821;103.616;103.296;105.270
25/11/2021;105.811;104.514;106.400;104.514;7890000;0,0124;1;-0,033900067;102.318;103.446;105.386
26/11/2021;102.224;105.810;105.810;101.495;10970000;-0,0339;0;0,005771639;101.835;104.208;105.822
29/11/2021;102.814;102.227;104.149;102.226;10280000;0,0058;1;-0,008743945;102.385;104.963;106.135
30/11/2021;101.915;102.814;103.066;100.075;18200000;-0,0087;0;-0,011185792;103.437;105.588;106.357
01/12/2021;100.775;101.916;104.087;100.727;13760000;-0,0112;0;0,036626147;105.465;106.585;106.694
02/12/2021;104.466;100.785;104.466;100.785;14850000;0,0366;1;0,005781785;106.496;107.002;106.750
03/12/2021;105.070;104.467;106.814;104.090;14580000;0,0058;1;0,017026744;107.504;107.244;106.737
06/12/2021;106.859;105.070;107.498;105.070;11130000;0,017;1;0,00654133;107.315;107.325;106.644
07/12/2021;107.558;106.868;108.655;106.868;11770000;0,0065;1;0,005001952;107.382;107.435;106.451
08/12/2021;108.096;107.558;108.521;107.309;13170000;0,005;1;-0,01669812;107.144;107.307;106.166
09/12/2021;106.291;108.095;108.095;105.890;11080000;-0,0167;0;0,013801733;107.300;107.126;106.062
10/12/2021;107.758;106.296;108.275;106.296;10470000;0,0138;1;-0,00348002;107.191;106.803;105.788
13/12/2021;107.383;107.758;109.493;107.383;12510000;-0,0035;0;-0,005801663;107.506;106.497;105.511
14/12/2021;106.760;107.387;109.148;106.445;11600000;-0,0058;0;0,006285126;107.653;106.230;105.100
15/12/2021;107.431;106.763;107.603;105.697;12660000;0,0063;1;0,008330929;106.849;105.962;104.681
16/12/2021;108.326;107.433;109.034;107.433;13750000;0,0083;1;-0,010385318;105.907;105.468;104.280
17/12/2021;107.201;108.324;108.324;106.518;14930000;-0,0104;0;-0,020344959;105.255;105.026;103.905
20/12/2021;105.020;107.171;107.171;104.358;10570000;-0,0203;0;0,004570558;105.212;104.997;103.816
21/12/2021;105.500;105.020;105.906;105.020;9040000;0,0046;1;-0,00242654;105.230;104.772;103.830
22/12/2021;105.244;105.499;105.711;104.386;8050000;-0,0024;0;-0,00335411;105.103;104.525;103.850
23/12/2021;104.891;105.251;105.453;104.637;7280000;-0,0034;0;0,006320847;104.842;103.970;103.996
27/12/2021;105.554;104.892;105.694;104.798;7590000;0,0063;1;-0,006536938;104.598;103.399;104.054
28/12/2021;104.864;105.555;105.652;104.503;7510000;-0,0065;0;-0,007218874;104.284;103.093;104.183
29/12/2021;104.107;104.863;105.190;103.851;6590000;-0,0072;0;0,006867934;104.086;102.784;104.462
30/12/2021;104.822;104.106;105.269;104.106;11140000;0,0069;1;-0,008585984;102.814;102.635;104.768
03/01/2022;103.922;104.823;106.125;103.413;11130000;-0,0086;0;-0,003926021;102.027;102.887;105.126
04/01/2022;103.514;103.922;104.276;103.096;11490000;-0,0039;0;-0,024228607;101.762;103.175;105.442
05/01/2022;101.006;103.514;103.514;100.850;12880000;-0,0242;0;0,005494723;102.075;104.021;106.099
06/01/2022;101.561;101.006;102.235;101.000;11750000;0,0055;1;0,011402015;102.814;104.709;106.794
07/01/2022;102.719;101.561;102.719;101.104;11730000;0,0114;1;-0,00753512;103.803;105.273;107.501
10/01/2022;101.945;102.719;102.719;101.038;10260000;-0,0075;0;0,017990093;104.998;106.140;108.212
11/01/2022;103.779;101.946;103.780;101.918;12420000;0,018;1;0,018375587;106.048;106.900;108.810
12/01/2022;105.686;103.779;105.869;103.771;13030000;0,0184;1;-0,001476071;106.277;107.365;109.349
13/01/2022;105.530;105.686;106.251;104.974;11710000;-0,0015;0;0,013247418;106.657;107.709;109.803
14/01/2022;106.928;105.530;107.062;105.028;11460000;0,0132;1;-0,005181056;107.018;108.177;110.144
17/01/2022;106.374;106.927;106.928;106.097;6920000;-0,0052;0;0,002763833;107.928;108.879;110.563
18/01/2022;106.668;106.369;107.013;105.786;11220000;0,0028;1;0,012609217;108.686;109.728;110.944
19/01/2022;108.013;106.670;108.602;106.669;12600000;0,0126;1;0,01008212;108.660;110.285;111.245
20/01/2022;109.102;108.015;109.873;108.014;13630000;0,0101;1;-0,001466518;109.028;110.720;111.485
21/01/2022;108.942;109.097;109.786;108.368;13410000;-0,0015;0;-0,009225092;109.810;111.332;111.801
24/01/2022;107.937;108.941;108.948;106.624;12700000;-0,0092;0;0,021002992;111.368;111.897;112.204
25/01/2022;110.204;107.935;110.711;107.185;13710000;0,021;1;0,009845378;111.937;112.110;112.468
26/01/2022;111.289;110.206;112.695;110.204;15510000;0,0098;1;0,011887967;112.222;112.247;112.721
27/01/2022;112.612;111.303;113.057;111.303;14810000;0,0119;1;-0,006233794;112.427;112.159;112.904
28/01/2022;111.910;112.611;112.969;111.407;13520000;-0,0062;0;0,002090966;112.422;112.205;113.020
31/01/2022;112.144;111.910;112.678;111.195;12190000;0,0021;1;0,009666144;112.273;112.251;113.072
01/02/2022;113.228;112.143;113.302;112.135;11130000;0,0097;1;-0,011781538;111.945;112.271;112.965
02/02/2022;111.894;113.228;113.666;111.645;11750000;-0,0118;0;-0,001769532;111.979;112.510;113.036
03/02/2022;111.696;111.897;112.502;111.225;11040000;-0,0018;0;0,004915127;112.158;112.825;113.058
04/02/2022;112.245;111.696;112.415;110.321;11460000;0,0049;1;-0,002218362;112.230;113.194;113.012
07/02/2022;111.996;112.247;112.517;111.490;10670000;-0,0022;0;0,002125076;112.688;113.649;113.094
08/02/2022;112.234;111.995;112.251;110.943;10160000;0,0021;1;0,00202256;113.134;113.834;113.304
09/02/2022;112.461;112.233;113.163;111.710;13790000;0,002;1;0,008065018;113.613;113.894;113.497
10/02/2022;113.368;112.462;113.812;112.163;13270000;0,0081;1;0,00179945;114.100;113.659;113.576
11/02/2022;113.572;113.368;114.899;113.128;18600000;0,0018;1;0,002879231;114.636;113.562;113.434
14/02/2022;113.899;113.643;114.167;113.358;10760000;0,0029;1;0,008156349;114.512;113.292;113.242
15/02/2022;114.828;113.905;114.828;113.882;11650000;0,0082;1;0,003074163;113.863;112.829;113.176
16/02/2022;115.181;114.830;115.734;114.816;12050000;0,0031;1;-0,014351325;112.711;112.538;113.067
17/02/2022;113.528;115.181;115.214;113.389;10810000;-0,0144;0;-0,005707843;112.499;112.773;112.938
18/02/2022;112.880;113.534;114.213;112.701;11300000;-0,0057;0;-0,010232105;112.208;113.100;112.727
21/02/2022;111.725;112.880;113.405;111.608;7860000;-0,0102;0;0,01044529;112.164;113.493;112.529
22/02/2022;112.892;111.727;113.315;111.727;12710000;0,0104;1;-0,007830493;112.247;113.307;112.402
23/02/2022;112.008;112.892;113.721;111.748;12120000;-0,0078;0;-0,00371402;113.303;113.192;112.478
24/02/2022;111.592;112.001;112.001;109.125;16790000;-0,0037;0;0,013889885;114.494;113.522;112.744
25/02/2022;113.142;111.591;113.142;110.673;17560000;0,0139;1;0,017959732;114.938;113.596;112.959
02/03/2022;115.174;113.143;115.429;113.143;10700000;0,018;1;-6,95E-05;113.744;113.102;113.109
03/03/2022;115.166;115.173;115.948;115.010;12120000;-0,0001;0;-0,006008718;112.423;112.353;113.273
04/03/2022;114.474;115.166;115.166;113.389;10720000;-0,006;0;-0,025167287;112.232;111.566;113.600
07/03/2022;111.593;114.469;114.529;111.140;14060000;-0,0252;0;-0,003494843;112.922;111.497;114.135
08/03/2022;111.203;111.594;112.390;110.969;15700000;-0,0035;0;0,024252943;113.092;111.764;114.673
09/03/2022;113.900;111.210;114.051;111.207;14710000;0,0243;1;-0,002080773;111.768;111.966;115.109
10/03/2022;113.663;113.900;113.939;111.889;12980000;-0,0021;0;-0,017155979;110.200;112.322;115.581
11/03/2022;111.713;113.664;114.627;111.332;12480000;-0,0172;0;-0,015978445;110.000;113.116;116.173
14/03/2022;109.928;111.716;112.299;109.717;10480000;-0,016;0;-0,008814861;111.049;114.192;117.004
15/03/2022;108.959;109.925;109.925;107.781;13650000;-0,0088;0;0,019759726;113.166;115.634;117.884
16/03/2022;111.112;108.958;111.183;108.958;13210000;0,0198;1;0,017675859;114.847;116.772;118.439
17/03/2022;113.076;111.113;113.088;111.070;14410000;0,0177;1;0,019765467;116.246;117.581;118.807
18/03/2022;115.311;113.076;115.311;112.475;19550000;0,0198;1;0,007319336;116.961;118.253;119.061
21/03/2022;116.155;115.307;116.360;115.208;10380000;0,0073;1;0,009616461;117.927;118.839;119.216
22/03/2022;117.272;116.157;117.541;116.157;11380000;0,0096;1;0,001577529;118.530;119.229;119.193
23/03/2022;117.457;117.270;118.270;117.036;11080000;0,0016;1;0,013587951;118.957;119.816;119.099
24/03/2022;119.053;117.460;119.256;117.151;13470000;0,0136;1;0,000235189;119.278;120.135;118.937
25/03/2022;119.081;119.062;119.729;118.548;13810000;0,0002;1;-0,002880392;119.671;120.107;118.730
28/03/2022;118.738;119.082;119.444;118.061;9170000;-0,0029;0;0,010746349;120.091;120.034;118.512
29/03/2022;120.014;118.740;120.900;118.740;12930000;0,0107;1;0,002049761;120.610;119.869;118.158
30/03/2022;120.260;120.013;120.531;119.775;10890000;0,002;1;-0,002170298;120.950;119.592;117.736
31/03/2022;119.999;120.261;120.880;119.999;11200000;-0,0022;0;0,013091776;120.578;119.157;117.098
01/04/2022;121.570;120.001;121.579;120.001;13780000;0,0131;1;-0,002385457;119.464;118.382;116.321
04/04/2022;121.280;121.569;121.570;120.754;8810000;-0,0024;0;-0,019747691;118.658;117.740;115.388
05/04/2022;118.885;121.279;121.628;118.794;11790000;-0,0197;0;-0,005526349;118.471;117.354;114.706
06/04/2022;118.228;118.885;118.885;116.791;13410000;-0,0055;0;0,00536252;118.046;116.991;114.113
07/04/2022;118.862;118.226;119.247;117.509;11520000;0,0054;1;-0,004543084;117.141;116.447;113.328
08/04/2022;118.322;118.861;118.868;117.487;11230000;-0,0045;0;-0,011570122;116.627;115.879;112.494
11/04/2022;116.953;118.320;118.320;116.953;9560000;-0,0116;0;-0,006891657;116.370;115.040;111.749
12/04/2022;116.147;116.963;118.615;116.054;11410000;-0,0069;0;0,00546721;116.217;114.259;111.192
13/04/2022;116.782;116.150;117.329;116.150;12070000;0,0055;1;-0,005137778;115.642;113.035;110.372
14/04/2022;116.182;116.781;116.781;115.624;10370000;-0,0051;0;-0,004260557;115.029;112.059;109.583
18/04/2022;115.687;116.182;116.191;115.177;8400000;-0,0043;0;-0,005445729;113.493;111.235;108.694
19/04/2022;115.057;115.687;115.687;114.277;10540000;-0,0054;0;-0,006196928;112.036;110.209;107.841
20/04/2022;114.344;115.057;115.057;113.945;10750000;-0,0062;0;-0,028562933;109.992;109.108;107.131
22/04/2022;111.078;114.343;114.343;110.591;10880000;-0,0286;0;-0,003538054;109.416;108.458;106.746
25/04/2022;110.685;111.077;111.155;109.222;11100000;-0,0035;0;-0,02233365;109.160;108.124;106.477
26/04/2022;108.213;110.684;110.685;107.978;11750000;-0,0223;0;0,010497814;109.048;107.708;106.478
27/04/2022;109.349;108.214;110.107;108.214;11520000;0,0105;1;0,005212668;108.145;107.106;106.438
28/04/2022;109.919;109.349;110.702;108.905;11130000;0,0052;1;-0,018586414;107.014;106.154;106.176
29/04/2022;107.876;109.922;111.819;107.876;13660000;-0,0186;0;-0,011466869;107.170;105.473;106.114
02/05/2022;106.639;107.876;107.884;105.218;11940000;-0,0115;0;-0,001040895;106.725;105.153;106.246
03/05/2022;106.528;106.640;107.127;106.033;9940000;-0,001;0;0,017047161;106.261;105.033;106.519
04/05/2022;108.344;106.529;108.382;104.933;14560000;0,017;1;-0,028058776;104.563;104.830;106.678
05/05/2022;105.304;108.337;108.337;103.923;13830000;-0,0281;0;-0,001604877;103.832;105.248;107.055
06/05/2022;105.135;105.303;106.268;103.984;14140000;-0,0016;0;-0,017929329;103.586;105.770;107.538
09/05/2022;103.250;105.109;105.109;102.768;13200000;-0,0179;0;-0,001355932;104.398;106.198;108.159
10/05/2022;103.110;103.251;104.286;102.386;13510000;-0,0014;0;0,012481816;105.670;106.755;108.724
11/05/2022;104.397;103.110;105.374;103.008;13430000;0,0125;1;0,012366256;106.948;107.339;109.221
12/05/2022;105.688;104.395;105.708;103.579;14000000;0,0124;1;0,0116948;107.982;108.005;109.626
13/05/2022;106.924;105.691;107.773;105.691;12370000;0,0117;1;0,01224234;107.756;108.527;110.017
16/05/2022;108.233;106.925;108.795;106.852;10600000;0,0122;1;0,005137065;107.347;108.862;110.222
17/05/2022;108.789;108.246;109.774;108.245;16500000;0,0051;1;-0,023366333;107.247;109.305;110.322
18/05/2022;106.247;108.788;108.923;106.038;14750000;-0,0234;0;0,007134319;108.613;110.119;110.595
19/05/2022;107.005;106.249;107.420;105.760;11430000;0,0071;1;0,013859165;109.805;110.694;110.692
20/05/2022;108.488;107.056;108.795;107.056;12870000;0,0139;1;0,017126318;110.502;111.103;110.593
23/05/2022;110.346;108.500;110.680;108.500;10690000;0,0171;1;0,002129665;111.017;111.248;110.245
24/05/2022;110.581;110.340;110.635;108.399;11720000;0,0021;1;-9,04E-06;111.471;111.507;109.675
25/05/2022;110.580;110.580;111.006;109.699;10740000;0;0;0,011846627;111.621;111.581;109.066
26/05/2022;111.890;110.577;112.102;110.388;13080000;0,0118;1;0,000464742;111.442;111.338;108.418
27/05/2022;111.942;111.890;112.441;111.558;9980000;0,0005;1;-0,00812921;111.248;111.071;107.552
30/05/2022;111.032;111.944;112.690;110.655;7280000;-0,0081;0;0,002873046;111.701;110.690;106.754
31/05/2022;111.351;111.036;111.903;110.685;15810000;0,0029;1;8,08255E-05;111.618;110.082;105.920
01/06/2022;111.360;111.351;111.931;110.822;9790000;0,0001;1;0,009276221;111.227;109.242;105.075
02/06/2022;112.393;111.363;112.709;111.218;10050000;0,0093;1;-0,01148648;110.453;107.843;104.052
03/06/2022;111.102;112.392;112.392;110.935;8760000;-0,0115;0;-0,008244676;109.541;106.551;103.165
06/06/2022;110.186;111.102;111.935;110.015;8210000;-0,0082;0;-0,001052765;108.511;105.497;102.492
07/06/2022;110.070;110.185;110.435;109.394;9470000;-0,0011;0;-0,015462887;106.981;104.034;101.815
08/06/2022;108.368;110.067;110.142;108.045;10380000;-0,0155;0;-0,011756238;105.058;102.817;101.190
09/06/2022;107.094;108.367;108.510;107.068;11960000;-0,0118;0;-0,015061535;103.381;101.759;100.579
10/06/2022;105.481;107.091;107.092;104.648;12840000;-0,0151;0;-0,027331937;102.489;100.908;100.113
13/06/2022;102.598;105.476;105.478;101.700;13840000;-0,0273;0;-0,005214527;101.565;100.262;99.828
14/06/2022;102.063;102.598;103.328;101.325;11560000;-0,0052;0;0,007289615;100.828;99.778;99.559
15/06/2022;102.807;102.068;103.952;102.046;16020000;0,0073;1;-0,029005807;99.788;99.486;99.267
17/06/2022;99.825;102.800;102.801;98.402;18930000;-0,029;0;0,000280491;99.687;99.595;99.331
20/06/2022;99.853;99.824;100.481;98.409;10900000;0,0003;1;-0,001682473;99.096;99.562;99.362
21/06/2022;99.685;99.854;101.069;99.167;11070000;-0,0017;0;-0,001635151;98.758;99.399;99.257
22/06/2022;99.522;99.678;100.374;98.050;11680000;-0,0016;0;-0,014489259;99.172;99.318;99.168
23/06/2022;98.080;99.523;100.232;97.775;12410000;-0,0145;0;0,006035889;100.009;99.393;99.154
24/06/2022;98.672;98.081;99.313;98.031;10350000;0,006;1;0,021201557;100.326;99.340;98.971
27/06/2022;100.764;98.673;101.106;98.672;9900000;0,0212;1;-0,001716883;99.585;99.047;98.671
28/06/2022;100.591;100.766;102.237;99.956;10490000;-0,0017;0;-0,009633069;99.039;99.067;98.408
29/06/2022;99.622;100.592;101.313;99.218;10450000;-0,0096;0;-0,010840979;98.702;99.163;98.310
30/06/2022;98.542;99.619;99.619;97.758;14590000;-0,0108;0;0,004180958;98.619;99.115;98.291
01/07/2022;98.954;98.542;99.340;97.231;11610000;0,0042;1;-0,003486468;98.541;99.018;98.297
04/07/2022;98.609;98.952;99.353;98.264;6280000;-0,0035;0;-0,003184294;99.248;98.914;98.320
05/07/2022;98.295;98.608;98.608;96.499;13360000;-0,0032;0;0,004313546;99.913;98.603;98.461
06/07/2022;98.719;98.294;99.141;97.423;13350000;0,0043;1;0,020370952;99.744;98.294;98.536
07/07/2022;100.730;98.722;101.420;98.722;12700000;0,0204;1;-0,00437804;98.924;97.749;98.587
08/07/2022;100.289;100.732;101.577;99.958;9730000;-0,0044;0;-0,020710148;98.121;97.457;98.751
11/07/2022;98.212;100.282;100.282;97.854;8890000;-0,0207;0;0,000600741;97.424;97.467;99.105
12/07/2022;98.271;98.212;98.737;97.253;12570000;0,0006;1;-0,003968617;96.851;97.576;99.388
13/07/2022;97.881;98.258;98.928;97.403;12210000;-0,004;0;-0,017981018;96.529;97.725;99.779
14/07/2022;96.121;97.879;97.879;95.431;12580000;-0,018;0;0,004473528;97.237;98.318;100.326
15/07/2022;96.551;96.119;96.971;95.267;11350000;0,0045;1;0,003780385;97.816;98.778;100.993
18/07/2022;96.916;96.553;98.291;96.553;10740000;0,0038;1;0,013712906;98.522;99.424;101.676
19/07/2022;98.245;96.920;98.346;96.917;10300000;0,0137;1;0,000427503;98.748;100.046;102.401
20/07/2022;98.287;98.244;98.366;97.277;12940000;0,0004;1;0,007590017;99.409;100.743;103.141
21/07/2022;99.033;98.286;99.057;97.088;10060000;0,0076;1;-0,001090546;99.656;101.199;103.942
22/07/2022;98.925;99.034;99.724;98.321;10030000;-0,0011;0;0,013596159;100.493;101.833;104.713
25/07/2022;100.270;98.926;100.508;98.925;8620000;0,0136;1;-0,00496659;101.269;102.333;105.605
26/07/2022;99.772;100.270;100.753;99.365;9140000;-0,005;0;0,016698072;102.400;103.208;106.552
27/07/2022;101.438;99.773;101.471;99.772;10260000;0,0167;1;0,011425698;102.662;103.927;107.415
28/07/2022;102.597;101.437;102.686;101.045;11130000;0,0114;1;0,005536224;102.917;104.756;108.208
29/07/2022;103.165;102.597;103.989;102.514;12930000;0,0055;1;-0,009111617;103.121;105.540;108.969
01/08/2022;102.225;103.165;103.317;101.764;11630000;-0,0091;0;0,011122524;104.343;106.684;109.631
02/08/2022;103.362;102.225;103.660;101.694;10120000;0,0111;1;0,003995666;105.380;107.592;110.141
03/08/2022;103.775;103.362;103.878;102.822;12380000;0,004;1;0,020399904;106.922;108.876;110.790
04/08/2022;105.892;103.777;106.162;103.777;15500000;0,0204;1;0,005477279;107.842;109.896;111.290
05/08/2022;106.472;105.893;107.176;105.518;12950000;0,0055;1;0,018126831;109.096;110.902;111.794
08/08/2022;108.402;106.473;108.489;106.473;12670000;0,0181;1;0,002297006;109.535;111.660;112.073
09/08/2022;108.651;108.403;109.331;107.842;12150000;0,0023;1;0,014587993;110.906;112.398;112.335
10/08/2022;110.236;108.658;110.362;108.657;13380000;0,0146;1;-0,004699009;111.838;112.578;112.349
11/08/2022;109.718;110.236;111.310;109.604;14940000;-0,0047;0;0,027762081;113.103;112.689;112.335
12/08/2022;112.764;109.718;112.764;109.718;18700000;0,0278;1;0,002376645;113.417;112.703;112.166
15/08/2022;113.032;112.767;113.214;111.067;15550000;0,0024;1;0,004246585;113.678;112.684;112.012
16/08/2022;113.512;113.034;113.626;112.690;12990000;0,0043;1;0,00172669;113.006;112.686;111.918
17/08/2022;113.708;113.508;114.146;112.483;14650000;0,0017;1;0,000923418;111.937;112.485;111.636
18/08/2022;113.813;113.708;114.375;113.304;10640000;0,0009;1;-0,020357956;111.618;112.272;111.358
19/08/2022;111.496;113.807;113.807;111.146;12680000;-0,0204;0;-0,008924087;112.085;112.120;111.415
22/08/2022;110.501;111.487;111.487;109.858;11010000;-0,0089;0;0,021321074;113.096;111.980;111.623
23/08/2022;112.857;110.504;112.965;110.503;11890000;0,0213;1;0,000363292;112.910;111.630;111.476
24/08/2022;112.898;112.856;113.888;112.632;13760000;0,0004;1;0,005615688;112.718;111.340;111.308
25/08/2022;113.532;112.898;114.156;112.768;11840000;0,0056;1;-0,010860374;111.684;111.150;111.052
26/08/2022;112.299;113.533;114.091;111.978;11160000;-0,0109;0;0,000213715;110.759;110.788;110.837
29/08/2022;112.323;112.296;113.222;111.689;9800000;0,0002;1;-0,016844279;110.120;110.444;110.801
30/08/2022;110.431;112.323;112.869;110.103;11940000;-0,0168;0;-0,008222329;110.264;110.711;110.950
31/08/2022;109.523;110.431;111.364;109.523;14790000;-0,0082;0;0,008053103;111.157;111.266;111.122
01/09/2022;110.405;109.524;110.405;108.217;14480000;0,0081;1;0,00415742;110.944;111.321;111.384
02/09/2022;110.864;110.409;112.264;110.409;16690000;0,0042;1;0,012077861;110.628;111.276;111.445
05/09/2022;112.203;110.868;112.671;110.865;9520000;0,0121;1;-0,021737387;110.660;110.955;111.224
06/09/2022;109.764;112.203;112.203;109.348;14300000;-0,0217;0;0,001384789;111.874;110.885;111.125
08/09/2022;109.916;109.771;110.768;108.619;13760000;0,0014;1;0,02168929;112.167;111.158;111.020
09/09/2022;112.300;109.922;112.540;109.922;12160000;0,0217;1;0,009857524;111.583;111.189;110.689
12/09/2022;113.407;112.307;114.160;112.305;11710000;0,0098;1;-0,023040906;110.432;110.979;110.449
13/09/2022;110.794;113.398;113.400;110.522;12610000;-0,023;0;-0,002229363;109.927;111.447;110.830
14/09/2022;110.547;110.794;111.504;110.118;11630000;-0,0022;0;-0,005364234;110.353;111.614;111.236
15/09/2022;109.954;110.547;111.100;109.524;11620000;-0,0054;0;-0,006129836;111.207;111.494;111.753
16/09/2022;109.280;109.951;109.952;108.489;18840000;-0,0061;0;0,023279649;112.092;111.365;112.345
19/09/2022;111.824;109.283;111.976;108.508;12590000;0,0233;1;0,006197239;112.841;110.883;112.670
20/09/2022;112.517;111.824;112.544;111.393;12570000;0,0062;1;-0,005163664;112.574;110.190;112.915
21/09/2022;111.936;112.517;113.294;111.380;14730000;-0,0052;0;0,019064465;111.633;109.918;113.121
22/09/2022;114.070;111.942;114.392;111.819;15680000;0,0191;1;-0,020636451;109.735;110.213;113.137
23/09/2022;111.716;114.070;114.070;110.732;13540000;-0,0206;0;-0,023291203;108.647;110.858;113.163
26/09/2022;109.114;111.713;111.713;109.022;13130000;-0,0233;0;-0,006763568;108.164;112.013;113.485
27/09/2022;108.376;109.122;110.161;108.120;14520000;-0,0068;0;0,000692035;108.717;113.325;114.011
28/09/2022;108.451;108.377;108.970;107.914;13540000;0,0007;1;-0,007256733;111.278;114.457;114.570
29/09/2022;107.664;108.449;108.449;106.244;14590000;-0,0073;0;0,022040794;114.134;115.639;115.249
30/09/2022;110.037;107.664;110.502;107.315;16540000;0,022;1;0,055408635;116.521;116.324;115.956
03/10/2022;116.134;110.048;116.134;110.048;20980000;0,0554;1;0,000826631;116.996;116.062;115.947
04/10/2022;116.230;116.147;118.280;115.837;16080000;0,0008;1;0,008328315;117.045;115.468;115.832
05/10/2022;117.198;116.231;117.514;115.906;13560000;0,0083;1;0,003097322;116.626;114.957;115.516
06/10/2022;117.561;117.200;118.382;117.144;14520000;0,0031;1;-0,01008838;115.714;114.697;115.307
07/10/2022;116.375;117.560;117.960;115.924;13620000;-0,0101;0;-0,003729323;115.023;114.683;115.176
10/10/2022;115.941;116.377;116.841;115.261;11430000;-0,0037;0;-0,009608335;113.733;114.859;115.183
11/10/2022;114.827;115.928;115.928;114.297;13140000;-0,0096;0;-0,004589513;113.332;115.588;115.333
13/10/2022;114.300;114.819;115.367;112.690;14580000;-0,0046;0;-0,019492563;113.813;115.832;115.518
14/10/2022;112.072;114.301;114.712;111.631;13100000;-0,0195;0;0,01384824;115.214;116.197;115.953
17/10/2022;113.624;112.107;114.406;112.090;11630000;0,0138;1;0,018649229;116.396;116.074;116.076
18/10/2022;115.743;113.627;115.795;113.627;14740000;0,0187;1;0,00458775;117.791;115.917;116.105
19/10/2022;116.274;115.744;116.459;115.264;12730000;0,0046;1;0,007714536;117.704;115.669;115.913
20/10/2022;117.171;116.276;117.367;116.276;16920000;0,0077;1;0,023538248;116.856;115.507;115.385
21/10/2022;119.929;117.170;120.752;116.736;18580000;0,0235;1;-0,032652653;114.468;115.078;114.836
24/10/2022;116.013;119.922;119.924;115.793;13280000;-0,0327;0;-0,011955557;114.010;115.205;114.633
25/10/2022;114.626;116.016;116.203;114.626;14730000;-0,012;0;-0,016244133;113.981;115.709;114.320
26/10/2022;112.764;114.626;114.626;112.577;16090000;-0,0162;0;0,016645383;115.072;116.077;114.101
27/10/2022;114.641;112.766;116.236;112.765;15530000;0,0166;1;-0,000889734;115.835;116.294;113.689
28/10/2022;114.539;114.636;114.712;113.336;14390000;-0,0009;0;0,013078515;116.621;116.157;113.347
31/10/2022;116.037;114.533;116.763;112.113;21640000;0,0131;1;0,007687203;117.327;115.262;112.847
01/11/2022;116.929;116.037;118.261;115.547;17970000;0,0077;1;-0,000282223;116.798;114.594;112.269
03/11/2022;116.896;116.927;117.373;114.485;15630000;-0,0003;0;0,010770257;116.552;114.061;111.907
04/11/2022;118.155;116.907;120.039;116.904;16210000;0,0108;1;-0,02380771;115.027;112.931;111.252
07/11/2022;115.342;118.148;118.240;115.221;15220000;-0,0238;0;0,007091953;113.172;112.125;110.783
08/11/2022;116.160;115.340;117.072;114.688;14240000;0,0071;1;-0,022210744;111.869;111.084;110.408
09/11/2022;113.580;116.153;116.183;113.110;20530000;-0,0222;0;-0,033500616;111.730;110.536;110.330
10/11/2022;109.775;113.579;113.579;108.516;26030000;-0,0335;0;0,022573446;111.886;110.431;110.412
11/11/2022;112.253;109.775;113.010;109.408;25040000;0,0226;1;0,008088871;111.036;109.943;110.389
14/11/2022;113.161;112.256;114.322;111.930;15080000;0,0081;1;-0,025786269;109.605;109.753;110.120
16/11/2022;110.243;113.166;113.473;109.512;18350000;-0,0258;0;-0,00489827;109.440;109.572;110.116
17/11/2022;109.703;110.241;110.242;107.245;23120000;-0,0049;0;-0,007593229;109.218;109.441;110.071
18/11/2022;108.870;109.706;111.585;108.512;18770000;-0,0076;0;0,008064664;109.209;109.732;109.955
21/11/2022;109.748;108.868;110.235;107.957;16650000;0,0081;1;-0,006478478;109.903;110.123;109.796
22/11/2022;109.037;109.750;110.224;107.867;15060000;-0,0065;0;-0,001797555;109.883;110.393;109.532
23/11/2022;108.841;109.036;109.285;107.902;13200000;-0,0018;0;0,027471265;109.863;110.834;109.153
24/11/2022;111.831;108.846;112.612;108.846;10300000;0,0275;1;-0,025520652;109.556;110.487;108.576
25/11/2022;108.977;111.831;112.025;108.552;12310000;-0,0255;0;-0,001789368;110.726;110.660;108.202
28/11/2022;108.782;108.977;109.476;108.378;11490000;-0,0018;0;0,01956206;111.441;110.701;107.778
29/11/2022;110.910;108.784;112.187;108.784;14720000;0,0196;1;0,01420972;111.779;110.178;107.338
30/11/2022;112.486;110.910;112.486;110.202;19700000;0,0142;1;-0,013868393;110.750;109.468;106.936
01/12/2022;110.926;112.479;112.479;110.548;15190000;-0,0139;0;0,008996989;110.505;108.671;106.687
02/12/2022;111.924;110.926;113.761;109.963;15980000;0,009;1;-0,022542082;109.553;107.473;106.374
05/12/2022;109.401;111.922;112.150;109.270;12310000;-0,0225;0;0,007202859;108.836;106.665;106.396
06/12/2022;110.189;109.403;110.663;109.217;13440000;0,0072;1;-0,010164354;107.946;105.744;106.292
07/12/2022;109.069;110.188;110.247;108.612;13830000;-0,0102;0;-0,016686685;106.704;104.856;106.257
08/12/2022;107.249;109.068;109.286;106.906;14920000;-0,0167;0;0,00252683;105.468;104.498;106.470
09/12/2022;107.520;107.250;108.566;107.089;10680000;0,0025;1;-0,020247396;104.210;104.404;106.628
12/12/2022;105.343;107.518;107.561;103.877;15480000;-0,0202;0;-0,017115518;103.675;104.702;106.702
13/12/2022;103.540;105.345;106.689;103.409;17700000;-0,0171;0;0,001989569;103.447;105.276;106.747
14/12/2022;103.746;103.536;104.516;101.632;24920000;0,002;1;-7,71E-05;103.778;106.126;106.860
15/12/2022;103.738;103.739;105.483;103.014;15570000;-0,0001;0;-0,008502188;104.820;106.840;107.139
16/12/2022;102.856;103.737;104.018;102.248;18260000;-0,0085;0;0,01831687;106.346;107.658;107.575
19/12/2022;104.740;102.859;105.107;102.770;16770000;0,0183;1;0,020278786;107.283;108.443;107.889
20/12/2022;106.864;104.740;107.792;104.607;19130000;0,0203;1;0,005324525;108.228;108.853;108.171
21/12/2022;107.433;106.866;107.991;106.066;17630000;0,0053;1;0,001107667;108.663;108.702;108.535
22/12/2022;107.552;107.436;108.383;106.510;11490000;0,0011;1;0,019953139;109.005;108.218;108.842
23/12/2022;109.698;107.552;109.994;107.552;12850000;0,02;1;-0,008751299;109.184;107.595;108.929
26/12/2022;108.738;109.699;109.755;108.309;5220000;-0,0087;0;-0,001471427;109.517;107.438;108.962
27/12/2022;108.578;108.739;109.353;107.418;11160000;-0,0015;0;0,015279338;108.783;107.493;109.167
28/12/2022;110.237;108.578;110.536;108.578;11190000;0,0153;1;-0,004553825;106.759;107.335;109.309
29/12/2022;109.735;110.237;111.178;109.560;13390000;-0,0046;0;-0,030610106;105.292;107.490;109.537
02/01/2023;106.376;109.734;109.734;105.981;8130000;-0,0306;0;-0,020775363;105.714;108.367;109.941
03/01/2023;104.166;106.377;106.684;103.852;14470000;-0,0208;0;0,011212872;107.313;109.465;110.482
04/01/2023;105.334;104.167;105.627;103.915;14450000;0,0112;1;0,02190176;108.578;110.262;111.032
05/01/2023;107.641;105.336;107.743;105.333;15510000;0,0219;1;0,012290856;109.637;110.487;111.505
06/01/2023;108.964;107.642;109.433;107.642;12630000;0,0123;1;0,001523439;110.821;110.840;111.878
09/01/2023;109.130;108.964;109.938;108.134;12050000;0,0015;1;0,015458627;111.728;111.283;112.105
10/01/2023;110.817;109.129;111.193;108.478;13700000;0,0155;1;0,015340607;111.761;111.584;112.209
11/01/2023;112.517;110.816;112.552;110.752;14460000;0,0153;1;-0,005927993;110.660;111.516;112.274
12/01/2023;111.850;112.516;113.129;110.982;19840000;-0,0059;0;-0,008350469;110.523;111.499;112.290
13/01/2023;110.916;111.843;111.847;110.428;15940000;-0,0084;0;-0,015353962;110.960;111.801;112.235
16/01/2023;109.213;110.908;110.908;108.753;12510000;-0,0154;0;0,020382189;112.196;112.524;112.186
17/01/2023;111.439;109.214;111.577;109.214;14360000;0,0204;1;0,007080107;112.397;112.915;111.992
18/01/2023;112.228;111.442;113.306;111.441;14130000;0,0071;1;0,00618384;112.233;112.927;111.678
19/01/2023;112.922;112.219;113.172;111.307;15590000;0,0062;1;-0,007801846;112.269;112.835;111.465
20/01/2023;112.041;112.922;113.025;111.735;15440000;-0,0078;0;-0,002713292;113.012;113.033;111.177
23/01/2023;111.737;112.041;113.061;111.542;13700000;-0,0027;0;0,011553917;113.825;113.081;110.916
24/01/2023;113.028;111.746;113.040;111.669;11550000;0,0116;1;0,010988428;113.588;112.669;110.617
25/01/2023;114.270;113.028;114.426;111.927;11410000;0,011;1;-0,000805111;112.922;111.848;110.158
26/01/2023;114.178;114.271;114.835;113.591;10920000;-0,0008;0;-0,01630787;112.673;111.069;109.831
27/01/2023;112.316;114.178;114.191;112.044;10610000;-0,0163;0;-0,000382848;112.593;110.428;109.661
30/01/2023;112.273;112.319;112.920;111.824;11270000;-0,0004;0;0,010314145;111.882;110.096;109.440
31/01/2023;113.431;112.273;113.691;112.145;12900000;0,0103;1;-0,01196322;110.246;109.321;108.992
01/02/2023;112.074;113.430;113.598;110.729;17820000;-0,012;0;-0,017247533;109.129;108.750;108.672
02/02/2023;110.141;112.072;112.943;109.747;15240000;-0,0172;0;-0,014690261;108.358;108.564;108.361
03/02/2023;108.523;110.141;110.570;108.185;13240000;-0,0147;0;0,001833713;108.834;108.468;108.160
06/02/2023;108.722;108.518;108.744;107.416;11510000;0,0018;1;-0,008204411;108.596;108.593;107.890
07/02/2023;107.830;108.727;109.037;107.234;12960000;-0,0082;0;0,019669851;108.679;108.895;107.644
08/02/2023;109.951;107.832;110.175;107.830;13840000;0,0197;1;-0,017671508;108.307;108.784;107.170
09/02/2023;108.008;109.952;110.046;107.767;12960000;-0,0177;0;0,0006481;108.254;108.662;106.875
10/02/2023;108.078;108.002;108.647;107.620;14460000;0,0007;1;0,007013453;108.762;108.593;106.633
13/02/2023;108.836;108.074;109.193;107.420;9970000;0,007;1;-0,009068691;109.130;108.159;106.304
14/02/2023;107.849;108.839;109.564;107.557;11890000;-0,0091;0;0,016235663;109.573;107.853;106.211
15/02/2023;109.600;107.849;110.210;107.267;15500000;0,0162;1;0,003111314;108.757;107.186;105.887
16/02/2023;109.941;109.599;110.437;108.378;13000000;0,0031;1;-0,006949182;107.974;106.393;105.436
17/02/2023;109.177;109.941;109.941;108.968;10060000;-0,007;0;-0,018547863;106.848;105.557;105.003
22/02/2023;107.152;109.174;109.174;106.720;9360000;-0,0185;0;0,004115649;106.367;105.087;104.702
23/02/2023;107.593;107.152;108.663;106.731;11460000;0,0041;1;-0,016683241;105.480;104.674;104.350
24/02/2023;105.798;107.582;107.611;105.360;10220000;-0,0167;0;-0,000822322;105.009;104.450;104.181
27/02/2023;105.711;105.807;106.402;105.227;9570000;-0,0008;0;-0,007369148;104.214;104.568;103.915
28/02/2023;104.932;105.706;106.794;104.932;15670000;-0,0074;0;-0,0052129;103.859;104.588;103.629
01/03/2023;104.385;104.933;105.497;103.105;19850000;-0,0052;0;-0,010145136;103.964;104.478;103.387
02/03/2023;103.326;104.375;104.912;103.321;14740000;-0,0101;0;0,005226177;104.265;104.449;103.165
03/03/2023;103.866;103.326;104.440;103.323;13100000;0,0052;1;0,008029577;105.156;104.316;102.741
06/03/2023;104.700;103.865;105.171;103.170;14280000;0,008;1;-0,004508118;105.280;104.026;102.321
07/03/2023;104.228;104.700;105.179;103.480;12580000;-0,0045;0;0,022182139;105.076;103.913;101.996
08/03/2023;106.540;104.228;106.721;104.228;15900000;0,0222;1;-0,013788249;103.937;103.262;101.613
09/03/2023;105.071;106.540;106.724;105.053;19170000;-0,0138;0;-0,013828744;103.224;102.669;101.379
10/03/2023;103.618;105.071;105.071;103.201;17950000;-0,0138;0;-0,004796464;102.909;102.295;101.386
13/03/2023;103.121;103.608;103.907;102.255;12990000;-0,0048;0;-0,001832798;103.014;101.881;101.297
14/03/2023;102.932;103.121;104.153;102.482;13130000;-0,0018;0;-0,002496794;102.697;101.166;101.196
15/03/2023;102.675;102.930;103.048;100.692;15250000;-0,0025;0;0,007401997;102.113;100.616;101.138
16/03/2023;103.435;102.683;103.911;102.455;14390000;0,0074;1;-0,014047469;101.301;100.078;100.963
17/03/2023;101.982;103.434;103.434;101.664;17560000;-0,014;0;-0,010384185;100.714;99.965;100.880
20/03/2023;100.923;101.982;102.328;100.679;10900000;-0,0104;0;0,000743141;99.715;100.089;100.946
21/03/2023;100.998;100.923;101.670;100.923;9670000;0,0007;1;-0,007693222;98.992;100.477;101.318
22/03/2023;100.221;100.998;101.888;100.129;11500000;-0,0077;0;-0,022899392;98.808;100.714;101.795
23/03/2023;97.926;100.221;101.126;96.997;15660000;-0,0229;0;0,009221249;99.895;101.225;102.404
24/03/2023;98.829;97.926;99.258;97.688;12410000;0,0092;1;0,008509648;100.883;101.660;102.936
27/03/2023;99.670;98.833;99.997;98.833;9990000;0,0085;1;0,015200161;102.230;101.847;103.389
28/03/2023;101.185;99.672;101.559;99.488;13500000;0,0152;1;0,006008796;102.463;101.795;103.745
29/03/2023;101.793;101.185;102.213;100.248;12460000;0,006;1;0,018861808;102.367;101.802;103.896
30/03/2023;103.713;101.796;104.085;101.796;14900000;0,0189;1;-0,017654489;101.752;102.160;103.943
31/03/2023;101.882;103.714;104.041;101.476;15120000;-0,0177;0;-0,003690544;101.451;102.875;104.091
03/04/2023;101.506;101.883;101.916;100.651;12790000;-0,0037;0;0,003576143;101.223;103.583;104.213
04/04/2023;101.869;101.505;103.056;101.505;11700000;0,0036;1;-0,008746527;101.216;104.213;104.245
05/04/2023;100.978;101.869;101.960;99.898;13260000;-0,0088;0;-0,001544891;102.961;104.932;104.384
06/04/2023;100.822;100.978;101.628;100.443;9820000;-0,0015;0;0,010166432;104.984;105.695;104.642
10/04/2023;101.847;100.822;102.196;100.819;8150000;0,0102;1;0,042878043;106.521;105.990;104.647
11/04/2023;106.214;101.849;106.455;101.848;18730000;0,0429;1;0,006364509;106.542;105.727;104.332
12/04/2023;106.890;106.218;108.277;106.217;17350000;0,0064;1;-0,004041538;106.251;105.306;103.995
13/04/2023;106.458;106.890;107.037;106.220;12180000;-0,004;0;-0,001681414;106.153;104.844;103.901
14/04/2023;106.279;106.458;106.701;104.934;11500000;-0,0017;0;-0,002474619;105.364;104.277;103.884
17/04/2023;106.016;106.279;106.830;105.623;10250000;-0,0025;0;0,001386583;104.814;103.835;103.963
18/04/2023;106.163;106.023;106.475;105.122;11210000;0,0014;1;-0,021193825;104.076;103.588;104.055
19/04/2023;103.913;106.149;106.149;103.604;12710000;-0,0212;0;0,004369039;103.845;103.304;104.365
20/04/2023;104.367;103.913;104.615;103.087;12380000;0,0044;1;-0,004024261;103.160;102.937;104.657
24/04/2023;103.947;104.367;104.822;103.247;10940000;-0,004;0;-0,006993949;102.818;102.684;105.020
25/04/2023;103.220;103.947;103.947;102.633;10870000;-0,007;0;-0,008796745;103.222;102.959;105.376
26/04/2023;102.312;103.220;103.668;102.233;10120000;-0,0088;0;0,005971929;103.094;103.492;105.886
27/04/2023;102.923;102.310;103.177;101.975;11300000;0,006;1;0,014661446;102.719;104.091;106.400
28/04/2023;104.432;102.923;104.432;102.449;13090000;0,0147;1;-0,023986901;101.966;104.521;106.850
02/05/2023;101.927;104.431;104.447;101.569;12020000;-0,024;0;-0,001275423;103.040;105.426;107.442
03/05/2023;101.797;101.927;102.331;101.433;11690000;-0,0013;0;0,003703449;104.455;106.378;108.023
04/05/2023;102.174;101.798;103.321;101.063;14840000;0,0037;1;0,029107209;106.101;107.357;108.496
05/05/2023;105.148;102.175;105.306;102.175;16700000;0,0291;1;0,008502302;106.868;107.792;108.847
08/05/2023;106.042;105.161;106.716;105.161;13260000;0,0085;1;0,010109202;107.606;108.281;109.194
09/05/2023;107.114;106.028;107.731;105.549;13530000;0,0101;1;0,003118173;108.056;108.708;109.424
10/05/2023;107.448;107.114;107.744;106.538;13580000;0,0031;1;0,007519917;108.583;109.179;109.533
11/05/2023;108.256;107.446;108.667;106.419;12770000;0,0075;1;0,001921372;108.562;109.459;109.538
12/05/2023;108.464;108.256;108.817;107.497;11920000;0,0019;1;0,005209102;108.894;109.668;109.688
15/05/2023;109.029;108.469;109.271;108.356;11600000;0,0052;1;-0,007658513;109.254;109.636;109.941
16/05/2023;108.194;109.029;110.151;108.085;16900000;-0,0077;0;0,011701203;110.104;109.901;110.262
17/05/2023;109.460;108.194;109.774;108.188;13990000;0,0117;1;0,005919971;110.355;110.108;110.630
18/05/2023;110.108;109.459;110.206;108.864;13610000;0,0059;1;0,005785229;110.296;110.140;111.014
19/05/2023;110.745;110.113;111.211;109.787;16140000;0,0058;1;-0,004803829;109.647;109.886;111.462
22/05/2023;110.213;110.745;111.643;110.178;11770000;-0,0048;0;-0,002576829;109.594;109.618;111.971
23/05/2023;109.929;110.213;111.325;109.713;12330000;-0,0026;0;-0,010270265;109.920;109.709;112.458
24/05/2023;108.800;109.920;109.920;108.546;12980000;-0,0103;0;0,011525735;110.431;110.245;113.191
25/05/2023;110.054;108.800;111.115;108.800;14750000;0,0115;1;0,007741654;110.069;110.623;113.846
26/05/2023;110.906;110.058;111.706;109.900;11020000;0,0077;1;-0,005166537;109.212;111.152;114.407
29/05/2023;110.333;110.906;111.168;110.195;5910000;-0,0052;0;-0,012380702;109.289;111.888;115.087
30/05/2023;108.967;110.333;111.291;108.552;11590000;-0,0124;0;-0,005799921;110.486;113.039;115.848
31/05/2023;108.335;108.967;109.137;108.193;15860000;-0,0058;0;0,020584299;111.940;114.325;116.712
01/06/2023;110.565;108.339;110.745;108.335;14670000;0,0206;1;0,018025596;113.288;115.207;117.309
02/06/2023;112.558;110.568;113.070;110.567;14550000;0,018;1;0,001226035;114.265;116.137;117.768
05/06/2023;112.696;112.558;113.071;111.736;9080000;0,0012;1;0,016983744;115.706;117.069;118.164
06/06/2023;114.610;112.697;114.783;112.696;15030000;0,017;1;0,007660763;116.614;117.662;118.372
07/06/2023;115.488;114.610;115.978;114.610;14020000;0,0077;1;0,013256789;117.033;118.286;118.457
09/06/2023;117.019;115.489;117.603;115.489;13530000;0,0133;1;0,002708962;117.716;118.658;118.555
12/06/2023;117.336;117.022;117.735;116.704;12020000;0,0027;1;-0,005053862;118.344;119.099;118.609
13/06/2023;116.743;117.337;117.924;116.363;12390000;-0,0051;0;0,019924107;119.016;119.412;118.818
14/06/2023;119.069;116.753;119.085;116.745;16940000;0,0199;1;0,001276571;119.279;119.399;118.818
15/06/2023;119.221;119.068;119.686;118.693;12300000;0,0013;1;-0,003883544;119.413;119.259;118.842
16/06/2023;118.758;119.208;119.555;118.487;15250000;-0,0039;0;0,009262534;119.967;119.082;118.747
19/06/2023;119.858;118.757;119.939;118.558;6780000;0,0093;1;-0,001968997;119.659;118.629;118.678
20/06/2023;119.622;119.858;119.858;118.416;10920000;-0,002;0;0,006671014;119.444;118.452;118.558
21/06/2023;120.420;119.623;120.519;119.332;11740000;0,0067;1;-0,012340143;118.718;118.118;118.353
22/06/2023;118.934;120.420;120.420;118.018;11830000;-0,0123;0;0,000361545;118.248;118.224;118.263
23/06/2023;118.977;118.959;119.386;118.178;12850000;0,0004;1;-0,00616926;117.482;118.238;118.283
26/06/2023;118.243;118.977;119.148;117.491;10460000;-0,0062;0;-0,006089155;117.529;118.425;118.245
27/06/2023;117.523;118.246;119.212;116.561;13080000;-0,0061;0;-0,007164555;117.717;118.411;118.295
28/06/2023;116.681;117.524;117.937;116.560;10650000;-0,0072;0;0,014586779;118.714;118.727;118.378
29/06/2023;118.383;116.683;118.623;116.683;11060000;0,0146;1;-0,002500359;118.945;118.664;118.319
30/06/2023;118.087;118.388;119.447;118.087;13820000;-0,0025;0;0,013430776;119.433;118.589;118.318
03/07/2023;119.673;118.092;119.877;118.092;8910000;0,0134;1;-0,004988594;118.684;118.302;118.357
04/07/2023;119.076;119.673;119.678;118.830;6560000;-0,005;0;0,003972253;118.624;118.329;118.519
05/07/2023;119.549;119.072;120.200;118.688;10960000;0,004;1;-0,017758409;118.089;118.066;118.695
06/07/2023;117.426;119.548;119.548;117.096;11030000;-0,0178;0;0,012535554;118.132;118.179;119.061
07/07/2023;118.898;117.427;119.549;117.427;10520000;0,0125;1;-0,008040505;117.721;118.028;119.139
10/07/2023;117.942;118.897;118.897;117.814;8100000;-0,008;0;-0,003272795;118.162;117.973;119.300
11/07/2023;117.556;117.942;117.942;115.704;10590000;-0,0033;0;0,000935724;118.214;118.048;119.613
12/07/2023;117.666;117.557;119.156;117.557;8940000;0,0009;1;0,013580813;118.398;118.412;119.869
13/07/2023;119.264;117.671;119.739;117.668;9260000;0,0136;1;-0,013021532;117.924;118.709;119.983
14/07/2023;117.711;119.268;119.329;117.526;8980000;-0,013;0;0,004315654;117.871;119.323;120.188
17/07/2023;118.219;117.711;118.302;116.591;8200000;0,0043;1;-0,003197456;117.825;119.943;120.280
18/07/2023;117.841;118.218;118.732;117.324;8580000;-0,0032;0;-0,002452457;118.617;120.250;120.390
19/07/2023;117.552;117.842;118.011;116.660;9730000;-0,0025;0;0,00451715;119.881;120.627;120.500
20/07/2023;118.083;117.558;118.290;117.484;8990000;0,0045;1;0,018072034;121.189;121.178;120.523
21/07/2023;120.217;118.090;120.373;118.086;11180000;0,0181;1;0,009358077;121.970;121.325;120.390
24/07/2023;121.342;120.220;121.772;120.099;10490000;0,0094;1;0,005488619;121.519;121.256;120.156
25/07/2023;122.008;121.344;123.010;121.344;11430000;0,0055;1;0,004524293;120.912;121.053;119.785
26/07/2023;122.560;122.003;122.747;121.370;9990000;0,0045;1;-0,020969321;120.707;120.617;119.328
27/07/2023;119.990;122.560;122.599;119.825;10680000;-0,021;0;0,001641803;121.126;120.530;119.014
28/07/2023;120.187;120.002;120.660;119.706;8460000;0,0016;1;0,014610565;121.350;120.373;118.642
31/07/2023;121.943;120.188;122.149;120.188;10120000;0,0146;1;-0,005699384;120.898;119.869;118.176
01/08/2023;121.248;121.945;121.945;120.154;10300000;-0,0057;0;-0,0032083;120.318;119.455;117.689
02/08/2023;120.859;121.249;121.252;119.798;10570000;-0,0032;0;-0,002258831;119.825;119.055;117.353
03/08/2023;120.586;120.859;122.619;120.365;13030000;-0,0023;0;-0,008939678;119.326;118.516;117.178
04/08/2023;119.508;120.586;121.442;119.215;15070000;-0,0089;0;-0,001071058;118.960;118.039;117.000
07/08/2023;119.380;119.509;120.104;118.894;8730000;-0,0011;0;-0,002429218;118.616;117.498;116.747
08/08/2023;119.090;119.378;119.553;117.492;10250000;-0,0024;0;-0,005718364;118.275;116.911;116.607
09/08/2023;118.409;119.090;119.090;117.901;11250000;-0,0057;0;-0,000498273;117.742;116.483;116.606
10/08/2023;118.350;118.412;119.438;118.113;12690000;-0,0005;0;-0,002408112;117.015;115.923;116.548
11/08/2023;118.065;118.350;119.054;117.415;11870000;-0,0024;0;-0,010629738;116.191;115.650;116.382
14/08/2023;116.810;118.067;118.082;116.530;11200000;-0,0106;0;-0,005470422;115.582;115.839;116.459
15/08/2023;116.171;116.809;117.697;116.033;14640000;-0,0055;0;-0,004984032;115.328;115.961;116.574
16/08/2023;115.592;116.171;117.338;115.534;18860000;-0,005;0;-0,005277182;114.940;115.996;116.698
17/08/2023;114.982;115.592;116.610;114.859;12750000;-0,0053;0;0,003713625;115.331;116.302;116.770
18/08/2023;115.409;114.973;115.729;114.423;10600000;0,0037;1;-0,008491539;116.240;116.730;116.763
21/08/2023;114.429;115.404;115.425;114.067;9790000;-0,0085;0;0,015092328;117.106;117.173;116.938
22/08/2023;116.156;114.433;116.286;114.433;9830000;0,0151;1;0,017037432;116.999;117.114;117.068
23/08/2023;118.135;116.160;118.135;116.159;11540000;0,017;1;-0,009387565;116.661;117.080;117.071
24/08/2023;117.026;118.135;118.136;116.848;9200000;-0,0094;0;-0,010160135;117.121;117.187;117.240
25/08/2023;115.837;117.025;117.252;115.397;9210000;-0,0102;0;0,011084541;117.687;117.400;117.448
28/08/2023;117.121;115.838;117.253;115.836;9600000;0,0111;1;0,010954483;117.227;117.238;117.532
29/08/2023;118.404;117.124;118.493;117.124;9630000;0,011;1;-0,007339279;117.057;116.797;117.492
30/08/2023;117.535;118.404;118.841;117.471;8920000;-0,0073;0;-0,01525503;117.137;116.703;117.575
31/08/2023;115.742;117.537;117.637;115.742;12950000;-0,0153;0;0,018584438;117.667;117.021;117.604
01/09/2023;117.893;115.744;117.991;115.744;11890000;0,0186;1;-0,000983943;117.031;117.062;117.469
04/09/2023;117.777;117.893;118.576;117.590;5530000;-0,001;0;-0,003786817;116.210;117.293;117.337
05/09/2023;117.331;117.776;117.957;116.637;10870000;-0,0038;0;-0,011471819;116.060;117.496;117.113
06/09/2023;115.985;117.331;117.971;115.984;9920000;-0,0115;0;-0,005793853;116.721;117.825;116.994
08/09/2023;115.313;115.979;115.979;114.839;8360000;-0,0058;0;0,013615117;117.676;118.187;117.024
11/09/2023;116.883;115.316;117.131;115.316;8790000;0,0136;1;0,009282787;118.512;118.446;117.001
12/09/2023;117.968;116.885;118.154;116.885;9190000;0,0093;1;0,00176319;118.775;118.186;116.793
13/09/2023;118.176;117.968;119.318;117.722;12080000;0,0018;1;0,010289737;118.813;117.876;116.454
14/09/2023;119.392;118.181;119.748;118.181;13280000;0,0103;1;-0,005310239;118.297;117.381;116.040
15/09/2023;118.758;119.393;119.780;118.666;16110000;-0,0053;0;-0,003957628;118.276;116.729;115.649
18/09/2023;118.288;118.759;119.486;118.123;11270000;-0,004;0;-0,003736643;117.562;116.163;115.355
19/09/2023;117.846;118.288;118.458;117.628;11450000;-0,0037;0;0,007204317;116.950;115.861;115.163
20/09/2023;118.695;117.864;119.616;117.847;9240000;0,0072;1;-0,021483635;116.026;115.556;115.023
21/09/2023;116.145;118.695;118.695;116.013;12690000;-0,0215;0;-0,00117095;115.376;115.401;115.088
22/09/2023;116.009;116.147;116.968;115.855;9440000;-0,0012;0;-0,000724082;114.815;115.031;115.070
25/09/2023;115.925;116.009;116.031;115.573;9580000;-0,0007;0;-0,014940694;114.750;114.700;115.113
26/09/2023;114.193;115.922;115.922;114.162;11240000;-0,0149;0;0,001173452;115.541;114.570;115.236
27/09/2023;114.327;114.193;115.340;113.366;13360000;0,0012;1;0,012280564;115.784;114.548;115.217
28/09/2023;115.731;114.327;115.954;114.180;10390000;0,0123;1;0,007206366;115.014;114.465;115.093
29/09/2023;116.565;115.742;116.899;115.742;11140000;0,0072;1;-0,012936988;114.028;114.490;114.850
02/10/2023;115.057;116.565;116.672;114.761;8520000;-0,0129;0;-0,014236422;113.437;114.775;114.687
03/10/2023;113.419;115.055;115.056;113.151;11100000;-0,0142;0;0,001657571;113.687;115.108;114.712
04/10/2023;113.607;113.430;114.075;113.036;10810000;0,0017;1;-0,002843135;114.203;115.527;114.656
05/10/2023;113.284;113.609;114.359;112.705;9510000;-0,0028;0;0,007821052;115.354;115.901;114.763
06/10/2023;114.170;113.283;114.491;111.599;13140000;0,0078;1;0,008636244;116.315;115.886;114.701
09/10/2023;115.156;114.169;115.219;113.448;9470000;0,0086;1;0,013729202;116.514;115.721;114.514
10/10/2023;116.737;115.158;116.900;115.158;11620000;0,0137;1;0,002689807;116.446;115.209;114.257
11/10/2023;117.051;116.737;117.099;116.231;9950000;0,0027;1;-0,01108064;116.065;114.600;114.114
13/10/2023;115.754;117.050;117.070;115.658;10610000;-0,0111;0;0,006738428;115.501;114.315;114.286
16/10/2023;116.534;115.760;116.905;115.760;8990000;0,0067;1;-0,005371823;114.657;113.786;114.422
17/10/2023;115.908;116.526;116.917;115.564;10370000;-0,0054;0;-0,015943679;113.740;113.625;114.662
18/10/2023;114.060;115.907;115.907;113.952;15490000;-0,016;0;-0,00049097;113.315;113.516;115.027
19/10/2023;114.004;114.059;115.063;113.768;11500000;-0,0005;0;-0,007447107;113.234;113.306;115.386
20/10/2023;113.155;113.996;114.090;112.533;11740000;-0,0074;0;-0,003269851;113.126;113.304;115.916
23/10/2023;112.785;113.145;113.680;112.164;10700000;-0,0033;0;0,008662499;113.790;113.628;116.461
24/10/2023;113.762;112.814;114.249;112.814;10710000;0,0087;1;-0,008192542;113.636;114.257;117.132
25/10/2023;112.830;113.762;114.319;112.680;12310000;-0,0082;0;0,017256049;113.537;115.057;117.976
26/10/2023;114.777;112.840;114.886;112.840;12770000;0,0173;1;-0,012859719;112.992;115.698;118.690
27/10/2023;113.301;114.777;115.342;112.953;12290000;-0,0129;0;-0,00678723;113.576;116.538;119.594
30/10/2023;112.532;113.303;114.204;112.309;9740000;-0,0068;0;0,005438453;115.452;117.467;120.529
31/10/2023;113.144;112.534;113.597;112.098;10560000;0,0054;1;0,016872304;117.215;118.527;121.450
01/11/2023;115.053;113.157;115.433;113.157;13900000;0,0169;1;0,027004946;118.620;119.293;122.273
03/11/2023;118.160;115.062;118.502;115.062;15710000;0,027;1;0,0022935;118.959;120.008;122.798
06/11/2023;118.431;118.160;118.758;118.045;10170000;0,0023;1;0,007067406;119.160;120.895;123.320
07/11/2023;119.268;118.422;119.577;118.026;16390000;0,0071;1;-0,000762988;119.593;121.681;123.839
08/11/2023;119.177;119.268;119.976;118.464;15190000;-0,0008;0;-0,001199896;120.004;122.650;124.338
09/11/2023;119.034;119.180;120.257;118.446;15570000;-0,0012;0;0,012887074;121.381;123.591;124.931
10/11/2023;120.568;119.036;120.823;119.036;11750000;0,0129;1;-0,001310464;122.738;124.372;125.475
13/11/2023;120.410;120.561;120.606;119.878;11200000;-0,0013;0;0,022888464;124.193;125.253;125.932
14/11/2023;123.166;120.411;123.370;120.411;19430000;0,0229;1;0,011959469;125.123;125.589;126.199
16/11/2023;124.639;123.165;124.737;123.165;18360000;0,012;1;0,001075105;125.452;125.745;126.269
17/11/2023;124.773;124.639;125.431;124.547;15720000;0,0011;1;0,009489232;125.873;125.997;126.357
20/11/2023;125.957;124.773;126.162;124.773;11110000;0,0095;1;-0,002627881;126.079;126.027;126.438
21/11/2023;125.626;125.957;125.957;125.060;10790000;-0,0026;0;0,003255695;126.043;126.271;126.531
22/11/2023;126.035;125.626;126.875;125.439;14060000;0,0033;1;0,004292458;125.941;126.578;126.557
23/11/2023;126.576;126.035;126.760;125.764;7820000;0,0043;1;-0,008366515;125.929;126.610;126.763
24/11/2023;125.517;126.553;126.553;125.341;9610000;-0,0084;0;0,001704948;126.145;126.808;127.144
27/11/2023;125.731;125.517;125.826;124.840;11010000;0,0017;1;0,006418465;126.678;126.793;127.463
28/11/2023;126.538;125.726;126.916;125.388;12390000;0,0064;1;-0,002939828;127.227;126.717;127.787
29/11/2023;126.166;126.541;127.388;126.018;12420000;-0,0029;0;0,009233866;127.440;126.850;128.193
30/11/2023;127.331;126.168;127.399;126.168;19240000;0,0092;1;0,006706929;127.297;126.791;128.441
01/12/2023;128.185;127.331;128.185;126.656;13700000;0,0067;1;-0,010781293;126.443;126.536;128.727
04/12/2023;126.803;128.183;128.183;126.643;10270000;-0,0108;0;0,000788625;126.179;126.916;129.152
05/12/2023;126.903;126.802;127.489;126.491;11960000;0,0008;1;-0,010086444;126.242;127.479;129.626
06/12/2023;125.623;126.907;127.538;125.614;10840000;-0,0101;0;0,003080646;126.673;128.132;130.238
07/12/2023;126.010;125.623;126.581;125.566;10510000;0,0031;1;0,008602492;126.804;128.857;130.822
08/12/2023;127.094;126.010;127.289;125.562;10750000;0,0086;1;-0,001400538;127.595;129.537;131.222
11/12/2023;126.916;127.093;127.154;126.526;7090000;-0,0014;0;-0,004042044;128.903;130.092;131.645
12/12/2023;126.403;126.923;127.359;126.013;10270000;-0,004;0;0,024224109;130.168;130.918;131.989
13/12/2023;129.465;126.406;129.793;126.299;15070000;0,0242;1;0,010636079;130.708;131.388;132.172
14/12/2023;130.842;129.469;131.260;129.469;15820000;0,0106;1;-0,00492961;131.044;131.772;132.285
15/12/2023;130.197;130.842;131.661;129.884;15140000;-0,0049;0;0,006812753;131.246;132.343;132.374
18/12/2023;131.084;130.202;131.447;130.198;9600000;0,0068;1;0,00585121;131.612;132.786;132.357
19/12/2023;131.851;131.088;132.047;131.086;9430000;0,0059;1;-0,007940782;131.913;132.907;132.271
20/12/2023;130.804;131.851;132.341;130.710;10340000;-0,0079;0;0,010534846;132.823;133.197;132.284
21/12/2023;132.182;130.826;132.277;130.822;8680000;0,0105;1;0,004319801;133.493;133.060;132.237
22/12/2023;132.753;132.182;133.035;132.094;8230000;0,0043;1;0,005875573;133.971;132.956;131.990
26/12/2023;133.533;132.753;133.645;132.753;5150000;0,0059;1;0,004950087;133.692;132.798;131.632
27/12/2023;134.194;133.523;134.195;133.328;6170000;0,0049;1;-6,71E-05;133.239;132.406;131.141
28/12/2023;134.185;134.194;134.392;133.832;7810000;-0,0001;0;-0,011089168;132.252;131.928;130.673
02/01/2024;132.697;134.186;134.195;132.095;8440000;-0,0111;0;0,001032427;132.028;131.635;130.238
03/01/2024;132.834;132.697;133.576;132.250;8700000;0,001;1;-0,012105334;131.892;131.372;129.911
04/01/2024;131.226;132.831;132.885;131.024;8970000;-0,0121;0;0,006073492;131.966;131.414;129.668
05/01/2024;132.023;131.218;132.635;130.579;9200000;0,0061;1;0,003060073;131.572;131.024;129.392
08/01/2024;132.427;132.023;132.498;131.015;8500000;0,0031;1;-0,007400304;130.979;130.466;129.145
09/01/2024;131.447;132.424;132.426;131.203;9290000;-0,0074;0;-0,004610223;130.826;129.876;128.935
10/01/2024;130.841;131.447;131.628;130.438;8960000;-0,0046;0;-0,00146743;131.053;129.418;128.689
11/01/2024;130.649;130.841;131.308;129.898;9760000;-0,0015;0;0,002594739;130.601;128.840;128.482
12/01/2024;130.988;130.652;131.927;130.410;10660000;0,0026;1;0,004069075;129.780;128.451;128.303
15/01/2024;131.521;130.988;131.606;130.253;5750000;0,0041;1;-0,016932657;128.378;127.922;127.993
16/01/2024;129.294;131.515;131.517;129.147;11910000;-0,0169;0;-0,005955419;127.825;127.761;127.872
17/01/2024;128.524;129.293;129.296;128.312;9950000;-0,006;0;-0,009399023;127.185;127.824;128.007
18/01/2024;127.316;128.524;129.047;127.316;12460000;-0,0094;0;0,002513431;127.500;127.994;128.195
19/01/2024;127.636;127.319;127.820;126.533;11960000;0,0025;1;-0,008101163;127.560;127.960;128.237
22/01/2024;126.602;127.636;127.843;125.876;9510000;-0,0081;0;0,013119856;128.083;128.125;128.338
23/01/2024;128.263;126.612;128.331;126.612;9370000;0,0131;1;-0,003485027;128.317;128.156;128.249
24/01/2024;127.816;128.275;129.446;127.680;8820000;-0,0035;0;0,002761783;128.546;128.065;128.249
25/01/2024;128.169;127.815;128.697;127.803;8760000;0,0028;1;0,006226155;128.291;127.983;128.288
26/01/2024;128.967;128.196;129.252;127.869;8510000;0,0062;1;-0,00359782;127.886;128.190;128.293
29/01/2024;128.503;128.970;129.068;127.853;8760000;-0,0036;0;-0,008567893;127.878;128.397;128.394
30/01/2024;127.402;128.492;128.492;127.105;10040000;-0,0086;0;0,00274721;127.805;128.513;128.582
31/01/2024;127.752;127.402;129.558;127.326;12500000;0,0028;1;0,005706369;127.752;128.552;128.760
01/02/2024;128.481;127.752;128.481;127.284;10230000;0,0057;1;-0,010110444;128.397;128.343;128.827
02/02/2024;127.182;128.471;128.878;126.628;10980000;-0,0101;0;0,003231589;129.320;128.432;129.000
05/02/2024;127.593;127.182;127.834;126.443;9640000;0,0032;1;0,022125038;129.528;128.594;129.293
06/02/2024;130.416;127.593;130.417;127.593;13780000;0,0221;1;-0,003573181;128.731;128.397;129.274
07/02/2024;129.950;130.412;130.552;129.426;15430000;-0,0036;0;-0,013335898;127.754;128.392;129.208
08/02/2024;128.217;129.950;130.126;127.912;13630000;-0,0133;0;-0,001489662;127.616;128.651;129.277
09/02/2024;128.026;128.216;128.896;127.579;12120000;-0,0015;0;-0,007873401;127.849;128.968;129.299
14/02/2024;127.018;128.026;128.026;126.663;7750000;-0,0079;0;0,006188099;128.522;129.311;129.376
15/02/2024;127.804;127.018;127.824;126.932;10980000;0,0062;1;0,007214172;129.226;129.568;129.454
16/02/2024;128.726;127.809;129.069;127.653;10120000;0,0072;1;0,002408216;129.661;129.992;129.426
19/02/2024;129.036;128.720;129.036;128.097;5800000;0,0024;1;0,006819802;130.063;130.152;129.286
20/02/2024;129.916;129.033;129.916;128.326;12240000;0,0068;1;0,000892885;129.897;130.024;129.015
21/02/2024;130.032;129.916;130.034;129.359;12590000;0,0009;1;0,001607297;129.756;129.902;128.846
22/02/2024;130.241;130.035;130.829;129.971;10770000;0,0016;1;-0,006311377;130.239;129.630;128.686
23/02/2024;129.419;130.240;130.624;129.077;9230000;-0,0063;0;0,0014681;130.484;129.442;128.563
26/02/2024;129.609;129.417;129.978;129.077;7440000;0,0015;1;0,016048268;130.288;129.339;128.358
27/02/2024;131.689;129.613;131.696;129.613;10050000;0,0161;1;-0,011648657;129.452;128.861;128.020
28/02/2024;130.155;131.685;131.685;129.771;9050000;-0,0116;0;-0,008720372;128.847;128.420;127.832
29/02/2024;129.020;130.155;130.155;128.669;12000000;-0,0087;0;0,001240118;128.540;128.006;127.840
01/03/2024;129.180;129.026;129.716;128.717;9770000;0,0012;1;-0,006494813;128.443;127.790;127.767
04/03/2024;128.341;129.176;129.307;128.278;7970000;-0,0065;0;-0,001893393;128.443;127.742;127.673
05/03/2024;128.098;128.336;128.989;127.823;9690000;-0,0019;0;0,006182766;128.100;127.684;127.590
06/03/2024;128.890;128.099;129.323;128.099;11060000;0,0062;1;-0,004267205;127.178;127.377;127.445
07/03/2024;128.340;128.890;129.188;128.033;7350000;-0,0043;0;-0,009887798;126.954;127.179;127.399
08/03/2024;127.071;128.335;128.338;125.802;11940000;-0,0099;0;-0,007452527;127.266;127.245;127.473
11/03/2024;126.124;127.068;127.068;126.065;8900000;-0,0075;0;0,012241921;127.788;127.673;127.534
12/03/2024;127.668;126.124;128.039;126.121;9480000;0,0122;1;0,002647492;127.479;127.744;127.526
13/03/2024;128.006;127.668;128.530;127.439;8840000;0,0026;1;-0,002468634;127.129;127.604;127.477
14/03/2024;127.690;127.992;128.256;127.192;9290000;-0,0025;0;-0,007424231;127.075;127.495;127.458
15/03/2024;126.742;127.682;127.957;126.502;14990000;-0,0074;0;0,001672689;127.869;127.513;127.462
18/03/2024;126.954;126.758;127.540;126.272;10510000;0,0017;1;0,0045292;128.271;127.618;127.598
19/03/2024;127.529;126.955;128.000;126.955;11180000;0,0045;1;0,012514801;128.104;127.700;127.766
20/03/2024;129.125;127.534;129.210;127.349;10820000;0,0125;1;-0,007481123;127.372;127.395;127.690
21/03/2024;128.159;129.125;129.556;128.093;9570000;-0,0075;0;-0,008832778;126.940;127.308;127.635
22/03/2024;127.027;128.159;128.159;126.879;9370000;-0,0088;0;-0,000755745;127.162;127.350;127.558
25/03/2024;126.931;127.027;127.224;126.750;8060000;-0,0008;0;-0,000535724;127.553;127.421;127.444
26/03/2024;126.863;126.931;127.193;126.591;9440000;-0,0005;0;0,006526726;127.596;127.411;127.267
27/03/2024;127.691;126.863;127.756;126.223;9920000;0,0065;1;0,003250033;127.548;127.578;127.016
28/03/2024;128.106;127.689;128.364;127.270;9940000;0,0033;1;-0,008711536;127.286;127.832;126.737
01/04/2024;126.990;128.106;128.659;126.772;9370000;-0,0087;0;0,004401921;127.432;127.984;126.603
02/04/2024;127.549;126.990;127.654;126.669;9070000;0,0044;1;-0,001811069;127.180;127.963;126.462
03/04/2024;127.318;127.546;127.694;126.181;11030000;-0,0018;0;0,000863978;127.693;127.767;126.307
04/04/2024;127.428;127.313;129.627;127.178;13240000;0,0009;1;-0,004967511;128.514;127.467;126.115
05/04/2024;126.795;127.422;127.432;126.394;9100000;-0,005;0;0,016262471;128.934;127.124;125.962
08/04/2024;128.857;126.796;129.178;126.796;8130000;0,0163;1;0,008016639;128.447;126.454;125.795
09/04/2024;129.890;128.858;129.956;128.826;8490000;0,008;1;-0,014135037;127.132;125.641;125.614
10/04/2024;128.054;129.872;129.872;127.732;10450000;-0,0141;0;-0,005138457;126.225;125.222;125.462
11/04/2024;127.396;128.051;128.051;127.069;8880000;-0,0051;0;-0,011381833;125.223;124.962;125.442
12/04/2024;125.946;127.396;127.640;125.635;10250000;-0,0114;0;-0,004859225;124.631;124.848;125.625
15/04/2024;125.334;125.946;126.250;125.034;13500000;-0,0049;0;-0,007539854;124.252;124.763;125.849
16/04/2024;124.389;125.316;125.316;123.756;14010000;-0,0075;0;-0,001752567;124.497;124.800;126.193
17/04/2024;124.171;124.389;125.301;123.642;11370000;-0,0017;0;0,000201335;124.964;125.136;126.573
18/04/2024;124.196;124.171;125.140;123.397;10660000;0,0002;1;0,00747206;125.282;125.587;126.858
19/04/2024;125.124;124.197;125.509;124.056;13600000;0,0075;1;0,00358844;125.154;125.701;127.035
22/04/2024;125.573;125.124;126.081;124.633;10260000;0,0036;1;-0,003384486;124.845;125.923;127.219
23/04/2024;125.148;125.572;125.826;124.310;11260000;-0,0034;0;-0,003252149;125.304;126.403;127.460
24/04/2024;124.741;125.149;125.473;124.556;10530000;-0,0033;0;-0,000761578;126.175;126.935;127.694
25/04/2024;124.646;124.718;124.732;123.703;10090000;-0,0008;0;0,015082714;126.601;127.587;127.954
26/04/2024;126.526;124.651;126.826;124.651;8900000;0,0151;1;0,006528302;126.799;128.009;128.070
29/04/2024;127.352;126.527;127.352;126.467;8390000;0,0065;1;-0,011213016;127.185;128.129;128.099
30/04/2024;125.924;127.352;127.352;125.856;10890000;-0,0112;0;0,009513675;128.032;128.368;128.205
02/05/2024;127.122;125.926;127.670;125.926;11550000;0,0095;1;0,010910779;128.728;128.516;128.100
03/05/2024;128.509;127.130;128.787;127.130;12800000;0,0109;1;-0,000334607;129.052;128.516;127.830
06/05/2024;128.466;128.506;129.181;128.294;8780000;-0,0003;0;0,005791416;128.960;128.454;127.533
07/05/2024;129.210;128.466;129.745;128.464;10180000;0,0058;1;0,002097361;128.423;128.322;127.196
08/05/2024;129.481;129.210;129.564;128.048;9790000;0,0021;1;-0,009986021;127.981;128.132;126.789
09/05/2024;128.188;129.468;129.468;127.376;13370000;-0,01;0;-0,004587013;128.090;128.069;126.397
10/05/2024;127.600;128.188;129.022;127.467;12570000;-0,0046;0;0,00434953;128.233;128.042;126.004
13/05/2024;128.155;127.600;128.669;127.599;8920000;0,0044;1;0,002809098;128.276;127.684;125.567
14/05/2024;128.515;128.155;128.965;127.962;11890000;0,0028;1;-0,003789441;128.154;127.144;125.088
15/05/2024;128.028;128.514;128.646;127.029;10860000;-0,0038;0;0,001999563;128.062;126.612;124.615
16/05/2024;128.284;128.029;128.965;127.922;9860000;0,002;1;-0,001036762;127.771;126.071;124.230
17/05/2024;128.151;128.280;128.464;127.696;10260000;-0,001;0;-0,003121318;126.938;125.446;123.703
20/05/2024;127.751;128.151;128.730;127.488;9340000;-0,0031;0;-0,0026536;125.930;124.726;123.203
21/05/2024;127.412;127.754;128.272;127.205;9140000;-0,0027;0;-0,013829153;124.895;123.967;122.791
22/05/2024;125.650;127.412;127.412;125.524;12400000;-0,0138;0;-0,007329885;124.510;123.450;122.382
23/05/2024;124.729;125.650;125.665;124.431;9990000;-0,0073;0;-0,003391352;124.194;123.032;122.014
24/05/2024;124.306;124.731;125.257;124.259;9210000;-0,0034;0;0,001528486;123.661;122.617;121.682
27/05/2024;124.496;124.297;124.535;124.081;4330000;0,0015;1;-0,005751189;122.862;122.389;121.299
28/05/2024;123.780;124.498;125.392;123.537;9180000;-0,0058;0;-0,008668606;122.279;121.959;121.003
29/05/2024;122.707;123.780;123.780;122.458;8260000;-0,0087;0;-0,004963042;121.977;121.681;120.828
31/05/2024;122.098;122.704;122.837;121.929;15920000;-0,005;0;-0,000540549;121.747;121.615;120.710
03/06/2024;122.032;122.100;122.495;121.496;8430000;-0,0005;0;-0,001884752;122.036;121.315;120.661
04/06/2024;121.802;122.032;122.032;120.878;8530000;-0,0019;0;-0,003242968;121.691;120.996;120.721
05/06/2024;121.407;121.803;122.170;121.253;8770000;-0,0032;0;0,012289242;121.475;120.747;120.787
06/06/2024;122.899;121.408;123.246;121.377;8400000;0,0123;1;-0,017347578;121.054;120.209;120.768
07/06/2024;120.767;122.899;122.899;120.679;9800000;-0,0173;0;-5,80E-05;120.777;120.047;121.021
10/06/2024;120.760;120.769;121.421;120.540;6570000;-0,0001;0;0,007245777;120.380;119.976;121.246
11/06/2024;121.635;120.760;121.759;120.757;7490000;0,0073;1;-0,013968019;119.722;119.806;121.466
12/06/2024;119.936;121.644;122.483;119.544;11280000;-0,014;0;-0,003068303;119.456;120.007;121.813
13/06/2024;119.568;119.936;120.222;119.171;8540000;-0,0031;0;0,000786164;119.477;120.445;122.248
14/06/2024;119.662;119.558;120.214;118.828;7850000;0,0008;1;-0,004379001;119.676;120.826;122.712
17/06/2024;119.138;119.663;119.663;118.685;7380000;-0,0044;0;0,004129665;120.112;121.327;123.221
18/06/2024;119.630;119.138;120.109;118.872;8100000;0,0041;1;0,005274597;120.683;121.995;123.716
19/06/2024;120.261;119.630;120.383;118.960;5650000;0,0053;1;0,001538321;121.475;122.516;124.205
20/06/2024;120.446;120.267;121.607;120.156;8660000;0,0015;1;0,007430716;122.103;123.126;124.688
21/06/2024;121.341;120.446;121.580;120.061;12910000;0,0074;1;0,010680644;122.536;123.618;125.185
24/06/2024;122.637;121.343;122.840;121.307;7840000;0,0107;1;-0,002495169;123.093;124.051;125.632
25/06/2024;122.331;122.634;122.849;121.997;6940000;-0,0025;0;0,002534108;123.619;124.598;126.131
26/06/2024;122.641;122.331;122.701;121.402;8180000;0,0025;1;0,013592518;124.311;125.116;126.594
27/06/2024;124.308;122.642;124.308;122.642;8710000;0,0136;1;-0,003225858;124.471;125.436;126.961
28/06/2024;123.907;124.308;124.500;123.298;9070000;-0,0032;0;0,006545232;125.056;125.893;127.228
01/07/2024;124.718;123.905;125.220;123.735;8230000;0,0065;1;0,000553248;125.538;126.251;127.435
02/07/2024;124.787;124.720;125.491;124.310;8370000;0,0006;1;0,007011948;126.031;126.752;127.655
03/07/2024;125.662;124.787;126.581;124.787;8530000;0,007;1;0,003994843;126.326;127.214;127.721
04/07/2024;126.164;125.666;126.660;125.666;6540000;0,004;1;0,000816398;126.641;127.665;127.740
05/07/2024;126.267;126.165;126.662;125.556;8090000;0,0008;1;0,002225443;126.958;128.071;127.717
08/07/2024;126.548;126.280;126.551;125.614;7430000;0,0022;1;0,004425198;127.540;128.485;127.785
09/07/2024;127.108;126.548;127.295;125.937;6680000;0,0044;1;0,000865406;128.136;128.563;127.774
10/07/2024;127.218;127.109;127.769;126.928;8150000;0,0009;1;0,008457923;128.837;128.620;127.697
11/07/2024;128.294;127.221;128.326;127.221;7970000;0,0085;1;0,004700142;129.109;128.558;127.651
12/07/2024;128.897;128.293;129.015;128.002;7210000;0,0047;1;0,003289448;129.294;128.228;127.543
15/07/2024;129.321;128.898;129.485;128.723;5830000;0,0033;1;-0,001631599;128.737;127.814;127.296
16/07/2024;129.110;129.322;129.521;128.761;6820000;-0,0016;0;0,002633413;128.239;127.364;127.022
17/07/2024;129.450;129.112;129.658;128.741;6670000;0,0026;1;-0,013889533;127.709;127.084;126.794
18/07/2024;127.652;129.450;129.454;127.523;7590000;-0,0139;0;-0,000282017;127.355;126.984;126.784
19/07/2024;127.616;127.652;128.360;127.413;7620000;-0,0003;0;0,001911986;126.958;126.773;126.859
22/07/2024;127.860;127.616;128.151;127.456;6100000;0,0019;1;-0,009932739;126.322;126.743;127.056
23/07/2024;126.590;127.860;127.860;126.530;7020000;-0,0099;0;-0,00131922;126.623;126.858;127.379
24/07/2024;126.423;126.596;126.823;126.218;7300000;-0,0013;0;-0,003709768;126.800;126.777;127.806
25/07/2024;125.954;126.423;126.423;125.626;7130000;-0,0037;0;0,012210807;126.862;126.679;128.332
26/07/2024;127.492;125.964;127.700;125.953;8270000;0,0122;1;-0,004219873;126.915;126.504;128.808
29/07/2024;126.954;127.492;127.657;126.606;7080000;-0,0042;0;-0,006419648;127.062;126.584;129.308
30/07/2024;126.139;126.951;126.951;125.973;6850000;-0,0064;0;0,011994704;126.967;126.945;129.996
31/07/2024;127.652;126.139;127.853;126.139;9470000;0,012;1;-0,002013286;126.173;127.368;130.599
01/08/2024;127.395;127.652;128.762;127.150;9810000;-0,002;0;-0,012096236;125.797;127.900;131.246
02/08/2024;125.854;127.395;128.104;125.731;9950000;-0,0121;0;-0,004640297;126.350;128.834;131.912
05/08/2024;125.270;125.851;125.851;123.073;10890000;-0,0046;0;0,007958809;127.481;129.984;132.650
06/08/2024;126.267;125.270;126.966;125.261;10050000;0,008;1;0,009875898;128.930;131.111;133.409
07/08/2024;127.514;126.268;127.517;126.268;8840000;0,0099;1;0,008995091;130.131;132.031;134.071
08/08/2024;128.661;127.515;128.793;127.515;8620000;0,009;1;0,015187197;131.376;133.047;134.691
09/08/2024;130.615;128.662;130.631;128.662;11320000;0,0152;1;0,0038357;132.277;133.829;135.078
12/08/2024;131.116;130.615;131.662;130.615;8600000;0,0038;1;0,009777602;133.290;134.593;135.428
13/08/2024;132.398;131.115;132.430;131.115;9800000;0,0098;1;0,006948745;133.808;134.989;135.607
14/08/2024;133.318;132.398;133.777;132.112;12160000;0,0069;1;0,00626322;134.628;135.317;135.681
15/08/2024;134.153;133.319;134.575;133.319;10530000;0,0063;1;-0,001490835;135.273;135.707;135.821
16/08/2024;133.953;134.154;134.781;133.852;10870000;-0,0015;0;0,013624182;136.110;136.111;136.003
19/08/2024;135.778;133.953;136.179;133.953;11280000;0,0136;1;0,002275774;135.908;136.334;135.916
20/08/2024;136.087;135.779;136.330;135.312;8110000;0,0023;1;0,002770287;135.748;136.328;135.820
21/08/2024;136.464;136.088;137.040;136.086;9570000;0,0028;1;-0,009460371;135.890;136.262;135.667
22/08/2024;135.173;136.462;136.462;134.836;8050000;-0,0095;0;0,003218098;136.424;136.224;135.631
23/08/2024;135.608;135.174;136.478;135.174;8650000;0,0032;1;0,009446345;137.003;136.045;135.519
26/08/2024;136.889;135.608;137.013;135.596;7560000;0,0094;1;-0,000825486;136.720;135.934;135.375
27/08/2024;136.776;136.888;137.213;136.664;6750000;-0,0008;0;0,004152775;136.463;135.894;135.257
28/08/2024;137.344;136.776;137.469;135.746;7460000;0,0042;1;-0,009487127;135.650;135.498;135.087
29/08/2024;136.041;137.349;137.370;135.858;8390000;-0,0095;0;-0,000271977;135.088;135.312;134.923
30/08/2024;136.004;136.041;136.139;134.910;18400000;-0,0003;0;-0,008073292;135.123;135.072;134.717
02/09/2024;134.906;136.004;136.004;134.497;5530000;-0,0081;0;-0,004099151;135.655;135.039;134.443
03/09/2024;134.353;134.907;135.011;134.171;8800000;-0,0041;0;0,013084933;135.728;134.993;134.172
04/09/2024;136.111;134.359;136.838;134.359;9420000;0,0131;1;0,002872655;135.270;134.817;133.890
05/09/2024;136.502;136.112;136.656;135.959;7530000;0,0029;1;-0,014138987;134.543;134.619;133.539
06/09/2024;134.572;136.508;136.653;134.476;7560000;-0,0141;0;0,001226109;134.578;134.675;133.427
09/09/2024;134.737;134.574;135.250;134.399;6590000;0,0012;1;-0,003094918;134.342;134.533;133.284
10/09/2024;134.320;134.738;134.738;133.754;8250000;-0,0031;0;0,002657832;134.529;134.362;133.105
11/09/2024;134.677;134.319;135.087;133.757;7950000;0,0027;1;-0,004811512;134.676;133.846;132.949
12/09/2024;134.029;134.677;134.777;133.591;7000000;-0,0048;0;0,006364294;134.987;133.352;132.912
13/09/2024;134.882;134.031;135.879;134.031;8870000;0,0064;1;0,001749677;134.609;132.963;132.683
16/09/2024;135.118;134.885;135.715;134.870;6710000;0,0018;1;-0,001169348;133.944;132.458;132.445
17/09/2024;134.960;135.118;135.118;134.180;7310000;-0,0012;0;-0,008980439;132.645;132.179;132.235
18/09/2024;133.748;134.960;135.203;133.748;9790000;-0,009;0;-0,004672967;131.585;132.034;132.076
19/09/2024;133.123;133.748;134.759;133.123;9250000;-0,0047;0;-0,015459387;131.263;131.847;131.850
20/09/2024;131.065;133.121;133.128;130.907;13610000;-0,0155;0;-0,003792012;131.437;132.052;131.799
23/09/2024;130.568;131.065;131.065;130.100;9140000;-0,0038;0;0,012162245;132.251;132.473;131.758
24/09/2024;132.156;130.570;133.073;130.570;9370000;0,0122;1;-0,004313085;132.442;132.403;131.676
25/09/2024;131.586;132.156;132.982;131.489;10530000;-0,0043;0;0,01082182;132.519;132.433;131.637
26/09/2024;133.010;131.595;133.313;131.594;11620000;0,0108;1;-0,002105105;132.347;132.291;131.547
27/09/2024;132.730;133.010;133.923;132.628;9340000;-0,0021;0;-0,00688616;132.609;132.117;131.408
30/09/2024;131.816;132.761;133.120;131.816;9130000;-0,0069;0;0,00515112;132.561;131.852;131.314
01/10/2024;132.495;131.817;133.405;131.817;9840000;0,0051;1;0,007698404;132.326;131.546;131.162
02/10/2024;133.515;132.495;134.922;132.495;9400000;0,0077;1;-0,013803692;131.827;131.043;130.907
03/10/2024;131.672;133.514;133.514;131.176;9820000;-0,0138;0;0,000911355;131.774;130.948;130.733
04/10/2024;131.792;131.672;131.936;131.156;7050000;0,0009;1;0,001714823;131.164;130.841;130.610
07/10/2024;132.018;131.792;132.943;131.676;7700000;0,0017;1;-0,003832811;130.609;130.802;130.458
08/10/2024;131.512;132.016;132.016;130.371;9090000;-0,0038;0;-0,011785997;130.102;130.700;130.437
09/10/2024;129.962;131.510;131.520;129.719;9220000;-0,0118;0;0,003008572;130.450;130.776;130.492
10/10/2024;130.353;129.963;130.418;129.835;7620000;0,003;1;-0,002769403;130.680;130.778;130.512
11/10/2024;129.992;130.354;130.354;129.338;7970000;-0,0028;0;0,007792787;131.266;130.772;130.492
14/10/2024;131.005;129.992;131.220;129.729;8500000;0,0078;1;0,000290065;131.195;130.519;130.286
15/10/2024;131.043;131.005;131.457;130.200;7980000;0,0003;1;0,005395176;131.014;130.379;130.249
16/10/2024;131.750;131.045;132.233;130.780;10280000;0,0054;1;-0,007263757;130.551;130.114;130.171
17/10/2024;130.793;131.716;131.716;129.902;7090000;-0,0073;0;-0,002247827;130.271;130.174;130.138
18/10/2024;130.499;130.793;131.725;130.121;8680000;-0,0022;0;-0,001049816;129.849;130.207;130.080
21/10/2024;130.362;130.499;131.124;130.157;7770000;-0,0011;0;-0,003152759;129.750;130.247;129.899
22/10/2024;129.951;130.346;130.346;129.094;8220000;-0,0031;0;-0,005525159;129.731;130.213;129.751
23/10/2024;129.233;129.949;129.949;128.589;7960000;-0,0055;0;0,00645346;130.391;130.054;129.641
24/10/2024;130.067;129.233;130.130;128.798;8310000;0,0065;1;-0,001337772;130.612;130.118;129.475
25/10/2024;129.893;130.067;130.529;129.806;8510000;-0,0013;0;0,01016221;130.861;130.227;129.325
28/10/2024;131.213;129.894;131.421;129.894;7140000;0,0102;1;-0,003681038;130.361;130.103;129.078
29/10/2024;130.730;131.214;131.765;130.693;7640000;-0,0037;0;-0,000696091;129.491;129.953;128.898
30/10/2024;130.639;130.730;131.027;130.473;7330000;-0,0007;0;-0,007088236;129.450;129.552;128.632
31/10/2024;129.713;130.639;130.798;129.642;9070000;-0,0071;0;-0,012273249;129.766;129.289;128.590
01/11/2024;128.121;129.718;129.902;128.070;9900000;-0,0123;0;0,018685461;130.506;129.229;128.655
04/11/2024;130.515;128.130;130.609;128.128;9010000;0,0187;1;0,001118645;130.228;128.831;128.613
05/11/2024;130.661;130.515;130.769;129.692;8560000;0,0011;1;-0,002449086;129.284;128.422;128.399
06/11/2024;130.341;130.613;130.670;128.822;10540000;-0,0024;0;-0,005055969;128.462;128.054;127.990
07/11/2024;129.682;130.341;131.319;129.406;10520000;-0,0051;0;-0,014281088;127.801;127.842;127.703
08/11/2024;127.830;129.647;129.647;126.973;13180000;-0,0143;0;0,000344207;127.769;127.712;127.518
11/11/2024;127.874;127.829;128.095;127.306;8400000;0,0003;1;-0,001376355;127.741;127.891;127.394
12/11/2024;127.698;127.873;128.210;127.411;9520000;-0,0014;0;0,000281915;127.765;128.082;127.279
13/11/2024;127.734;127.698;128.100;126.869;12690000;0,0003;1;0,000454069;127.919;128.395;127.288
14/11/2024;127.792;127.734;128.423;127.389;13140000;0,0005;1;-0,000187805;127.629;128.377;127.156
18/11/2024;127.768;127.791;128.277;127.226;10740000;-0,0002;0;0,003357648;128.082;127.926;127.116
19/11/2024;128.197;127.768;128.579;127.235;9100000;0,0034;1;-0,009945631;128.361;127.565;127.118
21/11/2024;126.922;128.197;128.197;126.594;10270000;-0,0099;0;0,017364996;129.361;127.324;127.309
22/11/2024;129.126;126.944;129.126;126.944;9190000;0,0174;1;-0,000696994;128.876;126.897;127.089
25/11/2024;129.036;129.125;129.495;128.932;14410000;-0,0007;0;0,006866301;127.400;126.476;126.773
26/11/2024;129.922;129.043;130.361;129.042;9750000;0,0069;1;-0,017341174;125.982;126.181;126.318
27/11/2024;127.669;129.923;130.283;127.669;12320000;-0,0173;0;-0,023960398;125.171;125.935;126.106
28/11/2024;124.610;127.667;127.668;124.390;12830000;-0,024;0;0,00849049;125.681;126.306;125.832
29/11/2024;125.668;124.611;126.056;123.946;16400000;0,0085;1;-0,003437629;125.821;126.672;125.512
02/12/2024;125.236;125.668;125.901;124.734;11520000;-0,0034;0;0,007210387;126.695;127.294;125.288
03/12/2024;126.139;125.235;126.417;125.233;9990000;0,0072;1;-0,000412244;126.630;127.281;124.905
04/12/2024;126.087;126.139;126.720;125.828;9390000;-0,0004;0;0,014045857;127.005;127.070;124.547
05/12/2024;127.858;126.088;127.989;126.087;9530000;0,014;1;-0,01495409;127.128;126.456;124.005
06/12/2024;125.946;127.856;127.872;125.833;11220000;-0,015;0;0,010036047;128.344;126.278;123.600
09/12/2024;127.210;125.946;127.542;125.946;9370000;0,01;1;0,008002516;127.954;125.358;123.094
10/12/2024;128.228;127.213;128.511;127.213;9140000;0,008;1;0,010645101;126.749;124.352;122.402
11/12/2024;129.593;128.228;130.899;127.362;13170000;0,0106;1;-0,027401171;124.738;123.282;121.718
12/12/2024;126.042;129.587;129.587;125.829;13450000;-0,0274;0;-0,011345425;124.290;122.528;121.369
13/12/2024;124.612;126.102;126.290;124.578;11760000;-0,0113;0;-0,008442205;123.010;122.024;121.013
16/12/2024;123.560;124.610;124.956;123.495;11070000;-0,0084;0;0,0092101;122.219;121.553;120.743
17/12/2024;124.698;123.560;125.301;123.560;17560000;0,0092;1;-0,031484066;121.354;120.923;120.326
18/12/2024;120.772;124.699;124.699;120.457;19740000;-0,0315;0;0,003444507;121.352;120.830;120.200
19/12/2024;121.188;120.768;121.770;120.768;13680000;0,0034;1;0,007542001;121.316;120.451;120.065
20/12/2024;122.102;121.183;122.209;120.700;18130000;0,0075;1;-0,010933482;120.705;120.154;120.104
23/12/2024;120.767;122.105;122.105;120.617;9950000;-0,0109;0;0,002575207;120.543;120.210;120.138
26/12/2024;121.078;120.767;121.612;120.428;8340000;0,0026;1;-0,006681643;120.226;120.003;120.228
27/12/2024;120.269;121.078;121.609;120.252;8940000;-0,0067;0;0,000116406;119.647;119.933;120.413
30/12/2024;120.283;120.267;121.050;120.158;8900000;0,0001;1;-0,001313569;119.560;119.729;120.631
02/01/2025;120.125;120.283;120.782;119.120;9370000;-0,0013;0;-0,013252862;119.906;119.570;120.835
03/01/2025;118.533;120.125;120.356;118.404;9800000;-0,0133;0;0,012561903;120.270;119.679;121.117
06/01/2025;120.022;118.534;120.322;118.534;9690000;0,0126;1;0,00950659;120.190;120.054;121.290
07/01/2025;121.163;120.022;121.713;120.022;11120000000;0,0095;1;-0,012693644;119.421;120.065;121.554
08/01/2025;119.625;121.160;121.160;119.351;10230000000;-0,0127;0;0,001304075;119.215;120.454;121.871
09/01/2025;119.781;119.625;120.145;119.502;6610000000;0,0013;1;-0,007722427;119.054;120.893;122.132
10/01/2025;118.856;119.781;120.052;118.732;9260000000;-0,0077;0;0,001270445;120.319;121.533;122.707
13/01/2025;119.007;118.856;119.729;118.743;8160000000;0,0013;1;0,002453637;121.061;122.100;123.216
14/01/2025;119.299;119.007;119.451;118.223;9350000000;0,0025;1;0,028089087;122.078;122.555;123.693
15/01/2025;122.650;119.309;122.988;119.303;11930000000;0,0281;1;-0,011545047;122.146;122.526;123.871
16/01/2025;121.234;122.649;122.660;120.796;11310000000;-0,0115;0;0,009205338;122.848;123.044;124.178
17/01/2025;122.350;121.258;122.674;121.074;10240000000;0,0092;1;0,004127503;123.055;123.288;124.455
20/01/2025;122.855;122.349;123.172;121.511;6050000000;0,0041;1;0,003931464;122.931;123.370;124.581
21/01/2025;123.338;122.850;123.462;122.290;7820000000;0,0039;1;-0,002967455;122.634;123.881;124.741
22/01/2025;122.972;123.345;123.865;122.926;9980000000;-0,003;0;-0,003976515;123.264;124.333;124.994
23/01/2025;122.483;122.965;123.958;122.159;9490000000;-0,004;0;-0,000293918;123.788;124.831;125.130
24/01/2025;122.447;122.483;122.908;122.196;7780000000;-0,0003;0;0,019722819;124.117;125.216;125.301
27/01/2025;124.862;122.443;124.862;122.207;11020000000;0,0197;1;-0,006455126;124.800;125.312;125.541
28/01/2025;124.056;124.861;124.881;123.973;8310000000;-0,0065;0;-0,005029986;125.493;125.622;125.862
29/01/2025;123.432;124.056;124.767;123.278;7350000000;-0,005;0;0,028201763;126.339;125.792;126.226
30/01/2025;126.913;123.433;127.169;123.432;11690000000;0,0282;1;-0,006130184;125.751;125.600;126.255
31/01/2025;126.135;126.914;127.532;126.057;10240000000;-0,0061;0;-0,001308122;125.550;125.656;126.359
03/02/2025;125.970;126.135;126.473;125.566;9550000000;-0,0013;0;-0,006533302;125.635;125.428;126.442
04/02/2025;125.147;125.964;125.964;124.694;9780000000;-0,0065;0;0,003092363;125.459;125.386;126.460
05/02/2025;125.534;125.146;125.846;124.637;9960000000;0,0031;1;0,005504485;125.472;125.770;126.492
06/02/2025;126.225;125.531;126.399;125.249;10030000000;0,0055;1;-0,012723312;125.571;126.102;126.388
07/02/2025;124.619;126.219;126.524;124.320;10950000000;-0,0127;0;0,007647309;125.491;126.661;126.401
10/02/2025;125.572;124.619;126.386;124.619;8910000000;0,0076;1;0,007565381;125.251;126.909;126.203
11/02/2025;126.522;125.571;126.886;125.570;11240000000;0,0076;1;-0,016929862;125.816;127.063;125.955
12/02/2025;124.380;126.513;126.513;124.116;14630000000;-0,0169;0;0,003778743;127.207;127.456;125.882
13/02/2025;124.850;124.372;124.853;123.778;9050000000;0,0038;1;0,026984381;128.434;127.535;125.895
14/02/2025;128.219;124.849;128.482;124.849;12560000000;0,027;1;0,002597119;128.131;127.215;125.631
17/02/2025;128.552;128.229;129.534;128.229;9970000000;0,0026;1;-0,000155579;127.814;126.674;125.270
18/02/2025;128.532;128.553;129.294;128.012;10990000000;-0,0002;0;-0,00951514;127.346;126.141;124.937
19/02/2025;127.309;128.528;128.528;127.028;9300000000;-0,0095;0;0,002293632;126.710;125.497;124.817
20/02/2025;127.601;127.309;127.871;127.063;10640000000;0,0023;1;-0,003706868;126.170;124.846;124.914
21/02/2025;127.128;127.601;127.654;126.483;11090000000;-0,0037;0;-0,013584733;125.383;124.308;125.179
24/02/2025;125.401;127.129;127.275;125.162;10150000000;-0,0136;0;0,004617188;125.183;124.255;125.613
25/02/2025;125.980;125.401;126.718;125.382;11080000000;0,0046;1;-0,009612637;124.122;124.047;126.079
26/02/2025;124.769;125.980;126.563;124.732;11360000000;-0,0096;0;0,000240444;123.548;123.866;126.592
27/02/2025;124.799;124.768;125.497;124.352;12550000000;0,0002;1;-0,016025769;123.068;123.733;127.131
28/02/2025;122.799;124.798;124.916;122.659;24870000000;-0,016;0;0,00201956;123.813;124.138;127.740
05/03/2025;123.047;122.799;123.364;122.747;9600000000;0,002;1;0,002527489;124.304;124.982;128.385
06/03/2025;123.358;123.048;124.112;122.681;10060000000;0,0025;1;0,013594578;124.354;126.050;129.039
07/03/2025;125.035;123.357;125.822;122.530;9980000000;0,0136;1;-0,004126844;123.963;126.970;129.619
10/03/2025;124.519;125.031;125.031;123.471;9370000000;-0,0041;0;-0,008127274;124.336;128.112;130.146
11/03/2025;123.507;124.519;124.625;122.636;8810000000;-0,0081;0;0,002890524;126.153;129.319;130.628
12/03/2025;123.864;123.507;124.048;122.969;8250000000;0,0029;1;0,014314086;128.476;130.530;131.148
13/03/2025;125.637;123.863;125.774;123.590;11260000000;0,0143;1;0,026425336;130.422;131.342;131.545
14/03/2025;128.957;125.647;129.194;125.647;14570000000;0,0264;1;0,014555239;131.606;131.787;131.701
17/03/2025;130.834;128.959;131.313;128.957;11060000000;0,0146;1;0,004899338;131.979;132.027;131.446
18/03/2025;131.475;130.832;131.834;130.722;10990000000;0,0049;1;0,007857007;132.269;132.267;131.025
19/03/2025;132.508;131.476;132.984;131.451;12200000000;0,0079;1;-0,004173333;131.874;132.180;130.412
20/03/2025;131.955;132.505;132.713;131.813;14190000000;-0,0042;0;0,002955553;131.911;131.938;130.115
21/03/2025;132.345;132.005;132.588;131.776;14190000000;0,003;1;-0,007737353;131.970;131.767;129.688
24/03/2025;131.321;132.344;132.424;130.992;8300000000;-0,0077;0;0,005688351;132.579;131.748;129.428
25/03/2025;132.068;131.327;133.471;131.325;9240000000;0,0057;1;0,003422479;132.524;131.616;129.241
26/03/2025;132.520;132.069;132.984;132.068;9400000000;0,0034;1;0,004746453;131.770;130.864;129.007
27/03/2025;133.149;132.522;133.904;132.479;10020000000;0,0047;1;-0,009365448;131.103;129.783;128.662
28/03/2025;131.902;133.143;133.143;131.315;8910000000;-0,0094;0;-0,012448636;130.866;128.645;128.501
31/03/2025;130.260;131.900;131.901;130.115;9990000000;-0,0125;0;0,006809458;131.159;128.293;128.516
01/04/2025;131.147;130.267;131.982;130.081;8970000000;0,0068;1;0,000327876;129.862;127.608;128.592
02/04/2025;131.190;131.151;131.424;130.393;8820000000;0,0003;1;-0,000373504;127.995;127.107;128.834
03/04/2025;131.141;131.185;132.552;130.182;12330000000;-0,0004;0;-0,029624603;125.592;126.866;129.091
04/04/2025;127.256;131.139;131.139;126.466;13180000000;-0,0296;0;-0,013107437;125.772;127.150;129.645
07/04/2025;125.588;127.229;128.411;123.876;14050000000;-0,0131;0;-0,013185973;126.028;127.540;130.324
08/04/2025;123.932;125.588;127.652;123.454;12810000000;-0,0132;0;0,031178388;127.278;128.357;131.120
09/04/2025;127.796;123.928;128.649;122.887;16920000000;0,0312;1;-0,011275783;127.830;128.738;131.644
10/04/2025;126.355;127.796;127.797;124.895;11460000000;-0,0113;0;0,010502157;128.794;129.575;132.153
11/04/2025;127.682;126.355;128.386;126.078;10080000000;0,0105;1;0,013878229;129.005;130.561;132.570
14/04/2025;129.454;127.683;129.955;127.683;10610000000;0,0139;1;-0,001614473;129.071;131.316;132.852
15/04/2025;129.245;129.452;129.927;128.951;8840000000;-0,0016;0;-0,007180162;129.477;132.140;133.351
16/04/2025;128.317;129.245;129.605;128.149;11540000000;-0,0072;0;0,010388335;130.777;133.108;133.936
17/04/2025;129.650;128.316;130.091;127.973;9980000000;0,0104;1;0,006278442;132.420;133.882;134.430
22/04/2025;130.464;129.650;130.877;128.726;8610000000;0,0063;1;0,013428992;133.845;134.549;135.037
23/04/2025;132.216;130.468;133.318;130.468;11340000000;0,0134;1;0,017879833;134.778;134.731;135.481
24/04/2025;134.580;132.245;134.938;132.223;14110000000;0,0179;1;0,001181453;134.949;134.579;135.820
25/04/2025;134.739;134.579;134.992;134.186;13050000000;0,0012;1;0,002055826;135.059;134.388;136.138
28/04/2025;135.016;134.741;135.709;134.711;11450000000;0,0021;1;0,000570303;135.098;134.562;136.468
29/04/2025;135.093;135.017;136.150;134.899;12760000000;0,0006;1;-0,00019246;134.564;134.764;136.826
30/04/2025;135.067;135.094;135.171;133.955;15450000000;-0,0002;0;0,00049605;134.047;134.978;137.027
02/05/2025;135.134;135.067;135.275;134.355;12740000000;0,0005;1;-0,012158302;133.468;135.525;137.180
05/05/2025;133.491;135.131;135.198;133.390;10800000000;-0,0122;0;0,000187279;134.382;136.230;137.489
06/05/2025;133.516;133.499;134.135;133.260;11140000000;0,0002;1;-0,000883789;135.381;137.061;137.819
07/05/2025;133.398;133.517;134.110;132.872;9940000000;-0,0009;0;0,021244696;136.436;137.888;138.258
08/05/2025;136.232;133.458;137.635;133.458;17200000000;0,0212;1;0,002055317;137.346;138.374;138.448
09/05/2025;136.512;136.232;137.286;136.105;13880000000;0,0021;1;0,000373594;137.983;138.888;138.592
12/05/2025;136.563;136.516;137.519;136.356;10920000000;0,0004;1;0,017574306;138.907;139.076;138.626
13/05/2025;138.963;136.565;139.419;136.550;13070000000;0,0176;1;-0,003885926;138.981;138.835;138.470
14/05/2025;138.423;138.965;139.362;138.228;11160000000;-0,0039;0;0,006581276;139.386;138.749;138.407
15/05/2025;139.334;138.425;139.408;138.321;11500000000;0,0066;1;-0,001055019;139.644;138.578;138.241
16/05/2025;139.187;139.335;139.335;137.713;12110000000;-0,0011;0;0,003225876;139.209;138.629;138.030
19/05/2025;139.636;139.186;140.203;138.587;9590000000;0,0032;1;0,00339454;138.421;138.522;137.778
20/05/2025;140.110;139.636;140.244;138.966;9650000000;0,0034;1;-0,015908929;137.659;138.297;137.463
21/05/2025;137.881;140.109;140.109;137.538;10150000000;-0,0159;0;-0,0044096;137.744;138.175;137.359
22/05/2025;137.273;137.881;138.837;137.088;13220000000;-0,0044;0;0,004013899;138.500;138.105;137.349
23/05/2025;137.824;137.273;137.824;134.997;10680000000;0,004;1;0,002263757;138.855;138.066;137.347
26/05/2025;138.136;137.824;138.800;137.795;5550000000;0,0023;1;0,010171136;138.988;137.904;137.281
27/05/2025;139.541;138.136;140.382;138.136;11190000000;0,0102;1;-0,004679628;138.150;137.431;137.261
28/05/2025;138.888;139.541;139.547;138.580;9730000000;-0,0047;0;-0,002548816;137.449;137.033;137.258
29/05/2025;138.534;138.869;139.108;137.993;8830000000;-0,0025;0;-0,010878196;137.120;136.628;137.271
30/05/2025;137.027;138.546;138.637;136.726;15140000000;-0,0109;0;-0,00175148;137.112;136.544;137.277
02/06/2025;136.787;137.026;138.471;136.483;9100000000;-0,0018;0;0,005548773;136.928;136.593;137.260
03/06/2025;137.546;136.787;137.672;136.175;9700000000;0,0056;1;-0,00395504;136.447;136.629;137.233
04/06/2025;137.002;137.547;138.797;136.695;10200000000;-0,004;0;-0,005591159;136.012;136.659;137.145
05/06/2025;136.236;137.003;137.451;136.031;9480000000;-0,0056;0;-0,000983587;136.079;137.091;137.207
06/06/2025;136.102;136.236;136.890;135.601;9120000000;-0,001;0;-0,002961015;136.421;137.482;137.262
09/06/2025;135.699;136.102;136.106;134.119;7760000000;-0,003;0;0,005431138;137.121;137.913;137.487
10/06/2025;136.436;135.716;137.369;135.716;8190000000;0,0054;1;0,005071975;137.380;138.010;137.710
11/06/2025;137.128;136.443;137.531;135.628;8770000000;0,0051;1;0,004900531;138.090;137.928;137.847
12/06/2025;137.800;137.127;137.931;136.175;7120000000;0,0049;1;-0,004259797;138.436;137.837;138.071
13/06/2025;137.213;137.800;137.800;136.586;8630000000;-0,0043;0;0,01488926;138.938;137.630;138.360
